timestamp,demand_mw,temperature_c,humidity_pct,rainfall_mm,wind_speed_kmh,hour,day_of_week,day_of_year,is_weekend,month
2025-04-02 11:03:09.822246,655.43,22.8,42.03,0.0,15.61,11,2,92,0,4
2025-04-02 12:03:09.822246,621.62,11.46,48.03,6.46,16.45,12,2,92,0,4
2025-04-02 13:03:09.822246,716.36,12.0,32.24,0.0,6.83,13,2,92,0,4
2025-04-02 14:03:09.822246,670.23,20.84,57.78,0.0,2.47,14,2,92,0,4
2025-04-02 15:03:09.822246,565.21,17.62,20.35,0.0,3.29,15,2,92,0,4
2025-04-02 16:03:09.822246,566.5,15.66,55.38,0.0,0.0,16,2,92,0,4
2025-04-02 17:03:09.822246,639.91,23.02,40.37,0.0,0.0,17,2,92,0,4
2025-04-02 18:03:09.822246,527.42,18.88,50.85,0.0,11.12,18,2,92,0,4
2025-04-02 19:03:09.822246,488.62,18.2,44.46,0.0,4.7,19,2,92,0,4
2025-04-02 20:03:09.822246,549.64,21.84,44.29,0.0,8.2,20,2,92,0,4
2025-04-02 21:03:09.822246,497.59,16.07,46.37,0.0,8.23,21,2,92,0,4
2025-04-02 22:03:09.822246,500.97,25.78,48.92,0.0,10.58,22,2,92,0,4
2025-04-02 23:03:09.822246,575.62,14.0,37.54,0.0,13.9,23,2,92,0,4
2025-04-03 00:03:09.822246,443.84,21.48,51.08,0.0,17.94,0,3,93,0,4
2025-04-03 01:03:09.822246,472.37,25.37,29.89,0.0,19.43,1,3,93,0,4
2025-04-03 02:03:09.822246,540.23,11.31,40.68,0.0,33.94,2,3,93,0,4
2025-04-03 03:03:09.822246,456.75,16.48,49.09,0.0,16.94,3,3,93,0,4
2025-04-03 04:03:09.822246,548.35,23.91,50.68,0.0,18.36,4,3,93,0,4
2025-04-03 05:03:09.822246,515.18,23.98,45.34,0.0,21.92,5,3,93,0,4
2025-04-03 06:03:09.822246,432.02,17.34,36.8,0.0,18.39,6,3,93,0,4
2025-04-03 07:03:09.822246,620.4,14.52,49.7,0.0,23.22,7,3,93,0,4
2025-04-03 08:03:09.822246,572.56,22.98,34.04,0.0,18.88,8,3,93,0,4
2025-04-03 09:03:09.822246,623.44,24.11,58.24,0.0,22.48,9,3,93,0,4
2025-04-03 10:03:09.822246,580.69,12.37,39.88,0.0,20.37,10,3,93,0,4
2025-04-03 11:03:09.822246,628.48,12.18,25.33,0.0,11.06,11,3,93,0,4
2025-04-03 12:03:09.822246,602.44,19.32,28.78,0.0,18.83,12,3,93,0,4
2025-04-03 13:03:09.822246,569.13,21.34,41.17,0.0,8.4,13,3,93,0,4
2025-04-03 14:03:09.822246,623.06,16.7,42.13,0.0,5.31,14,3,93,0,4
2025-04-03 15:03:09.822246,569.03,21.59,60.43,0.0,10.13,15,3,93,0,4
2025-04-03 16:03:09.822246,573.31,14.65,30.35,0.0,6.34,16,3,93,0,4
2025-04-03 17:03:09.822246,564.95,7.62,41.13,0.0,5.35,17,3,93,0,4
2025-04-03 18:03:09.822246,672.4,16.08,30.14,0.0,0.04,18,3,93,0,4
2025-04-03 19:03:09.822246,496.63,18.51,35.8,0.0,0.0,19,3,93,0,4
2025-04-03 20:03:09.822246,461.85,16.82,57.57,0.0,10.33,20,3,93,0,4
2025-04-03 21:03:09.822246,614.05,12.4,29.37,0.0,7.56,21,3,93,0,4
2025-04-03 22:03:09.822246,541.77,9.12,46.6,0.0,11.15,22,3,93,0,4
2025-04-03 23:03:09.822246,559.26,15.63,44.66,0.0,13.17,23,3,93,0,4
2025-04-04 00:03:09.822246,424.73,22.94,40.4,0.0,18.39,0,4,94,0,4
2025-04-04 01:03:09.822246,454.01,24.73,45.84,0.0,17.3,1,4,94,0,4
2025-04-04 02:03:09.822246,561.61,24.39,29.04,0.0,18.84,2,4,94,0,4
2025-04-04 03:03:09.822246,577.45,14.37,57.2,0.0,25.66,3,4,94,0,4
2025-04-04 04:03:09.822246,547.26,12.68,59.89,0.0,34.83,4,4,94,0,4
2025-04-04 05:03:09.822246,532.86,20.94,41.11,0.0,18.45,5,4,94,0,4
2025-04-04 06:03:09.822246,502.65,21.63,64.87,0.21,22.26,6,4,94,0,4
2025-04-04 07:03:09.822246,440.52,20.45,36.65,0.0,26.12,7,4,94,0,4
2025-04-04 08:03:09.822246,587.03,8.38,44.65,0.0,12.78,8,4,94,0,4
2025-04-04 09:03:09.822246,582.72,14.12,54.96,0.0,27.62,9,4,94,0,4
2025-04-04 10:03:09.822246,640.56,18.31,36.05,0.0,23.97,10,4,94,0,4
2025-04-04 11:03:09.822246,636.92,20.89,26.83,0.0,17.74,11,4,94,0,4
2025-04-04 12:03:09.822246,544.9,22.29,24.52,9.36,17.33,12,4,94,0,4
2025-04-04 13:03:09.822246,579.09,19.17,61.25,0.0,19.95,13,4,94,0,4
2025-04-04 14:03:09.822246,602.27,20.11,35.35,0.0,11.45,14,4,94,0,4
2025-04-04 15:03:09.822246,575.13,18.88,38.78,0.0,1.6,15,4,94,0,4
2025-04-04 16:03:09.822246,600.24,21.88,29.51,0.0,11.14,16,4,94,0,4
2025-04-04 17:03:09.822246,574.28,20.02,50.12,0.0,9.97,17,4,94,0,4
2025-04-04 18:03:09.822246,576.04,18.78,32.83,0.0,6.04,18,4,94,0,4
2025-04-04 19:03:09.822246,485.09,17.11,35.73,0.0,18.42,19,4,94,0,4
2025-04-04 20:03:09.822246,492.16,18.86,43.64,0.0,5.82,20,4,94,0,4
2025-04-04 21:03:09.822246,523.3,20.88,30.0,0.0,0.0,21,4,94,0,4
2025-04-04 22:03:09.822246,565.93,19.79,38.86,0.0,11.3,22,4,94,0,4
2025-04-04 23:03:09.822246,516.94,20.36,54.66,0.0,13.15,23,4,94,0,4
2025-04-05 00:03:09.822246,423.07,25.42,44.84,0.0,26.13,0,5,95,1,4
2025-04-05 01:03:09.822246,382.62,20.04,41.86,0.0,19.37,1,5,95,1,4
2025-04-05 02:03:09.822246,376.66,15.47,42.71,0.0,18.79,2,5,95,1,4
2025-04-05 03:03:09.822246,494.18,23.13,36.67,3.7,15.79,3,5,95,1,4
2025-04-05 04:03:09.822246,551.48,11.88,60.52,5.47,32.7,4,5,95,1,4
2025-04-05 05:03:09.822246,436.74,13.3,32.44,0.0,13.25,5,5,95,1,4
2025-04-05 06:03:09.822246,495.12,20.39,42.67,0.0,27.35,6,5,95,1,4
2025-04-05 07:03:09.822246,487.14,21.29,41.71,0.0,14.61,7,5,95,1,4
2025-04-05 08:03:09.822246,512.95,12.49,50.65,0.0,22.2,8,5,95,1,4
2025-04-05 09:03:09.822246,536.79,16.8,51.59,0.0,20.29,9,5,95,1,4
2025-04-05 10:03:09.822246,622.36,15.68,40.24,0.0,16.57,10,5,95,1,4
2025-04-05 11:03:09.822246,553.51,16.28,43.46,0.0,15.74,11,5,95,1,4
2025-04-05 12:03:09.822246,655.3,23.43,43.84,0.0,15.7,12,5,95,1,4
2025-04-05 13:03:09.822246,372.03,22.24,20.0,0.0,10.11,13,5,95,1,4
2025-04-05 14:03:09.822246,535.07,18.61,24.67,0.0,9.41,14,5,95,1,4
2025-04-05 15:03:09.822246,524.65,15.98,34.51,0.0,4.46,15,5,95,1,4
2025-04-05 16:03:09.822246,514.05,11.96,34.94,0.0,5.13,16,5,95,1,4
2025-04-05 17:03:09.822246,457.96,25.81,28.56,0.0,10.21,17,5,95,1,4
2025-04-05 18:03:09.822246,339.27,21.67,48.05,4.01,2.69,18,5,95,1,4
2025-04-05 19:03:09.822246,429.6,15.18,40.58,0.0,13.15,19,5,95,1,4
2025-04-05 20:03:09.822246,435.08,22.31,38.41,0.0,11.2,20,5,95,1,4
2025-04-05 21:03:09.822246,510.18,18.36,28.0,0.0,12.04,21,5,95,1,4
2025-04-05 22:03:09.822246,433.5,17.27,40.11,0.0,10.04,22,5,95,1,4
2025-04-05 23:03:09.822246,432.56,20.89,20.0,11.3,7.66,23,5,95,1,4
2025-04-06 00:03:09.822246,471.43,15.26,38.85,0.0,15.49,0,6,96,1,4
2025-04-06 01:03:09.822246,514.95,17.25,41.11,0.0,26.38,1,6,96,1,4
2025-04-06 02:03:09.822246,455.56,19.58,42.9,0.0,15.87,2,6,96,1,4
2025-04-06 03:03:09.822246,419.53,16.47,24.84,0.0,23.54,3,6,96,1,4
2025-04-06 04:03:09.822246,470.74,22.31,42.73,0.0,19.12,4,6,96,1,4
2025-04-06 05:03:09.822246,479.91,28.31,30.07,0.0,22.65,5,6,96,1,4
2025-04-06 06:03:09.822246,525.36,15.2,32.36,0.0,26.5,6,6,96,1,4
2025-04-06 07:03:09.822246,500.09,10.64,47.66,0.0,26.48,7,6,96,1,4
2025-04-06 08:03:09.822246,496.06,8.96,60.62,0.0,24.25,8,6,96,1,4
2025-04-06 09:03:09.822246,484.61,18.22,40.99,1.18,25.1,9,6,96,1,4
2025-04-06 10:03:09.822246,484.85,15.65,32.31,0.0,22.27,10,6,96,1,4
2025-04-06 11:03:09.822246,539.43,20.01,42.37,0.0,15.95,11,6,96,1,4
2025-04-06 12:03:09.822246,537.18,19.63,49.87,0.0,18.62,12,6,96,1,4
2025-04-06 13:03:09.822246,595.8,10.95,46.69,0.0,7.58,13,6,96,1,4
2025-04-06 14:03:09.822246,545.77,9.89,67.91,0.0,8.71,14,6,96,1,4
2025-04-06 15:03:09.822246,445.87,20.45,33.33,0.0,5.61,15,6,96,1,4
2025-04-06 16:03:09.822246,454.92,19.65,43.0,0.0,8.2,16,6,96,1,4
2025-04-06 17:03:09.822246,499.42,16.84,55.97,0.0,0.0,17,6,96,1,4
2025-04-06 18:03:09.822246,462.04,10.68,55.34,0.0,3.0,18,6,96,1,4
2025-04-06 19:03:09.822246,422.49,21.32,20.98,0.0,7.62,19,6,96,1,4
2025-04-06 20:03:09.822246,482.92,25.33,40.45,0.0,18.69,20,6,96,1,4
2025-04-06 21:03:09.822246,538.37,20.36,55.32,0.0,8.18,21,6,96,1,4
2025-04-06 22:03:09.822246,457.23,14.73,69.39,0.0,4.59,22,6,96,1,4
2025-04-06 23:03:09.822246,441.15,19.19,47.52,0.0,15.78,23,6,96,1,4
2025-04-07 00:03:09.822246,560.59,12.4,36.73,0.0,11.6,0,0,97,0,4
2025-04-07 01:03:09.822246,436.04,24.52,30.32,0.0,10.8,1,0,97,0,4
2025-04-07 02:03:09.822246,481.91,19.63,62.6,0.0,20.91,2,0,97,0,4
2025-04-07 03:03:09.822246,571.89,10.38,47.7,0.0,28.68,3,0,97,0,4
2025-04-07 04:03:09.822246,663.35,17.72,31.93,0.0,19.65,4,0,97,0,4
2025-04-07 05:03:09.822246,501.07,21.54,38.38,0.0,23.6,5,0,97,0,4
2025-04-07 06:03:09.822246,521.33,17.56,43.51,0.0,28.46,6,0,97,0,4
2025-04-07 07:03:09.822246,571.0,17.85,45.85,0.0,29.77,7,0,97,0,4
2025-04-07 08:03:09.822246,538.65,13.1,31.41,0.0,30.79,8,0,97,0,4
2025-04-07 09:03:09.822246,646.06,22.06,34.27,0.0,18.58,9,0,97,0,4
2025-04-07 10:03:09.822246,652.16,15.98,23.88,0.0,19.37,10,0,97,0,4
2025-04-07 11:03:09.822246,732.54,8.44,50.81,0.0,6.74,11,0,97,0,4
2025-04-07 12:03:09.822246,582.44,17.37,36.99,0.0,13.03,12,0,97,0,4
2025-04-07 13:03:09.822246,705.76,24.13,45.07,0.0,7.17,13,0,97,0,4
2025-04-07 14:03:09.822246,536.45,17.29,54.63,0.0,10.7,14,0,97,0,4
2025-04-07 15:03:09.822246,649.45,27.92,42.61,0.0,12.36,15,0,97,0,4
2025-04-07 16:03:09.822246,669.55,21.37,39.28,0.0,9.79,16,0,97,0,4
2025-04-07 17:03:09.822246,500.26,20.92,42.35,0.0,0.0,17,0,97,0,4
2025-04-07 18:03:09.822246,466.06,18.58,41.04,0.0,3.01,18,0,97,0,4
2025-04-07 19:03:09.822246,524.75,18.88,52.87,0.0,7.65,19,0,97,0,4
2025-04-07 20:03:09.822246,487.47,17.91,43.52,0.0,6.96,20,0,97,0,4
2025-04-07 21:03:09.822246,433.13,17.71,34.96,0.0,4.41,21,0,97,0,4
2025-04-07 22:03:09.822246,531.27,21.88,50.89,0.0,11.87,22,0,97,0,4
2025-04-07 23:03:09.822246,483.68,14.55,52.71,0.0,16.24,23,0,97,0,4
2025-04-08 00:03:09.822246,541.79,14.1,26.96,0.0,14.05,0,1,98,0,4
2025-04-08 01:03:09.822246,475.49,13.87,55.67,0.0,12.64,1,1,98,0,4
2025-04-08 02:03:09.822246,638.57,29.71,43.99,0.0,21.89,2,1,98,0,4
2025-04-08 03:03:09.822246,464.36,22.14,43.17,0.0,17.76,3,1,98,0,4
2025-04-08 04:03:09.822246,464.28,21.01,50.41,0.0,30.27,4,1,98,0,4
2025-04-08 05:03:09.822246,594.66,14.2,34.67,0.0,11.47,5,1,98,0,4
2025-04-08 06:03:09.822246,435.2,22.6,49.88,0.0,23.38,6,1,98,0,4
2025-04-08 07:03:09.822246,544.12,18.9,36.57,0.0,20.21,7,1,98,0,4
2025-04-08 08:03:09.822246,608.3,20.55,25.59,0.0,27.22,8,1,98,0,4
2025-04-08 09:03:09.822246,506.97,14.6,30.36,0.0,29.24,9,1,98,0,4
2025-04-08 10:03:09.822246,612.55,20.29,46.01,0.0,16.73,10,1,98,0,4
2025-04-08 11:03:09.822246,618.15,17.36,30.89,0.0,12.9,11,1,98,0,4
2025-04-08 12:03:09.822246,664.84,15.66,56.44,0.0,18.22,12,1,98,0,4
2025-04-08 13:03:09.822246,522.77,23.15,52.23,0.0,3.46,13,1,98,0,4
2025-04-08 14:03:09.822246,605.09,11.8,53.68,0.0,11.23,14,1,98,0,4
2025-04-08 15:03:09.822246,624.0,22.31,41.59,0.0,7.76,15,1,98,0,4
2025-04-08 16:03:09.822246,615.8,22.91,42.92,0.0,5.25,16,1,98,0,4
2025-04-08 17:03:09.822246,597.02,15.09,28.4,0.0,1.15,17,1,98,0,4
2025-04-08 18:03:09.822246,572.66,15.38,50.3,0.0,0.0,18,1,98,0,4
2025-04-08 19:03:09.822246,477.7,18.37,44.14,0.0,10.21,19,1,98,0,4
2025-04-08 20:03:09.822246,525.49,20.89,46.01,0.0,9.49,20,1,98,0,4
2025-04-08 21:03:09.822246,509.62,18.72,57.22,0.0,7.64,21,1,98,0,4
2025-04-08 22:03:09.822246,482.79,21.65,34.28,0.0,11.15,22,1,98,0,4
2025-04-08 23:03:09.822246,618.39,28.3,39.08,0.0,11.66,23,1,98,0,4
2025-04-09 00:03:09.822246,573.4,17.2,43.55,0.0,19.91,0,2,99,0,4
2025-04-09 01:03:09.822246,510.01,11.17,30.93,0.0,16.59,1,2,99,0,4
2025-04-09 02:03:09.822246,572.11,23.87,38.41,0.0,19.84,2,2,99,0,4
2025-04-09 03:03:09.822246,488.3,28.16,45.21,0.0,22.81,3,2,99,0,4
2025-04-09 04:03:09.822246,578.71,21.71,37.03,0.0,21.74,4,2,99,0,4
2025-04-09 05:03:09.822246,562.27,14.3,53.37,3.34,24.2,5,2,99,0,4
2025-04-09 06:03:09.822246,468.71,19.12,25.17,0.0,24.34,6,2,99,0,4
2025-04-09 07:03:09.822246,613.84,14.15,51.51,0.0,21.23,7,2,99,0,4
2025-04-09 08:03:09.822246,625.47,22.96,46.89,0.0,18.9,8,2,99,0,4
2025-04-09 09:03:09.822246,628.44,12.99,34.59,0.0,21.08,9,2,99,0,4
2025-04-09 10:03:09.822246,724.82,18.24,31.04,0.0,18.49,10,2,99,0,4
2025-04-09 11:03:09.822246,641.34,14.72,20.0,0.0,22.88,11,2,99,0,4
2025-04-09 12:03:09.822246,595.89,20.38,32.33,0.0,10.19,12,2,99,0,4
2025-04-09 13:03:09.822246,558.57,17.91,50.75,0.0,9.62,13,2,99,0,4
2025-04-09 14:03:09.822246,565.4,20.63,39.72,0.0,10.92,14,2,99,0,4
2025-04-09 15:03:09.822246,593.11,19.85,51.91,0.0,9.92,15,2,99,0,4
2025-04-09 16:03:09.822246,606.37,14.81,34.08,0.0,5.64,16,2,99,0,4
2025-04-09 17:03:09.822246,568.7,22.88,47.35,0.0,9.43,17,2,99,0,4
2025-04-09 18:03:09.822246,561.06,19.5,33.11,1.03,4.48,18,2,99,0,4
2025-04-09 19:03:09.822246,521.37,14.8,30.63,0.0,1.0,19,2,99,0,4
2025-04-09 20:03:09.822246,621.81,30.95,39.21,0.0,6.14,20,2,99,0,4
2025-04-09 21:03:09.822246,520.38,22.12,33.63,0.0,11.65,21,2,99,0,4
2025-04-09 22:03:09.822246,636.56,18.98,24.85,0.0,14.86,22,2,99,0,4
2025-04-09 23:03:09.822246,579.48,26.82,38.46,0.0,17.13,23,2,99,0,4
2025-04-10 00:03:09.822246,484.0,29.21,41.29,0.0,15.97,0,3,100,0,4
2025-04-10 01:03:09.822246,452.26,19.27,52.91,0.0,18.9,1,3,100,0,4
2025-04-10 02:03:09.822246,569.38,21.74,49.59,0.0,22.95,2,3,100,0,4
2025-04-10 03:03:09.822246,524.32,15.06,52.43,0.0,13.93,3,3,100,0,4
2025-04-10 04:03:09.822246,569.67,19.26,47.43,0.0,20.07,4,3,100,0,4
2025-04-10 05:03:09.822246,568.73,19.0,43.55,0.0,26.15,5,3,100,0,4
2025-04-10 06:03:09.822246,525.53,20.92,27.94,0.0,20.07,6,3,100,0,4
2025-04-10 07:03:09.822246,507.08,21.66,41.73,0.0,30.42,7,3,100,0,4
2025-04-10 08:03:09.822246,492.66,22.8,46.19,0.0,29.0,8,3,100,0,4
2025-04-10 09:03:09.822246,556.51,21.19,54.8,0.0,19.36,9,3,100,0,4
2025-04-10 10:03:09.822246,659.71,13.95,47.09,9.28,15.47,10,3,100,0,4
2025-04-10 11:03:09.822246,659.23,15.31,52.63,0.0,19.74,11,3,100,0,4
2025-04-10 12:03:09.822246,562.18,17.27,29.91,0.0,8.61,12,3,100,0,4
2025-04-10 13:03:09.822246,635.91,18.59,36.96,0.0,13.11,13,3,100,0,4
2025-04-10 14:03:09.822246,671.56,25.25,44.52,0.0,24.15,14,3,100,0,4
2025-04-10 15:03:09.822246,600.7,14.19,51.84,0.0,2.89,15,3,100,0,4
2025-04-10 16:03:09.822246,587.06,18.21,38.77,0.0,2.43,16,3,100,0,4
2025-04-10 17:03:09.822246,572.97,24.77,39.4,0.0,2.25,17,3,100,0,4
2025-04-10 18:03:09.822246,452.79,18.5,47.1,0.0,0.51,18,3,100,0,4
2025-04-10 19:03:09.822246,554.68,22.3,28.97,0.0,1.1,19,3,100,0,4
2025-04-10 20:03:09.822246,521.02,19.3,56.3,0.0,14.93,20,3,100,0,4
2025-04-10 21:03:09.822246,569.02,21.28,31.44,0.0,8.24,21,3,100,0,4
2025-04-10 22:03:09.822246,544.51,18.86,21.04,0.0,14.55,22,3,100,0,4
2025-04-10 23:03:09.822246,428.42,23.34,40.33,0.0,18.41,23,3,100,0,4
2025-04-11 00:03:09.822246,502.3,12.53,57.16,0.0,5.98,0,4,101,0,4
2025-04-11 01:03:09.822246,519.41,18.44,46.04,0.0,13.74,1,4,101,0,4
2025-04-11 02:03:09.822246,529.09,21.74,47.69,0.0,15.47,2,4,101,0,4
2025-04-11 03:03:09.822246,554.52,22.93,40.59,0.0,8.91,3,4,101,0,4
2025-04-11 04:03:09.822246,755.81,27.72,38.65,0.0,25.79,4,4,101,0,4
2025-04-11 05:03:09.822246,581.91,18.3,24.73,0.0,26.18,5,4,101,0,4
2025-04-11 06:03:09.822246,562.71,27.66,20.0,0.0,31.61,6,4,101,0,4
2025-04-11 07:03:09.822246,576.98,16.96,42.14,0.0,27.03,7,4,101,0,4
2025-04-11 08:03:09.822246,584.85,26.9,53.3,0.0,10.62,8,4,101,0,4
2025-04-11 09:03:09.822246,556.73,24.35,43.62,0.0,18.56,9,4,101,0,4
2025-04-11 10:03:09.822246,662.0,15.69,46.41,0.0,16.85,10,4,101,0,4
2025-04-11 11:03:09.822246,571.75,21.79,56.01,0.0,20.15,11,4,101,0,4
2025-04-11 12:03:09.822246,561.55,20.0,43.47,0.0,1.74,12,4,101,0,4
2025-04-11 13:03:09.822246,601.3,23.39,38.95,0.0,15.13,13,4,101,0,4
2025-04-11 14:03:09.822246,631.34,19.14,31.99,0.0,13.94,14,4,101,0,4
2025-04-11 15:03:09.822246,677.2,18.72,60.4,0.0,6.68,15,4,101,0,4
2025-04-11 16:03:09.822246,506.0,27.1,45.44,10.53,2.34,16,4,101,0,4
2025-04-11 17:03:09.822246,598.75,19.76,30.74,0.0,11.23,17,4,101,0,4
2025-04-11 18:03:09.822246,429.08,24.39,28.47,0.0,0.0,18,4,101,0,4
2025-04-11 19:03:09.822246,484.49,19.13,52.71,0.0,11.07,19,4,101,0,4
2025-04-11 20:03:09.822246,573.41,28.59,29.8,0.0,10.88,20,4,101,0,4
2025-04-11 21:03:09.822246,551.37,16.87,58.72,0.0,10.73,21,4,101,0,4
2025-04-11 22:03:09.822246,473.94,17.19,20.0,0.0,19.08,22,4,101,0,4
2025-04-11 23:03:09.822246,496.88,27.88,54.4,0.0,12.5,23,4,101,0,4
2025-04-12 00:03:09.822246,463.19,18.29,45.0,0.0,18.11,0,5,102,1,4
2025-04-12 01:03:09.822246,449.21,28.52,41.32,0.0,17.35,1,5,102,1,4
2025-04-12 02:03:09.822246,428.1,24.98,38.38,0.0,18.39,2,5,102,1,4
2025-04-12 03:03:09.822246,411.57,19.74,59.04,0.0,24.71,3,5,102,1,4
2025-04-12 04:03:09.822246,438.97,11.45,47.21,0.0,22.14,4,5,102,1,4
2025-04-12 05:03:09.822246,551.52,20.42,31.1,0.0,24.97,5,5,102,1,4
2025-04-12 06:03:09.822246,470.33,21.02,22.95,0.0,25.34,6,5,102,1,4
2025-04-12 07:03:09.822246,351.84,26.35,41.91,0.0,22.64,7,5,102,1,4
2025-04-12 08:03:09.822246,545.97,28.46,40.12,0.0,27.33,8,5,102,1,4
2025-04-12 09:03:09.822246,500.16,17.09,24.94,0.0,13.21,9,5,102,1,4
2025-04-12 10:03:09.822246,596.32,24.52,39.58,0.0,16.52,10,5,102,1,4
2025-04-12 11:03:09.822246,503.48,24.34,34.4,0.0,12.72,11,5,102,1,4
2025-04-12 12:03:09.822246,536.68,25.88,40.23,0.0,16.54,12,5,102,1,4
2025-04-12 13:03:09.822246,590.16,23.01,47.39,0.0,11.22,13,5,102,1,4
2025-04-12 14:03:09.822246,590.9,10.8,55.06,0.0,2.91,14,5,102,1,4
2025-04-12 15:03:09.822246,439.09,19.74,49.22,0.0,10.28,15,5,102,1,4
2025-04-12 16:03:09.822246,502.49,14.74,32.92,0.0,7.48,16,5,102,1,4
2025-04-12 17:03:09.822246,454.39,19.5,43.82,0.0,5.52,17,5,102,1,4
2025-04-12 18:03:09.822246,404.39,25.42,40.77,0.0,8.9,18,5,102,1,4
2025-04-12 19:03:09.822246,548.91,22.04,26.81,0.0,7.95,19,5,102,1,4
2025-04-12 20:03:09.822246,465.06,26.26,44.12,0.0,5.17,20,5,102,1,4
2025-04-12 21:03:09.822246,388.51,22.23,58.7,0.0,10.01,21,5,102,1,4
2025-04-12 22:03:09.822246,513.39,14.02,40.46,0.0,16.85,22,5,102,1,4
2025-04-12 23:03:09.822246,592.33,7.91,24.19,0.0,11.64,23,5,102,1,4
2025-04-13 00:03:09.822246,455.24,21.52,40.4,0.0,21.23,0,6,103,1,4
2025-04-13 01:03:09.822246,328.7,19.7,27.96,0.0,27.06,1,6,103,1,4
2025-04-13 02:03:09.822246,439.57,15.89,48.73,0.0,21.65,2,6,103,1,4
2025-04-13 03:03:09.822246,534.58,12.27,45.35,0.0,17.04,3,6,103,1,4
2025-04-13 04:03:09.822246,413.64,17.1,38.39,0.0,22.17,4,6,103,1,4
2025-04-13 05:03:09.822246,440.96,19.8,36.79,0.0,25.47,5,6,103,1,4
2025-04-13 06:03:09.822246,475.09,24.1,37.98,0.0,25.1,6,6,103,1,4
2025-04-13 07:03:09.822246,420.88,21.72,40.18,0.0,25.3,7,6,103,1,4
2025-04-13 08:03:09.822246,507.92,28.81,32.38,0.0,29.74,8,6,103,1,4
2025-04-13 09:03:09.822246,363.17,15.6,26.22,0.0,17.82,9,6,103,1,4
2025-04-13 10:03:09.822246,461.16,25.18,51.48,0.0,21.84,10,6,103,1,4
2025-04-13 11:03:09.822246,514.11,21.01,36.24,0.0,22.19,11,6,103,1,4
2025-04-13 12:03:09.822246,467.79,24.25,41.77,0.0,13.75,12,6,103,1,4
2025-04-13 13:03:09.822246,613.2,18.59,42.95,0.0,7.28,13,6,103,1,4
2025-04-13 14:03:09.822246,447.31,26.13,43.32,0.0,8.97,14,6,103,1,4
2025-04-13 15:03:09.822246,509.31,22.25,28.36,0.0,2.72,15,6,103,1,4
2025-04-13 16:03:09.822246,460.49,17.38,23.34,0.0,2.81,16,6,103,1,4
2025-04-13 17:03:09.822246,545.94,20.71,34.21,0.0,8.25,17,6,103,1,4
2025-04-13 18:03:09.822246,347.4,19.58,44.06,0.0,6.32,18,6,103,1,4
2025-04-13 19:03:09.822246,510.07,23.22,32.82,0.0,8.9,19,6,103,1,4
2025-04-13 20:03:09.822246,458.78,14.88,36.55,0.0,8.76,20,6,103,1,4
2025-04-13 21:03:09.822246,367.01,20.63,61.37,0.0,6.9,21,6,103,1,4
2025-04-13 22:03:09.822246,451.98,22.75,21.64,0.0,4.95,22,6,103,1,4
2025-04-13 23:03:09.822246,458.99,20.94,32.55,0.0,14.03,23,6,103,1,4
2025-04-14 00:03:09.822246,514.37,27.77,59.03,0.0,12.33,0,0,104,0,4
2025-04-14 01:03:09.822246,524.87,24.9,39.62,0.0,16.89,1,0,104,0,4
2025-04-14 02:03:09.822246,480.05,20.99,33.01,0.0,16.43,2,0,104,0,4
2025-04-14 03:03:09.822246,513.91,22.12,51.75,0.0,26.59,3,0,104,0,4
2025-04-14 04:03:09.822246,581.11,22.51,40.62,0.0,12.46,4,0,104,0,4
2025-04-14 05:03:09.822246,626.96,23.05,36.58,0.0,27.24,5,0,104,0,4
2025-04-14 06:03:09.822246,514.84,11.9,41.99,0.0,25.75,6,0,104,0,4
2025-04-14 07:03:09.822246,670.25,19.52,33.49,0.0,29.09,7,0,104,0,4
2025-04-14 08:03:09.822246,472.6,13.61,29.89,0.0,17.55,8,0,104,0,4
2025-04-14 09:03:09.822246,603.97,27.42,38.93,0.0,21.84,9,0,104,0,4
2025-04-14 10:03:09.822246,610.03,20.73,29.96,0.0,17.86,10,0,104,0,4
2025-04-14 11:03:09.822246,631.19,20.07,40.17,0.0,16.8,11,0,104,0,4
2025-04-14 12:03:09.822246,595.61,25.52,43.61,0.0,15.09,12,0,104,0,4
2025-04-14 13:03:09.822246,595.74,23.14,48.6,0.0,10.01,13,0,104,0,4
2025-04-14 14:03:09.822246,579.48,15.39,51.35,0.0,9.46,14,0,104,0,4
2025-04-14 15:03:09.822246,532.22,20.68,36.01,0.0,14.12,15,0,104,0,4
2025-04-14 16:03:09.822246,612.16,19.36,45.06,0.0,13.58,16,0,104,0,4
2025-04-14 17:03:09.822246,595.18,12.31,44.99,0.0,6.53,17,0,104,0,4
2025-04-14 18:03:09.822246,465.67,17.58,43.35,0.0,12.33,18,0,104,0,4
2025-04-14 19:03:09.822246,566.06,20.11,35.27,0.0,0.0,19,0,104,0,4
2025-04-14 20:03:09.822246,526.56,20.46,29.79,0.0,10.36,20,0,104,0,4
2025-04-14 21:03:09.822246,555.72,13.62,45.09,3.57,8.99,21,0,104,0,4
2025-04-14 22:03:09.822246,546.88,26.79,23.0,0.0,8.14,22,0,104,0,4
2025-04-14 23:03:09.822246,445.09,20.52,37.39,0.0,15.48,23,0,104,0,4
2025-04-15 00:03:09.822246,499.02,21.48,20.0,0.0,15.78,0,1,105,0,4
2025-04-15 01:03:09.822246,584.74,23.29,26.68,0.0,14.59,1,1,105,0,4
2025-04-15 02:03:09.822246,489.74,17.35,31.27,0.0,23.5,2,1,105,0,4
2025-04-15 03:03:09.822246,494.23,23.57,51.01,0.0,21.85,3,1,105,0,4
2025-04-15 04:03:09.822246,535.84,19.45,46.92,0.0,20.09,4,1,105,0,4
2025-04-15 05:03:09.822246,575.41,16.81,34.5,0.0,28.71,5,1,105,0,4
2025-04-15 06:03:09.822246,513.54,24.16,47.34,0.0,16.48,6,1,105,0,4
2025-04-15 07:03:09.822246,599.89,28.75,48.92,0.0,32.87,7,1,105,0,4
2025-04-15 08:03:09.822246,572.01,24.91,38.44,0.0,28.19,8,1,105,0,4
2025-04-15 09:03:09.822246,612.6,25.9,26.2,0.0,12.62,9,1,105,0,4
2025-04-15 10:03:09.822246,648.86,18.69,37.96,0.0,26.07,10,1,105,0,4
2025-04-15 11:03:09.822246,655.78,13.3,39.06,0.0,18.01,11,1,105,0,4
2025-04-15 12:03:09.822246,697.15,28.74,27.72,0.0,4.71,12,1,105,0,4
2025-04-15 13:03:09.822246,712.89,31.56,43.71,0.0,3.1,13,1,105,0,4
2025-04-15 14:03:09.822246,679.51,29.0,42.84,0.0,12.86,14,1,105,0,4
2025-04-15 15:03:09.822246,604.94,19.61,44.49,0.0,2.47,15,1,105,0,4
2025-04-15 16:03:09.822246,568.76,15.52,42.83,0.0,1.96,16,1,105,0,4
2025-04-15 17:03:09.822246,582.07,15.96,47.34,0.0,5.87,17,1,105,0,4
2025-04-15 18:03:09.822246,554.62,12.87,38.25,0.0,7.53,18,1,105,0,4
2025-04-15 19:03:09.822246,533.43,20.75,42.06,0.0,6.4,19,1,105,0,4
2025-04-15 20:03:09.822246,601.15,29.32,36.06,0.0,1.81,20,1,105,0,4
2025-04-15 21:03:09.822246,461.38,20.58,34.2,0.0,4.18,21,1,105,0,4
2025-04-15 22:03:09.822246,635.81,22.8,53.42,0.0,4.7,22,1,105,0,4
2025-04-15 23:03:09.822246,454.17,28.17,20.0,0.0,13.56,23,1,105,0,4
2025-04-16 00:03:09.822246,454.91,19.53,48.79,0.0,15.9,0,2,106,0,4
2025-04-16 01:03:09.822246,630.77,31.72,33.82,0.0,19.58,1,2,106,0,4
2025-04-16 02:03:09.822246,614.23,31.51,32.52,0.0,20.92,2,2,106,0,4
2025-04-16 03:03:09.822246,553.7,20.89,42.64,0.0,22.64,3,2,106,0,4
2025-04-16 04:03:09.822246,556.43,18.66,25.13,0.0,28.13,4,2,106,0,4
2025-04-16 05:03:09.822246,518.09,25.03,31.86,0.0,25.15,5,2,106,0,4
2025-04-16 06:03:09.822246,451.47,19.81,31.53,0.0,29.42,6,2,106,0,4
2025-04-16 07:03:09.822246,565.14,15.76,37.81,0.0,22.7,7,2,106,0,4
2025-04-16 08:03:09.822246,520.95,27.95,31.98,0.0,19.73,8,2,106,0,4
2025-04-16 09:03:09.822246,628.73,27.63,56.03,0.0,28.07,9,2,106,0,4
2025-04-16 10:03:09.822246,579.45,22.32,57.99,0.0,17.65,10,2,106,0,4
2025-04-16 11:03:09.822246,571.29,15.23,20.0,0.0,17.04,11,2,106,0,4
2025-04-16 12:03:09.822246,613.2,15.4,45.47,0.0,10.86,12,2,106,0,4
2025-04-16 13:03:09.822246,669.92,22.08,48.61,0.0,22.35,13,2,106,0,4
2025-04-16 14:03:09.822246,554.52,19.05,45.45,0.0,2.35,14,2,106,0,4
2025-04-16 15:03:09.822246,540.02,19.84,33.44,0.0,12.84,15,2,106,0,4
2025-04-16 16:03:09.822246,563.33,26.66,37.58,0.0,0.0,16,2,106,0,4
2025-04-16 17:03:09.822246,555.68,25.21,32.54,0.0,3.45,17,2,106,0,4
2025-04-16 18:03:09.822246,531.33,28.44,35.82,0.0,8.7,18,2,106,0,4
2025-04-16 19:03:09.822246,486.24,16.59,27.92,0.0,13.74,19,2,106,0,4
2025-04-16 20:03:09.822246,500.72,19.83,38.87,0.0,5.15,20,2,106,0,4
2025-04-16 21:03:09.822246,413.2,25.34,24.99,0.0,5.23,21,2,106,0,4
2025-04-16 22:03:09.822246,433.78,23.79,38.02,0.0,11.02,22,2,106,0,4
2025-04-16 23:03:09.822246,533.14,29.21,27.54,0.0,20.67,23,2,106,0,4
2025-04-17 00:03:09.822246,499.53,23.91,42.08,0.0,15.85,0,3,107,0,4
2025-04-17 01:03:09.822246,571.84,31.04,33.21,0.0,20.14,1,3,107,0,4
2025-04-17 02:03:09.822246,580.66,24.5,42.91,0.0,16.8,2,3,107,0,4
2025-04-17 03:03:09.822246,571.79,27.11,50.82,0.0,26.62,3,3,107,0,4
2025-04-17 04:03:09.822246,516.14,20.19,55.9,0.0,15.83,4,3,107,0,4
2025-04-17 05:03:09.822246,498.81,21.87,20.0,0.0,30.92,5,3,107,0,4
2025-04-17 06:03:09.822246,466.29,26.36,31.67,0.0,31.64,6,3,107,0,4
2025-04-17 07:03:09.822246,598.01,29.87,36.98,0.0,34.76,7,3,107,0,4
2025-04-17 08:03:09.822246,561.46,25.45,44.61,0.0,30.29,8,3,107,0,4
2025-04-17 09:03:09.822246,587.01,21.39,23.51,0.0,19.37,9,3,107,0,4
2025-04-17 10:03:09.822246,591.5,28.69,30.19,0.0,27.33,10,3,107,0,4
2025-04-17 11:03:09.822246,688.84,10.84,41.31,0.0,23.24,11,3,107,0,4
2025-04-17 12:03:09.822246,705.04,14.69,40.86,0.0,11.38,12,3,107,0,4
2025-04-17 13:03:09.822246,602.59,25.21,43.79,0.0,13.45,13,3,107,0,4
2025-04-17 14:03:09.822246,617.74,21.87,44.45,0.0,0.0,14,3,107,0,4
2025-04-17 15:03:09.822246,597.28,24.83,43.4,0.0,1.03,15,3,107,0,4
2025-04-17 16:03:09.822246,521.51,22.13,41.95,0.0,10.44,16,3,107,0,4
2025-04-17 17:03:09.822246,566.31,24.66,40.57,0.0,13.52,17,3,107,0,4
2025-04-17 18:03:09.822246,511.8,17.73,46.66,6.16,9.12,18,3,107,0,4
2025-04-17 19:03:09.822246,535.32,24.66,20.0,0.0,5.62,19,3,107,0,4
2025-04-17 20:03:09.822246,503.06,26.78,55.45,0.0,1.17,20,3,107,0,4
2025-04-17 21:03:09.822246,556.46,27.91,20.0,1.51,11.15,21,3,107,0,4
2025-04-17 22:03:09.822246,585.69,31.87,29.22,0.0,0.42,22,3,107,0,4
2025-04-17 23:03:09.822246,607.16,23.02,37.74,0.0,14.99,23,3,107,0,4
2025-04-18 00:03:09.822246,572.5,23.43,46.73,0.0,10.49,0,4,108,0,4
2025-04-18 01:03:09.822246,643.94,14.44,20.0,0.0,21.36,1,4,108,0,4
2025-04-18 02:03:09.822246,446.12,19.4,39.72,0.0,24.02,2,4,108,0,4
2025-04-18 03:03:09.822246,532.96,21.09,47.93,0.0,19.24,3,4,108,0,4
2025-04-18 04:03:09.822246,533.41,27.31,49.95,0.0,28.33,4,4,108,0,4
2025-04-18 05:03:09.822246,650.7,19.0,33.03,0.0,15.89,5,4,108,0,4
2025-04-18 06:03:09.822246,515.38,26.04,36.99,0.0,24.28,6,4,108,0,4
2025-04-18 07:03:09.822246,474.65,22.05,33.84,0.0,28.61,7,4,108,0,4
2025-04-18 08:03:09.822246,523.69,21.17,36.07,0.0,26.77,8,4,108,0,4
2025-04-18 09:03:09.822246,463.26,23.3,29.68,0.0,19.29,9,4,108,0,4
2025-04-18 10:03:09.822246,543.62,20.1,31.11,0.0,24.41,10,4,108,0,4
2025-04-18 11:03:09.822246,577.45,19.91,44.35,0.0,22.18,11,4,108,0,4
2025-04-18 12:03:09.822246,608.67,13.54,41.32,0.0,9.13,12,4,108,0,4
2025-04-18 13:03:09.822246,625.41,20.82,44.92,0.0,11.85,13,4,108,0,4
2025-04-18 14:03:09.822246,679.06,19.66,42.14,0.0,10.98,14,4,108,0,4
2025-04-18 15:03:09.822246,638.97,19.48,47.05,0.0,8.83,15,4,108,0,4
2025-04-18 16:03:09.822246,543.92,24.14,48.78,0.0,10.4,16,4,108,0,4
2025-04-18 17:03:09.822246,535.84,25.35,22.58,0.0,3.27,17,4,108,0,4
2025-04-18 18:03:09.822246,539.65,23.22,31.46,0.0,13.18,18,4,108,0,4
2025-04-18 19:03:09.822246,486.43,27.04,37.69,0.0,3.37,19,4,108,0,4
2025-04-18 20:03:09.822246,618.82,24.94,39.77,0.0,0.67,20,4,108,0,4
2025-04-18 21:03:09.822246,561.56,20.58,33.3,0.0,6.8,21,4,108,0,4
2025-04-18 22:03:09.822246,500.33,19.74,49.12,0.0,11.27,22,4,108,0,4
2025-04-18 23:03:09.822246,432.26,23.62,59.8,0.0,6.52,23,4,108,0,4
2025-04-19 00:03:09.822246,514.23,25.18,41.86,0.0,13.46,0,5,109,1,4
2025-04-19 01:03:09.822246,444.03,29.3,40.84,0.0,11.39,1,5,109,1,4
2025-04-19 02:03:09.822246,521.16,28.27,48.49,0.0,23.52,2,5,109,1,4
2025-04-19 03:03:09.822246,285.79,19.61,21.34,0.0,21.18,3,5,109,1,4
2025-04-19 04:03:09.822246,387.5,21.8,40.28,0.0,11.73,4,5,109,1,4
2025-04-19 05:03:09.822246,452.41,25.67,49.79,0.0,29.85,5,5,109,1,4
2025-04-19 06:03:09.822246,454.86,27.65,33.57,0.0,19.15,6,5,109,1,4
2025-04-19 07:03:09.822246,451.24,27.01,27.73,0.0,37.99,7,5,109,1,4
2025-04-19 08:03:09.822246,519.65,22.0,38.14,0.0,20.24,8,5,109,1,4
2025-04-19 09:03:09.822246,485.62,16.04,39.39,0.0,19.18,9,5,109,1,4
2025-04-19 10:03:09.822246,502.05,17.32,30.91,0.0,20.8,10,5,109,1,4
2025-04-19 11:03:09.822246,555.46,23.68,60.96,0.0,5.52,11,5,109,1,4
2025-04-19 12:03:09.822246,562.63,24.03,35.21,0.0,17.2,12,5,109,1,4
2025-04-19 13:03:09.822246,575.72,16.82,28.46,0.0,15.92,13,5,109,1,4
2025-04-19 14:03:09.822246,500.41,22.54,39.06,0.0,14.53,14,5,109,1,4
2025-04-19 15:03:09.822246,457.13,25.47,49.08,0.0,9.33,15,5,109,1,4
2025-04-19 16:03:09.822246,573.39,16.56,40.17,0.0,6.8,16,5,109,1,4
2025-04-19 17:03:09.822246,490.76,27.84,44.86,0.0,0.0,17,5,109,1,4
2025-04-19 18:03:09.822246,380.1,20.43,31.29,0.0,7.47,18,5,109,1,4
2025-04-19 19:03:09.822246,516.17,28.6,54.88,0.0,5.13,19,5,109,1,4
2025-04-19 20:03:09.822246,412.56,19.65,45.62,0.0,4.2,20,5,109,1,4
2025-04-19 21:03:09.822246,494.27,17.18,50.48,0.0,2.76,21,5,109,1,4
2025-04-19 22:03:09.822246,406.76,20.02,43.65,0.0,12.4,22,5,109,1,4
2025-04-19 23:03:09.822246,534.05,21.84,48.25,0.0,10.8,23,5,109,1,4
2025-04-20 00:03:09.822246,497.93,20.63,31.27,0.0,5.59,0,6,110,1,4
2025-04-20 01:03:09.822246,414.05,21.49,35.09,0.0,16.47,1,6,110,1,4
2025-04-20 02:03:09.822246,499.33,24.24,53.47,0.0,16.15,2,6,110,1,4
2025-04-20 03:03:09.822246,468.83,21.71,55.6,0.0,26.45,3,6,110,1,4
2025-04-20 04:03:09.822246,504.12,22.24,28.53,0.0,22.83,4,6,110,1,4
2025-04-20 05:03:09.822246,424.28,14.02,42.5,0.0,23.35,5,6,110,1,4
2025-04-20 06:03:09.822246,435.96,24.53,35.7,0.0,26.54,6,6,110,1,4
2025-04-20 07:03:09.822246,504.95,22.12,33.03,0.0,33.03,7,6,110,1,4
2025-04-20 08:03:09.822246,446.85,30.62,42.85,0.0,25.69,8,6,110,1,4
2025-04-20 09:03:09.822246,397.3,17.87,51.41,0.0,18.12,9,6,110,1,4
2025-04-20 10:03:09.822246,467.69,13.53,44.52,0.6,12.22,10,6,110,1,4
2025-04-20 11:03:09.822246,521.53,25.66,36.81,0.0,24.24,11,6,110,1,4
2025-04-20 12:03:09.822246,559.98,24.3,45.15,0.0,2.74,12,6,110,1,4
2025-04-20 13:03:09.822246,615.56,17.53,36.4,0.0,12.3,13,6,110,1,4
2025-04-20 14:03:09.822246,516.36,14.92,44.13,0.0,21.75,14,6,110,1,4
2025-04-20 15:03:09.822246,646.55,30.26,53.97,0.0,0.0,15,6,110,1,4
2025-04-20 16:03:09.822246,445.73,29.64,20.0,0.0,0.75,16,6,110,1,4
2025-04-20 17:03:09.822246,434.55,10.13,47.98,9.43,6.34,17,6,110,1,4
2025-04-20 18:03:09.822246,439.38,20.28,24.61,0.0,0.97,18,6,110,1,4
2025-04-20 19:03:09.822246,492.23,30.89,52.29,0.0,4.76,19,6,110,1,4
2025-04-20 20:03:09.822246,401.83,20.19,33.63,0.0,8.47,20,6,110,1,4
2025-04-20 21:03:09.822246,348.11,20.12,27.83,0.0,10.78,21,6,110,1,4
2025-04-20 22:03:09.822246,387.13,21.16,46.96,0.0,15.54,22,6,110,1,4
2025-04-20 23:03:09.822246,359.3,16.96,43.65,0.0,4.5,23,6,110,1,4
2025-04-21 00:03:09.822246,574.44,14.3,30.02,0.0,21.33,0,0,111,0,4
2025-04-21 01:03:09.822246,524.54,28.09,27.49,0.0,24.32,1,0,111,0,4
2025-04-21 02:03:09.822246,455.64,13.61,38.14,0.0,24.23,2,0,111,0,4
2025-04-21 03:03:09.822246,486.06,24.06,27.97,0.0,16.41,3,0,111,0,4
2025-04-21 04:03:09.822246,483.97,27.26,29.4,0.0,17.75,4,0,111,0,4
2025-04-21 05:03:09.822246,476.39,15.57,41.17,0.0,26.14,5,0,111,0,4
2025-04-21 06:03:09.822246,574.5,18.2,30.36,0.0,28.22,6,0,111,0,4
2025-04-21 07:03:09.822246,513.1,28.89,44.28,7.72,30.54,7,0,111,0,4
2025-04-21 08:03:09.822246,611.89,25.49,54.92,0.0,21.26,8,0,111,0,4
2025-04-21 09:03:09.822246,525.68,19.74,38.53,0.0,25.2,9,0,111,0,4
2025-04-21 10:03:09.822246,578.57,28.83,41.32,0.0,22.86,10,0,111,0,4
2025-04-21 11:03:09.822246,636.67,28.86,60.2,0.0,14.32,11,0,111,0,4
2025-04-21 12:03:09.822246,567.33,24.17,28.14,0.0,12.8,12,0,111,0,4
2025-04-21 13:03:09.822246,585.87,18.32,51.93,0.0,4.43,13,0,111,0,4
2025-04-21 14:03:09.822246,540.05,20.76,50.72,0.0,4.68,14,0,111,0,4
2025-04-21 15:03:09.822246,662.15,24.26,48.56,0.0,4.78,15,0,111,0,4
2025-04-21 16:03:09.822246,560.06,21.88,52.93,0.0,8.95,16,0,111,0,4
2025-04-21 17:03:09.822246,520.27,27.52,42.82,0.0,16.65,17,0,111,0,4
2025-04-21 18:03:09.822246,537.84,15.17,34.19,0.0,7.42,18,0,111,0,4
2025-04-21 19:03:09.822246,506.33,15.35,50.96,0.0,0.0,19,0,111,0,4
2025-04-21 20:03:09.822246,503.74,23.73,51.34,0.0,3.95,20,0,111,0,4
2025-04-21 21:03:09.822246,566.59,20.37,51.07,0.0,13.18,21,0,111,0,4
2025-04-21 22:03:09.822246,510.92,19.69,40.46,0.0,5.98,22,0,111,0,4
2025-04-21 23:03:09.822246,489.67,13.98,32.85,0.0,19.91,23,0,111,0,4
2025-04-22 00:03:09.822246,434.39,23.17,41.94,0.0,18.42,0,1,112,0,4
2025-04-22 01:03:09.822246,483.62,22.81,49.45,0.0,16.33,1,1,112,0,4
2025-04-22 02:03:09.822246,388.57,26.34,50.27,0.0,10.43,2,1,112,0,4
2025-04-22 03:03:09.822246,474.36,23.42,35.73,0.0,27.11,3,1,112,0,4
2025-04-22 04:03:09.822246,567.95,22.41,43.19,0.0,26.88,4,1,112,0,4
2025-04-22 05:03:09.822246,613.04,28.96,26.94,0.0,27.02,5,1,112,0,4
2025-04-22 06:03:09.822246,512.0,16.51,49.88,0.0,38.38,6,1,112,0,4
2025-04-22 07:03:09.822246,556.14,25.76,32.2,0.0,19.98,7,1,112,0,4
2025-04-22 08:03:09.822246,601.4,14.72,47.88,0.0,31.27,8,1,112,0,4
2025-04-22 09:03:09.822246,739.0,18.88,28.54,0.0,21.14,9,1,112,0,4
2025-04-22 10:03:09.822246,682.95,17.01,50.35,0.0,21.28,10,1,112,0,4
2025-04-22 11:03:09.822246,630.15,26.99,43.25,0.0,19.15,11,1,112,0,4
2025-04-22 12:03:09.822246,523.25,22.75,32.22,0.0,19.17,12,1,112,0,4
2025-04-22 13:03:09.822246,548.17,23.01,46.94,0.0,8.84,13,1,112,0,4
2025-04-22 14:03:09.822246,666.68,17.54,34.13,0.0,21.97,14,1,112,0,4
2025-04-22 15:03:09.822246,534.28,21.58,47.53,0.0,2.4,15,1,112,0,4
2025-04-22 16:03:09.822246,476.68,19.26,37.29,0.0,4.56,16,1,112,0,4
2025-04-22 17:03:09.822246,502.82,24.99,22.82,0.0,14.56,17,1,112,0,4
2025-04-22 18:03:09.822246,416.69,18.12,30.21,0.0,10.9,18,1,112,0,4
2025-04-22 19:03:09.822246,634.4,29.73,35.73,0.0,3.56,19,1,112,0,4
2025-04-22 20:03:09.822246,553.68,14.7,53.71,0.0,9.74,20,1,112,0,4
2025-04-22 21:03:09.822246,505.12,19.04,49.04,0.0,2.54,21,1,112,0,4
2025-04-22 22:03:09.822246,632.66,31.46,56.27,0.0,5.95,22,1,112,0,4
2025-04-22 23:03:09.822246,540.42,20.9,56.57,0.0,10.59,23,1,112,0,4
2025-04-23 00:03:09.822246,458.17,16.75,34.71,0.0,22.13,0,2,113,0,4
2025-04-23 01:03:09.822246,566.48,24.42,38.17,0.0,7.06,1,2,113,0,4
2025-04-23 02:03:09.822246,530.43,20.95,35.94,0.0,24.4,2,2,113,0,4
2025-04-23 03:03:09.822246,443.47,19.15,33.34,14.02,20.09,3,2,113,0,4
2025-04-23 04:03:09.822246,531.71,17.85,21.64,0.0,26.77,4,2,113,0,4
2025-04-23 05:03:09.822246,551.76,37.17,39.91,0.0,27.58,5,2,113,0,4
2025-04-23 06:03:09.822246,431.61,22.07,27.2,0.0,24.87,6,2,113,0,4
2025-04-23 07:03:09.822246,617.15,13.7,39.71,0.0,20.88,7,2,113,0,4
2025-04-23 08:03:09.822246,714.8,30.8,61.21,0.0,20.33,8,2,113,0,4
2025-04-23 09:03:09.822246,506.92,26.38,34.96,0.0,20.5,9,2,113,0,4
2025-04-23 10:03:09.822246,619.32,19.5,42.0,0.0,11.87,10,2,113,0,4
2025-04-23 11:03:09.822246,608.18,18.66,49.12,0.0,18.04,11,2,113,0,4
2025-04-23 12:03:09.822246,572.44,26.7,42.86,0.0,11.47,12,2,113,0,4
2025-04-23 13:03:09.822246,555.45,22.09,42.98,0.0,10.1,13,2,113,0,4
2025-04-23 14:03:09.822246,563.9,13.7,36.43,0.0,8.97,14,2,113,0,4
2025-04-23 15:03:09.822246,637.83,32.27,37.73,0.0,11.68,15,2,113,0,4
2025-04-23 16:03:09.822246,513.82,21.16,30.45,0.0,12.53,16,2,113,0,4
2025-04-23 17:03:09.822246,590.65,30.81,48.51,0.0,12.2,17,2,113,0,4
2025-04-23 18:03:09.822246,535.16,29.72,22.64,0.0,7.05,18,2,113,0,4
2025-04-23 19:03:09.822246,495.74,18.32,49.76,0.0,3.39,19,2,113,0,4
2025-04-23 20:03:09.822246,518.45,28.49,26.02,0.0,0.0,20,2,113,0,4
2025-04-23 21:03:09.822246,498.76,20.07,49.68,0.0,20.13,21,2,113,0,4
2025-04-23 22:03:09.822246,582.52,14.0,36.52,0.0,18.9,22,2,113,0,4
2025-04-23 23:03:09.822246,548.4,21.21,27.73,0.0,16.87,23,2,113,0,4
2025-04-24 00:03:09.822246,472.73,25.57,45.87,0.0,18.29,0,3,114,0,4
2025-04-24 01:03:09.822246,555.66,21.27,49.37,0.0,15.82,1,3,114,0,4
2025-04-24 02:03:09.822246,511.0,22.04,35.7,0.0,20.65,2,3,114,0,4
2025-04-24 03:03:09.822246,460.13,29.3,47.29,0.0,26.67,3,3,114,0,4
2025-04-24 04:03:09.822246,554.89,24.11,20.0,0.0,14.21,4,3,114,0,4
2025-04-24 05:03:09.822246,463.56,19.36,26.88,0.0,21.6,5,3,114,0,4
2025-04-24 06:03:09.822246,578.28,27.09,53.01,0.0,25.05,6,3,114,0,4
2025-04-24 07:03:09.822246,499.45,24.57,37.84,0.0,15.04,7,3,114,0,4
2025-04-24 08:03:09.822246,522.73,10.97,21.46,0.0,16.22,8,3,114,0,4
2025-04-24 09:03:09.822246,512.49,25.72,33.09,0.0,18.78,9,3,114,0,4
2025-04-24 10:03:09.822246,601.11,25.54,30.85,0.0,20.43,10,3,114,0,4
2025-04-24 11:03:09.822246,609.89,23.68,38.42,0.0,25.14,11,3,114,0,4
2025-04-24 12:03:09.822246,592.79,28.04,36.37,1.55,12.76,12,3,114,0,4
2025-04-24 13:03:09.822246,609.82,20.22,41.87,0.0,21.82,13,3,114,0,4
2025-04-24 14:03:09.822246,464.74,25.26,39.39,0.0,6.36,14,3,114,0,4
2025-04-24 15:03:09.822246,543.16,15.75,53.68,0.0,7.3,15,3,114,0,4
2025-04-24 16:03:09.822246,499.73,25.62,44.33,0.0,0.0,16,3,114,0,4
2025-04-24 17:03:09.822246,545.19,33.35,44.66,0.0,3.16,17,3,114,0,4
2025-04-24 18:03:09.822246,526.47,18.61,51.73,0.0,0.0,18,3,114,0,4
2025-04-24 19:03:09.822246,457.17,19.78,36.19,0.0,22.27,19,3,114,0,4
2025-04-24 20:03:09.822246,475.67,20.03,27.46,0.0,1.11,20,3,114,0,4
2025-04-24 21:03:09.822246,548.78,24.23,52.15,0.0,9.72,21,3,114,0,4
2025-04-24 22:03:09.822246,529.02,18.26,41.44,0.0,7.62,22,3,114,0,4
2025-04-24 23:03:09.822246,562.59,25.69,41.48,0.0,11.24,23,3,114,0,4
2025-04-25 00:03:09.822246,493.7,28.06,33.78,0.0,14.62,0,4,115,0,4
2025-04-25 01:03:09.822246,550.52,26.5,33.95,0.0,22.34,1,4,115,0,4
2025-04-25 02:03:09.822246,599.91,14.99,48.58,0.0,22.54,2,4,115,0,4
2025-04-25 03:03:09.822246,383.02,28.81,49.96,0.0,23.28,3,4,115,0,4
2025-04-25 04:03:09.822246,501.58,28.52,47.95,0.0,26.56,4,4,115,0,4
2025-04-25 05:03:09.822246,561.77,27.98,48.05,0.0,26.51,5,4,115,0,4
2025-04-25 06:03:09.822246,511.64,25.69,45.81,0.0,18.62,6,4,115,0,4
2025-04-25 07:03:09.822246,582.0,24.93,41.43,2.73,23.42,7,4,115,0,4
2025-04-25 08:03:09.822246,524.06,28.99,38.36,0.0,27.08,8,4,115,0,4
2025-04-25 09:03:09.822246,623.88,33.45,52.22,0.67,19.09,9,4,115,0,4
2025-04-25 10:03:09.822246,533.15,19.07,36.38,0.0,21.79,10,4,115,0,4
2025-04-25 11:03:09.822246,686.83,29.22,43.82,0.0,23.1,11,4,115,0,4
2025-04-25 12:03:09.822246,642.68,23.4,32.08,0.0,11.53,12,4,115,0,4
2025-04-25 13:03:09.822246,640.18,23.18,33.52,0.0,17.5,13,4,115,0,4
2025-04-25 14:03:09.822246,571.88,16.15,37.75,0.0,9.47,14,4,115,0,4
2025-04-25 15:03:09.822246,553.53,22.41,32.08,0.0,8.3,15,4,115,0,4
2025-04-25 16:03:09.822246,517.85,18.84,48.09,3.66,10.57,16,4,115,0,4
2025-04-25 17:03:09.822246,545.06,21.51,26.64,0.0,8.31,17,4,115,0,4
2025-04-25 18:03:09.822246,500.49,18.34,41.11,0.0,0.0,18,4,115,0,4
2025-04-25 19:03:09.822246,547.7,21.59,41.44,0.0,0.0,19,4,115,0,4
2025-04-25 20:03:09.822246,618.15,21.8,22.01,0.0,9.0,20,4,115,0,4
2025-04-25 21:03:09.822246,554.79,24.31,35.71,0.0,7.22,21,4,115,0,4
2025-04-25 22:03:09.822246,530.97,15.76,42.67,0.0,1.98,22,4,115,0,4
2025-04-25 23:03:09.822246,579.78,16.6,44.4,0.0,9.12,23,4,115,0,4
2025-04-26 00:03:09.822246,413.68,25.89,38.11,0.0,6.52,0,5,116,1,4
2025-04-26 01:03:09.822246,305.83,20.09,46.92,0.0,17.06,1,5,116,1,4
2025-04-26 02:03:09.822246,398.33,29.45,39.06,0.0,26.29,2,5,116,1,4
2025-04-26 03:03:09.822246,357.3,25.21,40.29,0.0,18.5,3,5,116,1,4
2025-04-26 04:03:09.822246,434.28,27.11,42.67,0.0,24.89,4,5,116,1,4
2025-04-26 05:03:09.822246,470.88,31.13,49.43,2.44,24.14,5,5,116,1,4
2025-04-26 06:03:09.822246,494.88,22.53,33.4,7.2,33.01,6,5,116,1,4
2025-04-26 07:03:09.822246,497.82,21.21,35.29,0.0,31.0,7,5,116,1,4
2025-04-26 08:03:09.822246,488.47,28.44,33.47,0.0,15.72,8,5,116,1,4
2025-04-26 09:03:09.822246,578.37,26.63,36.83,0.0,21.11,9,5,116,1,4
2025-04-26 10:03:09.822246,381.71,23.14,54.42,0.0,15.57,10,5,116,1,4
2025-04-26 11:03:09.822246,584.28,31.04,45.88,10.82,14.58,11,5,116,1,4
2025-04-26 12:03:09.822246,551.13,23.02,28.84,0.0,18.93,12,5,116,1,4
2025-04-26 13:03:09.822246,464.77,24.24,34.15,3.86,13.38,13,5,116,1,4
2025-04-26 14:03:09.822246,558.63,24.19,43.88,0.0,13.86,14,5,116,1,4
2025-04-26 15:03:09.822246,477.03,19.41,31.09,0.0,0.0,15,5,116,1,4
2025-04-26 16:03:09.822246,442.4,24.47,32.9,0.0,10.99,16,5,116,1,4
2025-04-26 17:03:09.822246,491.33,31.06,53.61,5.33,7.48,17,5,116,1,4
2025-04-26 18:03:09.822246,540.61,26.3,34.02,0.0,13.03,18,5,116,1,4
2025-04-26 19:03:09.822246,456.39,24.23,49.7,0.0,2.29,19,5,116,1,4
2025-04-26 20:03:09.822246,423.59,23.27,52.71,0.0,11.72,20,5,116,1,4
2025-04-26 21:03:09.822246,402.79,25.73,32.82,0.31,9.39,21,5,116,1,4
2025-04-26 22:03:09.822246,413.21,27.83,31.26,0.0,10.67,22,5,116,1,4
2025-04-26 23:03:09.822246,448.97,27.13,37.39,0.0,9.97,23,5,116,1,4
2025-04-27 00:03:09.822246,393.08,22.67,29.32,0.0,14.53,0,6,117,1,4
2025-04-27 01:03:09.822246,440.93,25.95,41.41,0.0,12.69,1,6,117,1,4
2025-04-27 02:03:09.822246,427.29,26.73,38.14,0.0,18.01,2,6,117,1,4
2025-04-27 03:03:09.822246,434.43,19.29,43.81,0.0,19.12,3,6,117,1,4
2025-04-27 04:03:09.822246,445.95,25.17,54.17,0.0,22.23,4,6,117,1,4
2025-04-27 05:03:09.822246,511.48,13.52,48.38,0.0,23.75,5,6,117,1,4
2025-04-27 06:03:09.822246,416.61,26.74,45.09,0.0,24.22,6,6,117,1,4
2025-04-27 07:03:09.822246,471.73,27.63,20.54,0.0,24.62,7,6,117,1,4
2025-04-27 08:03:09.822246,470.39,28.06,44.64,0.0,23.57,8,6,117,1,4
2025-04-27 09:03:09.822246,445.36,22.35,57.43,1.4,22.61,9,6,117,1,4
2025-04-27 10:03:09.822246,529.86,25.87,20.0,0.0,19.85,10,6,117,1,4
2025-04-27 11:03:09.822246,584.04,31.45,47.1,0.0,16.24,11,6,117,1,4
2025-04-27 12:03:09.822246,512.9,31.4,38.61,0.0,17.15,12,6,117,1,4
2025-04-27 13:03:09.822246,573.25,24.18,31.7,0.0,18.47,13,6,117,1,4
2025-04-27 14:03:09.822246,570.67,25.02,48.21,0.0,8.32,14,6,117,1,4
2025-04-27 15:03:09.822246,533.59,29.88,57.3,0.0,5.25,15,6,117,1,4
2025-04-27 16:03:09.822246,561.62,16.82,47.95,0.0,8.22,16,6,117,1,4
2025-04-27 17:03:09.822246,427.82,22.71,36.49,0.0,5.88,17,6,117,1,4
2025-04-27 18:03:09.822246,391.36,31.01,30.77,0.0,0.17,18,6,117,1,4
2025-04-27 19:03:09.822246,367.93,29.2,41.65,0.0,1.58,19,6,117,1,4
2025-04-27 20:03:09.822246,508.66,26.17,48.93,0.0,3.37,20,6,117,1,4
2025-04-27 21:03:09.822246,455.47,16.8,36.33,0.0,2.74,21,6,117,1,4
2025-04-27 22:03:09.822246,413.26,24.08,37.3,0.0,12.19,22,6,117,1,4
2025-04-27 23:03:09.822246,381.06,21.38,68.42,0.0,16.24,23,6,117,1,4
2025-04-28 00:03:09.822246,449.96,26.23,51.04,0.0,10.94,0,0,118,0,4
2025-04-28 01:03:09.822246,617.37,20.53,51.75,0.0,10.79,1,0,118,0,4
2025-04-28 02:03:09.822246,498.49,19.45,25.65,0.0,20.86,2,0,118,0,4
2025-04-28 03:03:09.822246,536.08,14.25,33.18,0.0,22.23,3,0,118,0,4
2025-04-28 04:03:09.822246,548.16,30.68,41.0,0.0,35.17,4,0,118,0,4
2025-04-28 05:03:09.822246,532.31,22.57,30.24,0.0,28.0,5,0,118,0,4
2025-04-28 06:03:09.822246,514.92,25.36,56.26,0.0,19.36,6,0,118,0,4
2025-04-28 07:03:09.822246,481.76,24.56,54.36,0.0,19.9,7,0,118,0,4
2025-04-28 08:03:09.822246,575.78,19.24,34.92,0.0,25.24,8,0,118,0,4
2025-04-28 09:03:09.822246,677.2,18.28,58.09,0.0,21.8,9,0,118,0,4
2025-04-28 10:03:09.822246,667.02,19.55,40.21,0.0,19.45,10,0,118,0,4
2025-04-28 11:03:09.822246,680.06,20.96,66.15,0.0,17.92,11,0,118,0,4
2025-04-28 12:03:09.822246,592.34,26.41,41.7,0.0,18.88,12,0,118,0,4
2025-04-28 13:03:09.822246,508.63,20.6,46.01,0.0,21.68,13,0,118,0,4
2025-04-28 14:03:09.822246,659.62,33.31,54.25,0.0,16.65,14,0,118,0,4
2025-04-28 15:03:09.822246,614.54,29.71,53.03,0.0,2.86,15,0,118,0,4
2025-04-28 16:03:09.822246,617.26,28.62,45.36,0.0,3.67,16,0,118,0,4
2025-04-28 17:03:09.822246,453.36,23.98,38.84,0.0,0.0,17,0,118,0,4
2025-04-28 18:03:09.822246,595.87,32.15,45.39,0.0,6.05,18,0,118,0,4
2025-04-28 19:03:09.822246,524.5,23.48,32.09,0.0,2.72,19,0,118,0,4
2025-04-28 20:03:09.822246,480.75,24.42,41.77,0.0,6.24,20,0,118,0,4
2025-04-28 21:03:09.822246,442.41,25.42,29.16,0.0,3.81,21,0,118,0,4
2025-04-28 22:03:09.822246,471.41,28.08,22.44,0.0,5.83,22,0,118,0,4
2025-04-28 23:03:09.822246,541.49,27.76,40.76,0.0,4.71,23,0,118,0,4
2025-04-29 00:03:09.822246,502.29,22.44,52.93,0.0,13.4,0,1,119,0,4
2025-04-29 01:03:09.822246,435.88,22.15,49.57,0.0,20.43,1,1,119,0,4
2025-04-29 02:03:09.822246,436.14,28.02,39.49,0.0,16.63,2,1,119,0,4
2025-04-29 03:03:09.822246,504.06,28.4,57.78,0.0,25.33,3,1,119,0,4
2025-04-29 04:03:09.822246,546.85,22.85,34.62,0.0,20.2,4,1,119,0,4
2025-04-29 05:03:09.822246,480.9,16.88,21.13,0.0,24.66,5,1,119,0,4
2025-04-29 06:03:09.822246,393.33,23.78,20.0,0.0,31.78,6,1,119,0,4
2025-04-29 07:03:09.822246,558.04,27.94,28.5,0.16,22.22,7,1,119,0,4
2025-04-29 08:03:09.822246,579.96,33.85,48.48,0.0,24.79,8,1,119,0,4
2025-04-29 09:03:09.822246,404.5,18.83,33.96,0.0,23.37,9,1,119,0,4
2025-04-29 10:03:09.822246,588.38,22.69,44.92,0.0,21.36,10,1,119,0,4
2025-04-29 11:03:09.822246,551.22,22.87,56.77,3.22,20.24,11,1,119,0,4
2025-04-29 12:03:09.822246,664.94,31.6,29.31,0.0,16.23,12,1,119,0,4
2025-04-29 13:03:09.822246,713.71,24.64,45.1,0.0,7.28,13,1,119,0,4
2025-04-29 14:03:09.822246,603.2,20.28,45.7,0.0,7.93,14,1,119,0,4
2025-04-29 15:03:09.822246,576.64,27.61,31.7,0.0,10.81,15,1,119,0,4
2025-04-29 16:03:09.822246,478.86,22.8,53.85,0.0,9.86,16,1,119,0,4
2025-04-29 17:03:09.822246,606.28,18.7,37.43,0.0,1.63,17,1,119,0,4
2025-04-29 18:03:09.822246,468.37,20.36,36.47,0.0,9.86,18,1,119,0,4
2025-04-29 19:03:09.822246,540.98,33.49,61.43,1.83,2.95,19,1,119,0,4
2025-04-29 20:03:09.822246,524.17,26.74,45.54,3.6,8.0,20,1,119,0,4
2025-04-29 21:03:09.822246,551.12,25.36,49.56,0.0,8.9,21,1,119,0,4
2025-04-29 22:03:09.822246,497.1,23.57,53.86,0.0,5.43,22,1,119,0,4
2025-04-29 23:03:09.822246,491.77,26.28,33.81,0.0,11.04,23,1,119,0,4
2025-04-30 00:03:09.822246,505.97,26.46,52.87,0.0,4.78,0,2,120,0,4
2025-04-30 01:03:09.822246,525.36,26.52,35.35,1.72,15.62,1,2,120,0,4
2025-04-30 02:03:09.822246,473.51,25.64,34.93,0.0,26.17,2,2,120,0,4
2025-04-30 03:03:09.822246,485.72,29.41,37.65,0.0,12.55,3,2,120,0,4
2025-04-30 04:03:09.822246,528.46,25.18,34.15,0.0,19.32,4,2,120,0,4
2025-04-30 05:03:09.822246,483.91,20.17,48.6,0.0,22.35,5,2,120,0,4
2025-04-30 06:03:09.822246,575.2,22.0,43.05,3.79,14.33,6,2,120,0,4
2025-04-30 07:03:09.822246,390.9,15.17,35.46,0.0,14.61,7,2,120,0,4
2025-04-30 08:03:09.822246,698.96,35.2,47.12,0.0,33.96,8,2,120,0,4
2025-04-30 09:03:09.822246,649.77,29.38,37.62,0.0,25.01,9,2,120,0,4
2025-04-30 10:03:09.822246,471.24,20.91,37.09,0.0,25.0,10,2,120,0,4
2025-04-30 11:03:09.822246,611.79,23.65,40.86,0.0,19.34,11,2,120,0,4
2025-04-30 12:03:09.822246,579.18,21.88,45.01,0.0,17.9,12,2,120,0,4
2025-04-30 13:03:09.822246,574.8,32.78,44.27,0.0,10.82,13,2,120,0,4
2025-04-30 14:03:09.822246,549.67,17.96,36.74,0.0,15.21,14,2,120,0,4
2025-04-30 15:03:09.822246,516.43,25.64,48.84,0.0,15.1,15,2,120,0,4
2025-04-30 16:03:09.822246,644.28,24.52,38.15,0.0,2.96,16,2,120,0,4
2025-04-30 17:03:09.822246,619.35,29.2,33.82,0.0,4.1,17,2,120,0,4
2025-04-30 18:03:09.822246,590.98,24.54,25.69,0.0,2.1,18,2,120,0,4
2025-04-30 19:03:09.822246,572.57,16.27,50.21,0.0,4.91,19,2,120,0,4
2025-04-30 20:03:09.822246,433.71,23.81,40.5,0.0,10.04,20,2,120,0,4
2025-04-30 21:03:09.822246,487.07,20.2,42.48,0.0,7.04,21,2,120,0,4
2025-04-30 22:03:09.822246,549.76,25.46,50.83,0.0,1.27,22,2,120,0,4
2025-04-30 23:03:09.822246,507.63,32.23,35.6,0.0,17.26,23,2,120,0,4
2025-05-01 00:03:09.822246,510.88,16.61,26.7,0.0,11.18,0,3,121,0,5
2025-05-01 01:03:09.822246,464.39,21.3,41.14,0.0,19.62,1,3,121,0,5
2025-05-01 02:03:09.822246,483.51,22.54,43.52,0.0,22.52,2,3,121,0,5
2025-05-01 03:03:09.822246,551.58,23.4,37.81,0.0,19.93,3,3,121,0,5
2025-05-01 04:03:09.822246,543.59,29.01,55.18,3.29,19.08,4,3,121,0,5
2025-05-01 05:03:09.822246,481.63,24.44,20.0,8.45,22.27,5,3,121,0,5
2025-05-01 06:03:09.822246,558.58,27.38,51.64,0.0,32.98,6,3,121,0,5
2025-05-01 07:03:09.822246,457.62,22.18,48.35,0.0,19.92,7,3,121,0,5
2025-05-01 08:03:09.822246,590.35,26.45,45.01,0.0,18.15,8,3,121,0,5
2025-05-01 09:03:09.822246,623.74,29.19,20.0,0.0,23.02,9,3,121,0,5
2025-05-01 10:03:09.822246,546.27,21.64,53.28,0.0,18.93,10,3,121,0,5
2025-05-01 11:03:09.822246,682.31,29.21,30.18,0.0,15.54,11,3,121,0,5
2025-05-01 12:03:09.822246,570.62,25.57,35.37,0.63,10.49,12,3,121,0,5
2025-05-01 13:03:09.822246,693.69,30.53,38.74,0.0,12.31,13,3,121,0,5
2025-05-01 14:03:09.822246,606.7,24.3,44.52,0.0,9.19,14,3,121,0,5
2025-05-01 15:03:09.822246,577.13,27.21,46.84,0.0,14.61,15,3,121,0,5
2025-05-01 16:03:09.822246,657.59,25.1,49.37,0.0,1.91,16,3,121,0,5
2025-05-01 17:03:09.822246,483.61,24.82,48.6,0.0,2.91,17,3,121,0,5
2025-05-01 18:03:09.822246,401.84,26.6,42.97,2.14,11.42,18,3,121,0,5
2025-05-01 19:03:09.822246,429.34,27.99,44.6,0.0,2.75,19,3,121,0,5
2025-05-01 20:03:09.822246,482.47,19.06,29.54,0.0,2.73,20,3,121,0,5
2025-05-01 21:03:09.822246,458.65,32.47,32.93,0.0,10.16,21,3,121,0,5
2025-05-01 22:03:09.822246,580.43,16.01,49.4,0.0,10.79,22,3,121,0,5
2025-05-01 23:03:09.822246,387.38,21.88,48.82,0.0,10.87,23,3,121,0,5
2025-05-02 00:03:09.822246,615.49,25.07,47.76,0.0,15.38,0,4,122,0,5
2025-05-02 01:03:09.822246,565.93,27.61,35.37,0.0,19.96,1,4,122,0,5
2025-05-02 02:03:09.822246,552.14,33.43,49.62,0.0,20.8,2,4,122,0,5
2025-05-02 03:03:09.822246,451.02,16.25,28.91,0.0,24.96,3,4,122,0,5
2025-05-02 04:03:09.822246,508.78,23.01,51.29,0.0,22.72,4,4,122,0,5
2025-05-02 05:03:09.822246,501.62,14.91,37.91,0.0,19.51,5,4,122,0,5
2025-05-02 06:03:09.822246,559.07,25.7,57.36,0.0,27.83,6,4,122,0,5
2025-05-02 07:03:09.822246,523.13,26.9,25.3,0.0,23.3,7,4,122,0,5
2025-05-02 08:03:09.822246,634.63,33.5,58.15,4.69,22.18,8,4,122,0,5
2025-05-02 09:03:09.822246,536.35,26.15,36.9,0.0,25.8,9,4,122,0,5
2025-05-02 10:03:09.822246,610.9,30.77,36.72,0.0,28.3,10,4,122,0,5
2025-05-02 11:03:09.822246,640.95,28.47,42.47,0.0,9.19,11,4,122,0,5
2025-05-02 12:03:09.822246,518.71,23.37,33.55,0.0,13.42,12,4,122,0,5
2025-05-02 13:03:09.822246,512.48,18.5,39.79,0.0,12.03,13,4,122,0,5
2025-05-02 14:03:09.822246,648.43,26.92,33.14,0.0,10.55,14,4,122,0,5
2025-05-02 15:03:09.822246,551.48,18.09,33.51,0.0,7.02,15,4,122,0,5
2025-05-02 16:03:09.822246,582.83,32.02,45.39,0.0,5.9,16,4,122,0,5
2025-05-02 17:03:09.822246,508.45,24.74,31.5,0.0,7.18,17,4,122,0,5
2025-05-02 18:03:09.822246,541.32,31.52,32.84,0.0,4.03,18,4,122,0,5
2025-05-02 19:03:09.822246,492.18,23.14,26.79,0.0,2.68,19,4,122,0,5
2025-05-02 20:03:09.822246,474.85,26.89,35.48,0.0,3.53,20,4,122,0,5
2025-05-02 21:03:09.822246,522.95,26.59,53.63,0.0,14.57,21,4,122,0,5
2025-05-02 22:03:09.822246,451.78,25.32,32.06,0.0,19.92,22,4,122,0,5
2025-05-02 23:03:09.822246,507.79,23.38,33.2,0.0,10.72,23,4,122,0,5
2025-05-03 00:03:09.822246,356.99,27.75,42.54,0.0,13.42,0,5,123,1,5
2025-05-03 01:03:09.822246,504.93,21.15,36.89,0.0,19.55,1,5,123,1,5
2025-05-03 02:03:09.822246,399.6,19.74,62.88,0.0,20.67,2,5,123,1,5
2025-05-03 03:03:09.822246,456.14,32.0,38.97,0.0,21.33,3,5,123,1,5
2025-05-03 04:03:09.822246,480.3,29.42,43.95,0.0,17.41,4,5,123,1,5
2025-05-03 05:03:09.822246,472.27,26.11,50.04,0.0,20.58,5,5,123,1,5
2025-05-03 06:03:09.822246,521.78,34.11,49.84,0.0,28.46,6,5,123,1,5
2025-05-03 07:03:09.822246,354.62,24.45,42.93,0.0,23.26,7,5,123,1,5
2025-05-03 08:03:09.822246,438.29,32.4,38.99,0.0,33.49,8,5,123,1,5
2025-05-03 09:03:09.822246,488.72,26.66,60.84,0.0,31.69,9,5,123,1,5
2025-05-03 10:03:09.822246,485.03,20.66,39.6,0.0,15.41,10,5,123,1,5
2025-05-03 11:03:09.822246,597.11,35.03,36.18,0.0,24.2,11,5,123,1,5
2025-05-03 12:03:09.822246,523.58,30.74,34.14,0.0,14.33,12,5,123,1,5
2025-05-03 13:03:09.822246,527.51,25.18,23.33,0.0,13.14,13,5,123,1,5
2025-05-03 14:03:09.822246,532.84,29.42,48.81,0.0,13.51,14,5,123,1,5
2025-05-03 15:03:09.822246,453.93,23.77,20.0,0.0,12.94,15,5,123,1,5
2025-05-03 16:03:09.822246,445.27,29.93,40.54,0.0,2.73,16,5,123,1,5
2025-05-03 17:03:09.822246,412.03,13.83,38.55,0.0,16.29,17,5,123,1,5
2025-05-03 18:03:09.822246,338.25,20.69,63.0,0.0,6.4,18,5,123,1,5
2025-05-03 19:03:09.822246,424.96,30.68,22.28,0.0,0.0,19,5,123,1,5
2025-05-03 20:03:09.822246,472.08,24.54,31.59,0.0,5.03,20,5,123,1,5
2025-05-03 21:03:09.822246,388.5,26.82,39.24,0.0,18.51,21,5,123,1,5
2025-05-03 22:03:09.822246,544.27,19.05,38.62,0.0,7.04,22,5,123,1,5
2025-05-03 23:03:09.822246,490.91,35.02,35.1,0.0,23.86,23,5,123,1,5
2025-05-04 00:03:09.822246,480.94,31.97,39.88,2.02,15.62,0,6,124,1,5
2025-05-04 01:03:09.822246,414.3,25.02,28.09,0.0,17.57,1,6,124,1,5
2025-05-04 02:03:09.822246,439.87,24.0,44.26,0.0,14.75,2,6,124,1,5
2025-05-04 03:03:09.822246,416.2,31.17,20.0,0.0,25.16,3,6,124,1,5
2025-05-04 04:03:09.822246,466.88,35.93,40.43,0.0,22.02,4,6,124,1,5
2025-05-04 05:03:09.822246,620.07,30.79,34.68,0.0,24.56,5,6,124,1,5
2025-05-04 06:03:09.822246,493.63,36.88,50.85,0.0,23.94,6,6,124,1,5
2025-05-04 07:03:09.822246,466.6,21.41,58.24,1.66,28.87,7,6,124,1,5
2025-05-04 08:03:09.822246,396.5,21.93,37.37,0.0,22.64,8,6,124,1,5
2025-05-04 09:03:09.822246,483.9,20.08,54.59,0.0,9.53,9,6,124,1,5
2025-05-04 10:03:09.822246,664.89,28.23,37.52,0.0,15.76,10,6,124,1,5
2025-05-04 11:03:09.822246,500.47,26.9,31.02,0.0,10.99,11,6,124,1,5
2025-05-04 12:03:09.822246,589.29,25.26,58.14,0.0,22.41,12,6,124,1,5
2025-05-04 13:03:09.822246,551.47,30.07,45.89,0.0,15.4,13,6,124,1,5
2025-05-04 14:03:09.822246,514.19,32.18,40.73,0.0,10.24,14,6,124,1,5
2025-05-04 15:03:09.822246,484.3,18.39,47.56,0.0,6.95,15,6,124,1,5
2025-05-04 16:03:09.822246,510.69,23.04,43.43,0.0,0.0,16,6,124,1,5
2025-05-04 17:03:09.822246,519.85,30.12,39.99,0.0,4.21,17,6,124,1,5
2025-05-04 18:03:09.822246,347.16,23.68,27.42,0.0,9.76,18,6,124,1,5
2025-05-04 19:03:09.822246,384.57,22.03,37.98,0.0,9.43,19,6,124,1,5
2025-05-04 20:03:09.822246,450.18,31.12,46.92,0.0,8.48,20,6,124,1,5
2025-05-04 21:03:09.822246,414.91,19.57,39.46,0.0,0.97,21,6,124,1,5
2025-05-04 22:03:09.822246,450.5,24.51,49.71,0.0,6.34,22,6,124,1,5
2025-05-04 23:03:09.822246,451.18,27.67,44.52,0.0,14.27,23,6,124,1,5
2025-05-05 00:03:09.822246,457.18,23.39,32.0,0.0,9.26,0,0,125,0,5
2025-05-05 01:03:09.822246,566.7,30.17,27.59,0.0,21.2,1,0,125,0,5
2025-05-05 02:03:09.822246,503.34,23.41,39.21,0.0,13.34,2,0,125,0,5
2025-05-05 03:03:09.822246,559.36,33.3,35.54,0.0,16.56,3,0,125,0,5
2025-05-05 04:03:09.822246,537.65,25.63,44.14,0.0,17.04,4,0,125,0,5
2025-05-05 05:03:09.822246,566.7,29.61,33.6,0.0,22.19,5,0,125,0,5
2025-05-05 06:03:09.822246,488.07,29.99,34.62,0.0,17.4,6,0,125,0,5
2025-05-05 07:03:09.822246,530.75,23.12,51.31,0.0,22.23,7,0,125,0,5
2025-05-05 08:03:09.822246,449.04,15.99,42.26,0.0,19.1,8,0,125,0,5
2025-05-05 09:03:09.822246,577.75,28.06,33.75,0.0,18.65,9,0,125,0,5
2025-05-05 10:03:09.822246,654.07,26.62,40.95,0.0,23.35,10,0,125,0,5
2025-05-05 11:03:09.822246,621.91,29.04,54.57,0.0,17.54,11,0,125,0,5
2025-05-05 12:03:09.822246,508.21,25.13,43.72,0.0,18.34,12,0,125,0,5
2025-05-05 13:03:09.822246,532.51,24.11,46.71,0.0,23.51,13,0,125,0,5
2025-05-05 14:03:09.822246,733.19,36.3,33.26,0.0,1.56,14,0,125,0,5
2025-05-05 15:03:09.822246,488.29,18.9,51.04,0.0,5.2,15,0,125,0,5
2025-05-05 16:03:09.822246,634.57,29.93,63.96,0.0,1.19,16,0,125,0,5
2025-05-05 17:03:09.822246,489.76,23.38,32.86,0.0,1.86,17,0,125,0,5
2025-05-05 18:03:09.822246,514.72,24.58,28.96,0.0,6.88,18,0,125,0,5
2025-05-05 19:03:09.822246,528.84,24.67,42.53,0.0,14.19,19,0,125,0,5
2025-05-05 20:03:09.822246,466.97,22.24,49.53,0.0,9.56,20,0,125,0,5
2025-05-05 21:03:09.822246,521.26,29.11,39.86,0.0,10.35,21,0,125,0,5
2025-05-05 22:03:09.822246,530.17,33.21,30.25,0.0,15.2,22,0,125,0,5
2025-05-05 23:03:09.822246,513.73,28.61,39.69,0.0,19.87,23,0,125,0,5
2025-05-06 00:03:09.822246,509.6,27.01,46.86,0.0,23.98,0,1,126,0,5
2025-05-06 01:03:09.822246,484.25,21.56,36.8,0.0,20.02,1,1,126,0,5
2025-05-06 02:03:09.822246,506.82,29.08,46.95,0.0,15.19,2,1,126,0,5
2025-05-06 03:03:09.822246,647.67,37.27,52.52,0.0,20.37,3,1,126,0,5
2025-05-06 04:03:09.822246,453.43,24.59,43.28,0.0,13.41,4,1,126,0,5
2025-05-06 05:03:09.822246,497.05,24.61,40.6,0.0,28.49,5,1,126,0,5
2025-05-06 06:03:09.822246,453.77,23.69,49.17,0.0,20.74,6,1,126,0,5
2025-05-06 07:03:09.822246,604.14,24.04,32.31,0.0,21.08,7,1,126,0,5
2025-05-06 08:03:09.822246,563.15,12.77,31.33,0.0,25.43,8,1,126,0,5
2025-05-06 09:03:09.822246,640.7,28.52,38.21,0.0,12.33,9,1,126,0,5
2025-05-06 10:03:09.822246,503.34,22.26,35.96,0.0,25.16,10,1,126,0,5
2025-05-06 11:03:09.822246,601.67,18.44,32.84,0.0,20.37,11,1,126,0,5
2025-05-06 12:03:09.822246,667.45,30.26,59.18,0.0,12.83,12,1,126,0,5
2025-05-06 13:03:09.822246,619.23,21.08,62.6,0.0,12.17,13,1,126,0,5
2025-05-06 14:03:09.822246,624.52,24.8,37.34,0.0,6.65,14,1,126,0,5
2025-05-06 15:03:09.822246,562.06,33.82,41.79,0.0,20.95,15,1,126,0,5
2025-05-06 16:03:09.822246,577.82,19.45,39.0,0.0,1.75,16,1,126,0,5
2025-05-06 17:03:09.822246,606.21,18.83,51.95,0.0,6.95,17,1,126,0,5
2025-05-06 18:03:09.822246,501.1,27.84,53.93,0.0,3.69,18,1,126,0,5
2025-05-06 19:03:09.822246,554.88,32.24,23.1,0.0,5.61,19,1,126,0,5
2025-05-06 20:03:09.822246,567.14,18.62,45.64,0.0,8.9,20,1,126,0,5
2025-05-06 21:03:09.822246,596.27,28.53,27.81,0.0,10.69,21,1,126,0,5
2025-05-06 22:03:09.822246,486.71,29.4,58.46,0.0,8.22,22,1,126,0,5
2025-05-06 23:03:09.822246,501.18,16.2,45.28,1.83,6.6,23,1,126,0,5
2025-05-07 00:03:09.822246,496.4,30.72,32.75,0.0,11.34,0,2,127,0,5
2025-05-07 01:03:09.822246,435.44,31.11,38.57,0.0,15.29,1,2,127,0,5
2025-05-07 02:03:09.822246,441.03,25.16,38.09,7.96,17.02,2,2,127,0,5
2025-05-07 03:03:09.822246,482.8,32.99,46.23,0.0,16.86,3,2,127,0,5
2025-05-07 04:03:09.822246,514.14,32.41,51.4,0.0,25.9,4,2,127,0,5
2025-05-07 05:03:09.822246,529.38,27.24,29.5,0.0,17.88,5,2,127,0,5
2025-05-07 06:03:09.822246,523.37,24.47,59.37,0.0,24.74,6,2,127,0,5
2025-05-07 07:03:09.822246,546.9,21.86,57.04,0.0,16.5,7,2,127,0,5
2025-05-07 08:03:09.822246,511.74,26.54,32.23,0.0,29.12,8,2,127,0,5
2025-05-07 09:03:09.822246,647.53,29.57,41.71,0.0,19.0,9,2,127,0,5
2025-05-07 10:03:09.822246,588.3,25.1,58.09,0.0,16.36,10,2,127,0,5
2025-05-07 11:03:09.822246,563.87,15.74,53.31,0.0,13.11,11,2,127,0,5
2025-05-07 12:03:09.822246,669.41,33.07,37.61,0.0,23.53,12,2,127,0,5
2025-05-07 13:03:09.822246,548.61,27.67,49.12,0.0,19.05,13,2,127,0,5
2025-05-07 14:03:09.822246,626.54,24.83,70.95,2.65,10.27,14,2,127,0,5
2025-05-07 15:03:09.822246,613.42,31.01,42.03,0.0,5.42,15,2,127,0,5
2025-05-07 16:03:09.822246,611.33,34.35,34.65,3.53,16.72,16,2,127,0,5
2025-05-07 17:03:09.822246,518.91,12.71,42.7,0.0,7.83,17,2,127,0,5
2025-05-07 18:03:09.822246,618.78,28.89,43.44,0.0,3.72,18,2,127,0,5
2025-05-07 19:03:09.822246,460.32,19.59,35.73,0.0,2.54,19,2,127,0,5
2025-05-07 20:03:09.822246,453.83,29.22,45.4,0.0,10.43,20,2,127,0,5
2025-05-07 21:03:09.822246,445.14,27.36,28.43,0.0,6.83,21,2,127,0,5
2025-05-07 22:03:09.822246,515.75,29.9,34.32,0.0,3.31,22,2,127,0,5
2025-05-07 23:03:09.822246,480.79,24.23,48.56,0.0,13.27,23,2,127,0,5
2025-05-08 00:03:09.822246,522.02,17.59,23.54,0.0,16.19,0,3,128,0,5
2025-05-08 01:03:09.822246,566.68,24.7,50.12,0.0,17.81,1,3,128,0,5
2025-05-08 02:03:09.822246,523.12,28.99,20.97,0.0,22.53,2,3,128,0,5
2025-05-08 03:03:09.822246,497.09,32.03,23.77,0.0,20.45,3,3,128,0,5
2025-05-08 04:03:09.822246,513.86,21.09,36.1,0.0,23.7,4,3,128,0,5
2025-05-08 05:03:09.822246,540.34,32.09,43.96,12.99,24.61,5,3,128,0,5
2025-05-08 06:03:09.822246,564.39,23.71,54.34,0.0,18.31,6,3,128,0,5
2025-05-08 07:03:09.822246,557.96,28.77,41.66,0.0,28.17,7,3,128,0,5
2025-05-08 08:03:09.822246,502.58,24.4,38.62,0.0,26.41,8,3,128,0,5
2025-05-08 09:03:09.822246,682.77,27.86,46.88,0.0,27.02,9,3,128,0,5
2025-05-08 10:03:09.822246,701.62,31.41,32.38,0.0,14.95,10,3,128,0,5
2025-05-08 11:03:09.822246,555.38,20.82,42.48,0.0,15.47,11,3,128,0,5
2025-05-08 12:03:09.822246,540.18,23.55,29.09,0.0,20.55,12,3,128,0,5
2025-05-08 13:03:09.822246,639.52,27.88,41.91,0.0,9.53,13,3,128,0,5
2025-05-08 14:03:09.822246,665.12,38.96,39.79,0.0,18.98,14,3,128,0,5
2025-05-08 15:03:09.822246,578.34,22.64,33.05,0.0,0.13,15,3,128,0,5
2025-05-08 16:03:09.822246,734.42,37.15,42.74,0.0,3.51,16,3,128,0,5
2025-05-08 17:03:09.822246,559.03,36.98,42.67,0.0,3.02,17,3,128,0,5
2025-05-08 18:03:09.822246,477.44,26.47,52.84,0.0,8.82,18,3,128,0,5
2025-05-08 19:03:09.822246,454.56,25.46,25.03,0.0,13.67,19,3,128,0,5
2025-05-08 20:03:09.822246,449.34,23.49,40.33,0.0,7.86,20,3,128,0,5
2025-05-08 21:03:09.822246,512.51,26.61,33.49,0.0,0.0,21,3,128,0,5
2025-05-08 22:03:09.822246,552.47,19.92,49.79,0.0,9.59,22,3,128,0,5
2025-05-08 23:03:09.822246,466.02,26.57,48.63,0.0,13.03,23,3,128,0,5
2025-05-09 00:03:09.822246,556.6,34.67,46.28,0.0,16.97,0,4,129,0,5
2025-05-09 01:03:09.822246,559.77,24.13,34.16,0.0,17.2,1,4,129,0,5
2025-05-09 02:03:09.822246,602.04,25.98,50.06,0.0,26.53,2,4,129,0,5
2025-05-09 03:03:09.822246,599.09,18.68,25.9,0.0,17.63,3,4,129,0,5
2025-05-09 04:03:09.822246,492.8,29.05,23.85,0.0,18.51,4,4,129,0,5
2025-05-09 05:03:09.822246,486.54,28.5,28.44,0.0,21.6,5,4,129,0,5
2025-05-09 06:03:09.822246,540.35,27.5,40.87,0.0,38.01,6,4,129,0,5
2025-05-09 07:03:09.822246,552.3,26.1,47.95,0.0,23.76,7,4,129,0,5
2025-05-09 08:03:09.822246,638.01,25.72,20.0,0.0,29.4,8,4,129,0,5
2025-05-09 09:03:09.822246,575.62,29.69,54.43,0.0,27.72,9,4,129,0,5
2025-05-09 10:03:09.822246,574.58,27.04,42.51,0.0,11.41,10,4,129,0,5
2025-05-09 11:03:09.822246,661.08,28.76,25.53,4.17,17.31,11,4,129,0,5
2025-05-09 12:03:09.822246,712.23,28.26,42.21,0.0,20.6,12,4,129,0,5
2025-05-09 13:03:09.822246,689.07,32.8,52.13,0.0,26.72,13,4,129,0,5
2025-05-09 14:03:09.822246,623.66,30.57,47.2,0.0,15.39,14,4,129,0,5
2025-05-09 15:03:09.822246,621.82,28.15,52.19,0.0,6.22,15,4,129,0,5
2025-05-09 16:03:09.822246,657.63,34.77,27.54,0.0,13.64,16,4,129,0,5
2025-05-09 17:03:09.822246,619.16,29.28,37.06,0.0,3.18,17,4,129,0,5
2025-05-09 18:03:09.822246,575.53,33.71,31.96,0.0,0.0,18,4,129,0,5
2025-05-09 19:03:09.822246,542.96,30.22,58.38,0.0,8.84,19,4,129,0,5
2025-05-09 20:03:09.822246,503.14,17.97,47.6,0.0,0.0,20,4,129,0,5
2025-05-09 21:03:09.822246,615.46,33.71,69.67,0.0,4.95,21,4,129,0,5
2025-05-09 22:03:09.822246,482.15,27.86,36.53,0.0,17.43,22,4,129,0,5
2025-05-09 23:03:09.822246,516.35,26.92,33.96,0.0,15.97,23,4,129,0,5
2025-05-10 00:03:09.822246,387.57,28.81,39.89,0.0,10.68,0,5,130,1,5
2025-05-10 01:03:09.822246,423.34,25.68,55.11,1.55,18.29,1,5,130,1,5
2025-05-10 02:03:09.822246,489.65,28.54,37.66,0.0,19.52,2,5,130,1,5
2025-05-10 03:03:09.822246,440.71,24.45,42.57,0.0,26.61,3,5,130,1,5
2025-05-10 04:03:09.822246,455.64,33.78,42.29,0.0,25.56,4,5,130,1,5
2025-05-10 05:03:09.822246,385.54,26.84,41.72,0.0,25.43,5,5,130,1,5
2025-05-10 06:03:09.822246,473.79,25.49,34.8,0.0,24.82,6,5,130,1,5
2025-05-10 07:03:09.822246,501.52,22.78,39.95,0.0,19.16,7,5,130,1,5
2025-05-10 08:03:09.822246,629.51,28.75,39.52,0.0,30.56,8,5,130,1,5
2025-05-10 09:03:09.822246,507.88,28.34,41.25,5.62,24.17,9,5,130,1,5
2025-05-10 10:03:09.822246,517.53,29.35,50.76,0.0,18.36,10,5,130,1,5
2025-05-10 11:03:09.822246,507.71,22.27,58.93,0.0,16.31,11,5,130,1,5
2025-05-10 12:03:09.822246,563.95,19.4,32.92,0.0,14.49,12,5,130,1,5
2025-05-10 13:03:09.822246,542.86,30.53,37.4,0.0,8.3,13,5,130,1,5
2025-05-10 14:03:09.822246,579.87,34.83,33.07,0.0,7.16,14,5,130,1,5
2025-05-10 15:03:09.822246,502.33,22.27,43.19,0.0,12.84,15,5,130,1,5
2025-05-10 16:03:09.822246,544.18,35.35,35.94,0.0,0.0,16,5,130,1,5
2025-05-10 17:03:09.822246,430.67,28.83,43.72,0.0,14.63,17,5,130,1,5
2025-05-10 18:03:09.822246,396.76,27.37,52.36,0.0,5.02,18,5,130,1,5
2025-05-10 19:03:09.822246,481.3,25.42,20.0,0.0,1.38,19,5,130,1,5
2025-05-10 20:03:09.822246,341.68,20.48,46.24,11.84,4.61,20,5,130,1,5
2025-05-10 21:03:09.822246,467.03,32.35,36.72,0.0,10.03,21,5,130,1,5
2025-05-10 22:03:09.822246,394.4,23.53,45.93,0.0,7.59,22,5,130,1,5
2025-05-10 23:03:09.822246,468.81,23.51,32.36,0.0,15.71,23,5,130,1,5
2025-05-11 00:03:09.822246,357.59,32.59,53.41,0.0,9.69,0,6,131,1,5
2025-05-11 01:03:09.822246,364.35,18.22,50.58,0.0,13.6,1,6,131,1,5
2025-05-11 02:03:09.822246,442.44,20.01,47.13,0.0,21.22,2,6,131,1,5
2025-05-11 03:03:09.822246,519.95,27.54,49.38,0.0,18.97,3,6,131,1,5
2025-05-11 04:03:09.822246,460.68,29.1,33.99,0.0,33.46,4,6,131,1,5
2025-05-11 05:03:09.822246,408.06,30.05,35.25,0.0,28.81,5,6,131,1,5
2025-05-11 06:03:09.822246,534.56,26.12,48.97,0.0,27.56,6,6,131,1,5
2025-05-11 07:03:09.822246,469.43,40.28,33.77,0.0,25.22,7,6,131,1,5
2025-05-11 08:03:09.822246,336.99,26.49,55.91,0.0,21.93,8,6,131,1,5
2025-05-11 09:03:09.822246,526.19,26.48,38.21,0.0,20.79,9,6,131,1,5
2025-05-11 10:03:09.822246,478.87,23.65,46.47,0.0,15.83,10,6,131,1,5
2025-05-11 11:03:09.822246,458.52,28.25,62.44,0.0,18.65,11,6,131,1,5
2025-05-11 12:03:09.822246,560.85,30.7,34.39,0.0,8.77,12,6,131,1,5
2025-05-11 13:03:09.822246,613.05,33.65,42.14,0.0,19.7,13,6,131,1,5
2025-05-11 14:03:09.822246,457.94,20.18,51.99,0.0,10.31,14,6,131,1,5
2025-05-11 15:03:09.822246,459.17,26.4,50.96,0.0,14.78,15,6,131,1,5
2025-05-11 16:03:09.822246,552.92,29.86,38.17,0.0,10.81,16,6,131,1,5
2025-05-11 17:03:09.822246,507.46,30.57,36.28,0.0,4.99,17,6,131,1,5
2025-05-11 18:03:09.822246,408.29,27.66,39.12,0.0,7.23,18,6,131,1,5
2025-05-11 19:03:09.822246,552.24,30.34,55.93,0.0,3.21,19,6,131,1,5
2025-05-11 20:03:09.822246,359.81,23.59,38.66,0.0,5.86,20,6,131,1,5
2025-05-11 21:03:09.822246,399.3,35.42,42.23,0.0,4.05,21,6,131,1,5
2025-05-11 22:03:09.822246,429.05,32.59,37.18,0.0,18.33,22,6,131,1,5
2025-05-11 23:03:09.822246,404.55,20.91,48.5,0.0,13.35,23,6,131,1,5
2025-05-12 00:03:09.822246,509.7,22.48,43.14,0.0,19.23,0,0,132,0,5
2025-05-12 01:03:09.822246,457.15,22.62,31.55,0.0,15.4,1,0,132,0,5
2025-05-12 02:03:09.822246,562.14,31.24,31.89,0.0,27.89,2,0,132,0,5
2025-05-12 03:03:09.822246,433.52,21.43,21.59,0.0,18.45,3,0,132,0,5
2025-05-12 04:03:09.822246,581.57,26.2,33.27,0.0,23.09,4,0,132,0,5
2025-05-12 05:03:09.822246,532.87,30.12,49.52,0.0,22.3,5,0,132,0,5
2025-05-12 06:03:09.822246,596.59,27.52,54.82,0.0,26.37,6,0,132,0,5
2025-05-12 07:03:09.822246,579.96,29.15,48.44,0.0,21.2,7,0,132,0,5
2025-05-12 08:03:09.822246,536.77,22.52,47.13,0.0,26.61,8,0,132,0,5
2025-05-12 09:03:09.822246,616.82,30.83,40.32,0.0,23.39,9,0,132,0,5
2025-05-12 10:03:09.822246,603.39,24.79,49.33,0.0,19.2,10,0,132,0,5
2025-05-12 11:03:09.822246,622.34,26.23,44.44,0.0,12.26,11,0,132,0,5
2025-05-12 12:03:09.822246,658.17,29.04,59.63,0.0,14.6,12,0,132,0,5
2025-05-12 13:03:09.822246,641.34,28.37,40.6,0.0,11.89,13,0,132,0,5
2025-05-12 14:03:09.822246,620.36,27.97,55.01,0.0,14.48,14,0,132,0,5
2025-05-12 15:03:09.822246,585.5,24.1,50.32,0.0,6.48,15,0,132,0,5
2025-05-12 16:03:09.822246,595.7,26.35,48.94,0.0,1.44,16,0,132,0,5
2025-05-12 17:03:09.822246,521.21,27.86,21.47,0.0,0.0,17,0,132,0,5
2025-05-12 18:03:09.822246,586.3,20.98,50.87,0.0,10.75,18,0,132,0,5
2025-05-12 19:03:09.822246,504.58,25.54,40.31,0.0,4.45,19,0,132,0,5
2025-05-12 20:03:09.822246,446.56,29.79,37.14,0.0,7.98,20,0,132,0,5
2025-05-12 21:03:09.822246,487.76,21.46,26.75,11.77,5.35,21,0,132,0,5
2025-05-12 22:03:09.822246,508.75,33.63,41.52,0.0,7.01,22,0,132,0,5
2025-05-12 23:03:09.822246,596.53,34.2,41.92,0.0,11.93,23,0,132,0,5
2025-05-13 00:03:09.822246,446.33,21.84,28.69,0.0,10.82,0,1,133,0,5
2025-05-13 01:03:09.822246,524.67,34.86,26.98,0.0,15.75,1,1,133,0,5
2025-05-13 02:03:09.822246,422.35,27.35,46.58,0.0,23.57,2,1,133,0,5
2025-05-13 03:03:09.822246,502.04,30.16,50.43,0.0,25.58,3,1,133,0,5
2025-05-13 04:03:09.822246,362.32,25.59,43.62,0.0,21.15,4,1,133,0,5
2025-05-13 05:03:09.822246,441.85,32.69,53.23,0.0,23.51,5,1,133,0,5
2025-05-13 06:03:09.822246,560.34,30.1,40.85,0.0,15.37,6,1,133,0,5
2025-05-13 07:03:09.822246,523.94,24.0,41.17,0.0,16.31,7,1,133,0,5
2025-05-13 08:03:09.822246,552.95,22.24,32.55,0.0,21.09,8,1,133,0,5
2025-05-13 09:03:09.822246,502.97,20.77,26.12,0.0,22.29,9,1,133,0,5
2025-05-13 10:03:09.822246,600.78,29.01,60.26,1.23,13.65,10,1,133,0,5
2025-05-13 11:03:09.822246,633.55,30.93,53.03,0.0,21.11,11,1,133,0,5
2025-05-13 12:03:09.822246,576.09,31.32,27.79,0.0,19.26,12,1,133,0,5
2025-05-13 13:03:09.822246,699.57,27.48,43.27,0.0,8.2,13,1,133,0,5
2025-05-13 14:03:09.822246,618.41,22.29,40.72,0.0,5.56,14,1,133,0,5
2025-05-13 15:03:09.822246,594.99,24.66,38.98,0.0,9.99,15,1,133,0,5
2025-05-13 16:03:09.822246,594.45,33.83,37.63,0.0,14.69,16,1,133,0,5
2025-05-13 17:03:09.822246,553.11,25.65,45.53,0.0,3.25,17,1,133,0,5
2025-05-13 18:03:09.822246,411.48,28.79,49.9,0.0,9.68,18,1,133,0,5
2025-05-13 19:03:09.822246,475.16,22.69,45.74,4.39,5.21,19,1,133,0,5
2025-05-13 20:03:09.822246,469.08,29.75,40.51,1.07,6.65,20,1,133,0,5
2025-05-13 21:03:09.822246,450.14,25.78,40.15,0.0,6.99,21,1,133,0,5
2025-05-13 22:03:09.822246,509.21,33.3,51.09,0.0,14.68,22,1,133,0,5
2025-05-13 23:03:09.822246,645.87,31.94,46.35,0.0,22.32,23,1,133,0,5
2025-05-14 00:03:09.822246,537.14,25.81,42.59,0.07,19.27,0,2,134,0,5
2025-05-14 01:03:09.822246,493.52,27.65,41.5,0.0,11.69,1,2,134,0,5
2025-05-14 02:03:09.822246,493.79,25.53,45.31,0.0,18.73,2,2,134,0,5
2025-05-14 03:03:09.822246,515.84,21.19,37.18,0.0,12.34,3,2,134,0,5
2025-05-14 04:03:09.822246,532.31,24.0,50.08,0.0,33.94,4,2,134,0,5
2025-05-14 05:03:09.822246,493.38,29.28,31.1,0.0,26.42,5,2,134,0,5
2025-05-14 06:03:09.822246,433.16,29.91,37.75,0.0,20.99,6,2,134,0,5
2025-05-14 07:03:09.822246,594.37,29.03,47.97,0.0,25.97,7,2,134,0,5
2025-05-14 08:03:09.822246,582.46,26.78,30.53,5.95,33.09,8,2,134,0,5
2025-05-14 09:03:09.822246,636.73,32.95,26.13,0.0,17.89,9,2,134,0,5
2025-05-14 10:03:09.822246,636.26,28.6,42.49,0.0,17.15,10,2,134,0,5
2025-05-14 11:03:09.822246,717.24,31.8,24.9,0.0,11.72,11,2,134,0,5
2025-05-14 12:03:09.822246,529.99,19.42,28.87,0.0,17.84,12,2,134,0,5
2025-05-14 13:03:09.822246,709.77,8.67,49.43,0.0,11.71,13,2,134,0,5
2025-05-14 14:03:09.822246,608.32,29.71,39.81,0.0,0.0,14,2,134,0,5
2025-05-14 15:03:09.822246,640.36,21.16,54.71,0.0,9.62,15,2,134,0,5
2025-05-14 16:03:09.822246,499.0,27.22,29.81,0.0,11.09,16,2,134,0,5
2025-05-14 17:03:09.822246,621.82,26.78,40.92,0.0,2.68,17,2,134,0,5
2025-05-14 18:03:09.822246,579.55,36.22,45.86,5.34,4.77,18,2,134,0,5
2025-05-14 19:03:09.822246,497.49,30.29,30.15,0.0,4.33,19,2,134,0,5
2025-05-14 20:03:09.822246,489.46,29.12,52.18,0.0,9.78,20,2,134,0,5
2025-05-14 21:03:09.822246,505.8,32.47,46.97,0.0,0.0,21,2,134,0,5
2025-05-14 22:03:09.822246,578.88,30.13,25.77,0.0,6.72,22,2,134,0,5
2025-05-14 23:03:09.822246,517.38,26.0,41.48,0.0,10.88,23,2,134,0,5
2025-05-15 00:03:09.822246,500.78,33.86,45.87,0.0,18.85,0,3,135,0,5
2025-05-15 01:03:09.822246,453.79,22.95,36.11,0.0,17.6,1,3,135,0,5
2025-05-15 02:03:09.822246,664.23,30.12,27.21,0.0,13.45,2,3,135,0,5
2025-05-15 03:03:09.822246,527.81,20.76,44.79,0.0,19.19,3,3,135,0,5
2025-05-15 04:03:09.822246,559.93,29.52,64.12,0.0,29.96,4,3,135,0,5
2025-05-15 05:03:09.822246,532.71,29.47,38.14,0.0,18.04,5,3,135,0,5
2025-05-15 06:03:09.822246,552.31,36.88,57.7,0.0,30.14,6,3,135,0,5
2025-05-15 07:03:09.822246,535.99,20.68,34.48,0.0,29.34,7,3,135,0,5
2025-05-15 08:03:09.822246,507.16,25.5,44.16,0.0,29.75,8,3,135,0,5
2025-05-15 09:03:09.822246,637.76,32.61,49.72,0.0,27.57,9,3,135,0,5
2025-05-15 10:03:09.822246,560.76,30.18,41.92,0.0,26.81,10,3,135,0,5
2025-05-15 11:03:09.822246,649.83,29.4,39.03,0.0,8.61,11,3,135,0,5
2025-05-15 12:03:09.822246,627.52,23.72,49.27,0.0,21.54,12,3,135,0,5
2025-05-15 13:03:09.822246,585.0,25.55,60.92,0.0,14.89,13,3,135,0,5
2025-05-15 14:03:09.822246,715.14,34.73,45.01,0.0,7.14,14,3,135,0,5
2025-05-15 15:03:09.822246,529.26,28.24,36.85,4.92,2.03,15,3,135,0,5
2025-05-15 16:03:09.822246,487.17,30.38,40.11,0.0,6.49,16,3,135,0,5
2025-05-15 17:03:09.822246,546.87,27.92,67.2,0.0,17.25,17,3,135,0,5
2025-05-15 18:03:09.822246,552.37,22.59,43.36,0.0,7.61,18,3,135,0,5
2025-05-15 19:03:09.822246,622.65,33.17,36.06,0.0,2.91,19,3,135,0,5
2025-05-15 20:03:09.822246,513.45,31.02,30.56,0.0,18.18,20,3,135,0,5
2025-05-15 21:03:09.822246,615.27,40.03,23.75,0.0,11.16,21,3,135,0,5
2025-05-15 22:03:09.822246,485.76,23.42,45.64,0.0,13.39,22,3,135,0,5
2025-05-15 23:03:09.822246,501.22,32.61,48.55,0.0,13.86,23,3,135,0,5
2025-05-16 00:03:09.822246,541.39,22.15,38.19,0.0,17.57,0,4,136,0,5
2025-05-16 01:03:09.822246,515.6,29.5,42.01,0.0,5.26,1,4,136,0,5
2025-05-16 02:03:09.822246,469.36,33.59,30.46,0.0,20.77,2,4,136,0,5
2025-05-16 03:03:09.822246,525.31,18.35,43.49,0.0,26.05,3,4,136,0,5
2025-05-16 04:03:09.822246,559.07,27.69,46.98,0.0,31.56,4,4,136,0,5
2025-05-16 05:03:09.822246,449.15,25.9,36.81,0.0,36.13,5,4,136,0,5
2025-05-16 06:03:09.822246,533.59,25.2,59.06,0.0,30.52,6,4,136,0,5
2025-05-16 07:03:09.822246,550.15,30.64,33.79,0.0,25.72,7,4,136,0,5
2025-05-16 08:03:09.822246,601.5,34.32,45.0,0.0,24.01,8,4,136,0,5
2025-05-16 09:03:09.822246,545.67,28.05,50.64,0.0,18.58,9,4,136,0,5
2025-05-16 10:03:09.822246,567.2,29.74,41.39,0.0,22.73,10,4,136,0,5
2025-05-16 11:03:09.822246,627.29,29.28,40.28,0.0,27.49,11,4,136,0,5
2025-05-16 12:03:09.822246,670.29,28.72,27.87,0.0,13.15,12,4,136,0,5
2025-05-16 13:03:09.822246,607.83,23.27,55.73,0.0,13.34,13,4,136,0,5
2025-05-16 14:03:09.822246,591.7,34.25,40.46,0.0,6.46,14,4,136,0,5
2025-05-16 15:03:09.822246,611.78,30.19,47.53,0.0,13.12,15,4,136,0,5
2025-05-16 16:03:09.822246,403.57,30.69,48.89,0.0,12.58,16,4,136,0,5
2025-05-16 17:03:09.822246,570.21,24.68,35.88,0.0,1.88,17,4,136,0,5
2025-05-16 18:03:09.822246,445.39,26.42,40.19,0.0,7.92,18,4,136,0,5
2025-05-16 19:03:09.822246,495.23,27.83,55.51,0.0,0.0,19,4,136,0,5
2025-05-16 20:03:09.822246,420.97,21.04,30.99,6.45,4.98,20,4,136,0,5
2025-05-16 21:03:09.822246,376.1,20.27,63.44,0.0,14.35,21,4,136,0,5
2025-05-16 22:03:09.822246,579.47,25.71,34.71,0.0,7.66,22,4,136,0,5
2025-05-16 23:03:09.822246,535.87,31.32,30.37,0.0,5.91,23,4,136,0,5
2025-05-17 00:03:09.822246,418.57,25.66,43.64,0.0,18.45,0,5,137,1,5
2025-05-17 01:03:09.822246,386.96,23.83,64.4,0.0,17.04,1,5,137,1,5
2025-05-17 02:03:09.822246,466.56,24.85,23.21,0.0,20.98,2,5,137,1,5
2025-05-17 03:03:09.822246,434.51,26.64,40.91,0.0,23.76,3,5,137,1,5
2025-05-17 04:03:09.822246,395.69,27.15,47.08,4.27,28.21,4,5,137,1,5
2025-05-17 05:03:09.822246,561.83,39.75,42.66,0.0,30.07,5,5,137,1,5
2025-05-17 06:03:09.822246,397.53,34.19,46.14,0.0,26.94,6,5,137,1,5
2025-05-17 07:03:09.822246,439.8,34.04,35.14,0.0,30.55,7,5,137,1,5
2025-05-17 08:03:09.822246,494.73,34.76,36.32,0.0,23.57,8,5,137,1,5
2025-05-17 09:03:09.822246,555.54,23.93,40.83,0.0,23.67,9,5,137,1,5
2025-05-17 10:03:09.822246,533.52,22.81,31.02,0.0,20.17,10,5,137,1,5
2025-05-17 11:03:09.822246,484.23,23.39,41.87,0.0,11.72,11,5,137,1,5
2025-05-17 12:03:09.822246,519.8,35.59,38.43,0.0,22.45,12,5,137,1,5
2025-05-17 13:03:09.822246,528.84,26.18,37.62,0.0,12.71,13,5,137,1,5
2025-05-17 14:03:09.822246,582.39,22.66,45.52,0.0,18.0,14,5,137,1,5
2025-05-17 15:03:09.822246,507.11,26.77,24.11,0.0,10.25,15,5,137,1,5
2025-05-17 16:03:09.822246,511.4,27.73,40.03,0.0,8.47,16,5,137,1,5
2025-05-17 17:03:09.822246,553.41,30.26,65.49,0.0,10.09,17,5,137,1,5
2025-05-17 18:03:09.822246,450.85,30.18,31.46,0.0,6.49,18,5,137,1,5
2025-05-17 19:03:09.822246,404.65,24.78,55.17,0.0,2.27,19,5,137,1,5
2025-05-17 20:03:09.822246,469.66,32.35,42.87,0.0,5.67,20,5,137,1,5
2025-05-17 21:03:09.822246,426.07,25.72,36.29,0.0,13.81,21,5,137,1,5
2025-05-17 22:03:09.822246,437.92,28.14,29.11,0.0,13.62,22,5,137,1,5
2025-05-17 23:03:09.822246,429.97,32.35,43.72,0.0,8.17,23,5,137,1,5
2025-05-18 00:03:09.822246,415.05,25.92,57.02,0.0,16.54,0,6,138,1,5
2025-05-18 01:03:09.822246,460.22,26.28,38.59,0.0,12.71,1,6,138,1,5
2025-05-18 02:03:09.822246,448.37,32.09,41.67,0.0,20.5,2,6,138,1,5
2025-05-18 03:03:09.822246,435.26,24.84,52.59,0.0,27.17,3,6,138,1,5
2025-05-18 04:03:09.822246,300.46,27.2,45.89,0.0,20.67,4,6,138,1,5
2025-05-18 05:03:09.822246,473.7,31.91,26.76,0.0,24.18,5,6,138,1,5
2025-05-18 06:03:09.822246,522.57,39.4,43.47,0.0,20.33,6,6,138,1,5
2025-05-18 07:03:09.822246,547.16,32.15,57.6,0.0,27.71,7,6,138,1,5
2025-05-18 08:03:09.822246,330.77,31.49,42.11,0.0,24.39,8,6,138,1,5
2025-05-18 09:03:09.822246,628.23,31.78,20.0,9.84,18.87,9,6,138,1,5
2025-05-18 10:03:09.822246,482.36,23.76,46.36,0.0,22.1,10,6,138,1,5
2025-05-18 11:03:09.822246,576.46,29.71,40.5,0.0,17.47,11,6,138,1,5
2025-05-18 12:03:09.822246,457.72,28.98,24.19,0.0,17.51,12,6,138,1,5
2025-05-18 13:03:09.822246,551.79,30.74,25.69,0.0,7.79,13,6,138,1,5
2025-05-18 14:03:09.822246,454.86,29.71,52.23,0.0,8.38,14,6,138,1,5
2025-05-18 15:03:09.822246,514.5,31.03,35.16,0.0,8.61,15,6,138,1,5
2025-05-18 16:03:09.822246,582.27,27.57,33.41,0.0,9.78,16,6,138,1,5
2025-05-18 17:03:09.822246,457.95,29.42,42.13,0.0,0.46,17,6,138,1,5
2025-05-18 18:03:09.822246,392.23,22.99,36.04,0.0,5.57,18,6,138,1,5
2025-05-18 19:03:09.822246,496.45,27.53,43.48,0.0,10.3,19,6,138,1,5
2025-05-18 20:03:09.822246,522.87,36.08,40.45,0.0,6.65,20,6,138,1,5
2025-05-18 21:03:09.822246,454.85,30.72,30.48,0.0,6.34,21,6,138,1,5
2025-05-18 22:03:09.822246,454.83,29.02,37.37,0.0,7.31,22,6,138,1,5
2025-05-18 23:03:09.822246,604.73,38.61,46.91,0.0,9.81,23,6,138,1,5
2025-05-19 00:03:09.822246,492.5,22.53,43.07,0.0,16.12,0,0,139,0,5
2025-05-19 01:03:09.822246,467.69,23.78,41.83,0.0,7.66,1,0,139,0,5
2025-05-19 02:03:09.822246,588.65,37.89,62.02,0.0,17.26,2,0,139,0,5
2025-05-19 03:03:09.822246,555.01,29.56,49.96,0.0,24.16,3,0,139,0,5
2025-05-19 04:03:09.822246,558.48,28.12,51.18,0.0,27.39,4,0,139,0,5
2025-05-19 05:03:09.822246,522.65,23.33,40.99,0.0,19.98,5,0,139,0,5
2025-05-19 06:03:09.822246,488.99,31.57,44.85,0.0,21.86,6,0,139,0,5
2025-05-19 07:03:09.822246,654.37,32.05,38.34,0.0,25.03,7,0,139,0,5
2025-05-19 08:03:09.822246,448.48,23.86,50.43,0.0,26.77,8,0,139,0,5
2025-05-19 09:03:09.822246,634.75,28.63,41.55,0.0,20.22,9,0,139,0,5
2025-05-19 10:03:09.822246,599.31,27.65,44.87,0.0,19.37,10,0,139,0,5
2025-05-19 11:03:09.822246,647.22,30.61,44.26,0.0,19.28,11,0,139,0,5
2025-05-19 12:03:09.822246,589.26,23.73,42.47,0.0,9.23,12,0,139,0,5
2025-05-19 13:03:09.822246,648.7,35.59,72.03,0.0,20.54,13,0,139,0,5
2025-05-19 14:03:09.822246,613.68,33.91,35.98,0.0,10.41,14,0,139,0,5
2025-05-19 15:03:09.822246,662.64,27.51,35.89,0.0,6.18,15,0,139,0,5
2025-05-19 16:03:09.822246,587.3,28.25,49.59,0.0,12.04,16,0,139,0,5
2025-05-19 17:03:09.822246,517.57,28.65,36.7,0.0,5.98,17,0,139,0,5
2025-05-19 18:03:09.822246,525.07,25.44,39.74,0.0,4.13,18,0,139,0,5
2025-05-19 19:03:09.822246,567.43,27.11,31.79,0.0,7.2,19,0,139,0,5
2025-05-19 20:03:09.822246,443.07,27.98,47.57,0.0,6.55,20,0,139,0,5
2025-05-19 21:03:09.822246,592.57,37.4,47.69,2.34,4.85,21,0,139,0,5
2025-05-19 22:03:09.822246,604.55,34.06,39.5,0.0,15.34,22,0,139,0,5
2025-05-19 23:03:09.822246,536.46,34.0,49.8,0.0,4.92,23,0,139,0,5
2025-05-20 00:03:09.822246,597.61,31.38,24.24,0.0,12.97,0,1,140,0,5
2025-05-20 01:03:09.822246,483.25,23.94,35.76,0.0,26.86,1,1,140,0,5
2025-05-20 02:03:09.822246,499.21,29.32,41.12,0.0,20.53,2,1,140,0,5
2025-05-20 03:03:09.822246,529.3,34.38,31.1,0.0,14.14,3,1,140,0,5
2025-05-20 04:03:09.822246,490.27,23.24,25.34,0.0,29.31,4,1,140,0,5
2025-05-20 05:03:09.822246,494.27,32.71,39.75,0.0,23.24,5,1,140,0,5
2025-05-20 06:03:09.822246,514.2,41.14,49.76,0.0,19.7,6,1,140,0,5
2025-05-20 07:03:09.822246,641.71,34.84,55.65,0.0,29.93,7,1,140,0,5
2025-05-20 08:03:09.822246,585.21,36.6,37.35,0.0,29.15,8,1,140,0,5
2025-05-20 09:03:09.822246,502.34,30.62,50.16,0.0,29.21,9,1,140,0,5
2025-05-20 10:03:09.822246,529.23,34.37,49.19,0.0,15.16,10,1,140,0,5
2025-05-20 11:03:09.822246,542.32,25.94,55.01,0.0,16.89,11,1,140,0,5
2025-05-20 12:03:09.822246,599.11,33.51,39.32,0.0,13.54,12,1,140,0,5
2025-05-20 13:03:09.822246,729.6,32.8,24.84,0.0,7.75,13,1,140,0,5
2025-05-20 14:03:09.822246,629.66,30.98,43.53,0.0,12.86,14,1,140,0,5
2025-05-20 15:03:09.822246,563.85,36.11,32.69,0.0,13.4,15,1,140,0,5
2025-05-20 16:03:09.822246,629.23,26.84,35.59,0.0,4.06,16,1,140,0,5
2025-05-20 17:03:09.822246,600.18,28.6,39.81,0.0,6.12,17,1,140,0,5
2025-05-20 18:03:09.822246,509.92,30.01,39.44,0.0,5.72,18,1,140,0,5
2025-05-20 19:03:09.822246,382.17,24.38,44.24,0.0,10.76,19,1,140,0,5
2025-05-20 20:03:09.822246,581.64,30.67,49.86,0.0,6.38,20,1,140,0,5
2025-05-20 21:03:09.822246,385.87,20.94,39.15,0.0,8.09,21,1,140,0,5
2025-05-20 22:03:09.822246,473.32,34.77,46.78,0.0,14.58,22,1,140,0,5
2025-05-20 23:03:09.822246,592.54,29.76,42.97,0.0,13.03,23,1,140,0,5
2025-05-21 00:03:09.822246,616.86,27.12,52.36,0.0,12.16,0,2,141,0,5
2025-05-21 01:03:09.822246,568.96,25.56,41.12,0.0,12.12,1,2,141,0,5
2025-05-21 02:03:09.822246,552.84,28.56,42.21,0.0,16.91,2,2,141,0,5
2025-05-21 03:03:09.822246,592.71,33.17,39.26,0.0,23.28,3,2,141,0,5
2025-05-21 04:03:09.822246,540.11,32.47,41.38,0.0,17.16,4,2,141,0,5
2025-05-21 05:03:09.822246,530.92,26.2,35.17,0.0,26.03,5,2,141,0,5
2025-05-21 06:03:09.822246,477.32,25.5,34.18,6.32,17.44,6,2,141,0,5
2025-05-21 07:03:09.822246,571.57,33.01,50.76,0.0,19.68,7,2,141,0,5
2025-05-21 08:03:09.822246,514.72,26.12,32.17,0.0,26.92,8,2,141,0,5
2025-05-21 09:03:09.822246,549.36,30.03,39.81,0.0,19.85,9,2,141,0,5
2025-05-21 10:03:09.822246,592.85,30.35,53.16,0.0,21.15,10,2,141,0,5
2025-05-21 11:03:09.822246,518.41,31.29,39.48,6.38,17.31,11,2,141,0,5
2025-05-21 12:03:09.822246,651.43,34.02,51.29,0.0,22.79,12,2,141,0,5
2025-05-21 13:03:09.822246,535.14,23.41,37.09,0.0,13.09,13,2,141,0,5
2025-05-21 14:03:09.822246,499.44,20.17,32.49,0.0,4.89,14,2,141,0,5
2025-05-21 15:03:09.822246,566.52,26.89,27.06,0.0,10.97,15,2,141,0,5
2025-05-21 16:03:09.822246,675.55,38.74,56.13,0.0,1.07,16,2,141,0,5
2025-05-21 17:03:09.822246,619.04,39.84,31.63,0.0,10.3,17,2,141,0,5
2025-05-21 18:03:09.822246,475.85,38.89,50.48,0.0,8.97,18,2,141,0,5
2025-05-21 19:03:09.822246,460.79,28.76,33.0,0.0,6.82,19,2,141,0,5
2025-05-21 20:03:09.822246,569.2,20.82,56.18,0.0,10.11,20,2,141,0,5
2025-05-21 21:03:09.822246,425.49,18.01,65.07,0.0,13.8,21,2,141,0,5
2025-05-21 22:03:09.822246,474.06,26.66,26.14,0.0,9.86,22,2,141,0,5
2025-05-21 23:03:09.822246,511.68,28.74,32.16,0.0,13.27,23,2,141,0,5
2025-05-22 00:03:09.822246,511.87,36.43,50.92,0.0,16.21,0,3,142,0,5
2025-05-22 01:03:09.822246,521.03,34.26,48.32,0.0,13.92,1,3,142,0,5
2025-05-22 02:03:09.822246,461.58,31.06,50.96,0.0,17.12,2,3,142,0,5
2025-05-22 03:03:09.822246,490.33,25.48,37.45,0.0,22.36,3,3,142,0,5
2025-05-22 04:03:09.822246,522.14,25.12,63.06,0.0,23.63,4,3,142,0,5
2025-05-22 05:03:09.822246,422.97,31.2,44.37,0.0,25.93,5,3,142,0,5
2025-05-22 06:03:09.822246,559.19,33.41,31.02,0.0,22.53,6,3,142,0,5
2025-05-22 07:03:09.822246,575.51,31.88,40.66,0.55,17.3,7,3,142,0,5
2025-05-22 08:03:09.822246,573.5,24.75,31.15,0.0,31.01,8,3,142,0,5
2025-05-22 09:03:09.822246,609.06,33.18,59.1,0.0,15.1,9,3,142,0,5
2025-05-22 10:03:09.822246,698.33,32.05,36.58,0.0,24.07,10,3,142,0,5
2025-05-22 11:03:09.822246,601.15,24.57,48.11,0.0,16.07,11,3,142,0,5
2025-05-22 12:03:09.822246,576.61,26.0,38.48,0.0,16.0,12,3,142,0,5
2025-05-22 13:03:09.822246,648.49,33.37,37.03,0.0,15.72,13,3,142,0,5
2025-05-22 14:03:09.822246,628.7,28.75,24.09,0.0,7.72,14,3,142,0,5
2025-05-22 15:03:09.822246,618.66,37.87,49.17,0.0,1.09,15,3,142,0,5
2025-05-22 16:03:09.822246,583.47,32.43,56.18,0.0,11.34,16,3,142,0,5
2025-05-22 17:03:09.822246,488.43,27.49,34.03,0.0,8.68,17,3,142,0,5
2025-05-22 18:03:09.822246,504.63,29.87,27.74,0.0,5.36,18,3,142,0,5
2025-05-22 19:03:09.822246,441.0,30.24,51.22,0.0,9.47,19,3,142,0,5
2025-05-22 20:03:09.822246,578.88,26.28,26.73,0.0,7.98,20,3,142,0,5
2025-05-22 21:03:09.822246,446.41,25.36,55.38,0.0,7.65,21,3,142,0,5
2025-05-22 22:03:09.822246,493.21,33.43,34.14,0.0,9.0,22,3,142,0,5
2025-05-22 23:03:09.822246,502.11,34.15,32.15,0.0,1.66,23,3,142,0,5
2025-05-23 00:03:09.822246,568.12,33.14,45.86,0.0,16.34,0,4,143,0,5
2025-05-23 01:03:09.822246,522.6,37.69,33.0,0.0,12.51,1,4,143,0,5
2025-05-23 02:03:09.822246,557.99,27.41,36.31,0.0,22.2,2,4,143,0,5
2025-05-23 03:03:09.822246,511.01,38.49,46.92,0.0,20.61,3,4,143,0,5
2025-05-23 04:03:09.822246,561.43,25.61,20.0,0.0,15.02,4,4,143,0,5
2025-05-23 05:03:09.822246,442.49,25.05,59.8,0.0,24.34,5,4,143,0,5
2025-05-23 06:03:09.822246,568.84,21.32,43.81,0.0,22.75,6,4,143,0,5
2025-05-23 07:03:09.822246,487.8,27.89,30.45,0.0,31.55,7,4,143,0,5
2025-05-23 08:03:09.822246,584.29,27.6,33.2,0.0,13.65,8,4,143,0,5
2025-05-23 09:03:09.822246,612.53,32.75,53.29,4.06,17.92,9,4,143,0,5
2025-05-23 10:03:09.822246,633.09,31.34,49.39,0.0,14.11,10,4,143,0,5
2025-05-23 11:03:09.822246,567.32,24.15,57.24,0.0,21.54,11,4,143,0,5
2025-05-23 12:03:09.822246,604.5,28.15,36.55,0.0,16.06,12,4,143,0,5
2025-05-23 13:03:09.822246,599.3,28.26,46.34,0.0,16.15,13,4,143,0,5
2025-05-23 14:03:09.822246,508.7,21.24,47.64,0.0,4.43,14,4,143,0,5
2025-05-23 15:03:09.822246,620.48,25.21,50.33,0.59,3.11,15,4,143,0,5
2025-05-23 16:03:09.822246,665.38,26.26,54.65,0.0,6.63,16,4,143,0,5
2025-05-23 17:03:09.822246,524.28,37.28,36.2,0.0,14.02,17,4,143,0,5
2025-05-23 18:03:09.822246,471.31,31.07,42.23,0.0,7.72,18,4,143,0,5
2025-05-23 19:03:09.822246,547.17,33.43,37.28,0.0,0.95,19,4,143,0,5
2025-05-23 20:03:09.822246,630.64,22.62,42.85,0.0,7.43,20,4,143,0,5
2025-05-23 21:03:09.822246,473.81,36.09,50.36,0.0,10.91,21,4,143,0,5
2025-05-23 22:03:09.822246,646.48,36.62,26.84,0.0,3.2,22,4,143,0,5
2025-05-23 23:03:09.822246,532.13,20.12,54.47,0.0,11.14,23,4,143,0,5
2025-05-24 00:03:09.822246,365.47,26.78,32.18,0.0,14.1,0,5,144,1,5
2025-05-24 01:03:09.822246,465.79,32.78,40.5,0.0,26.57,1,5,144,1,5
2025-05-24 02:03:09.822246,528.19,33.53,56.01,0.0,20.48,2,5,144,1,5
2025-05-24 03:03:09.822246,389.05,26.91,46.85,0.0,30.39,3,5,144,1,5
2025-05-24 04:03:09.822246,441.13,28.78,46.97,0.0,19.92,4,5,144,1,5
2025-05-24 05:03:09.822246,370.49,27.32,31.76,0.0,27.4,5,5,144,1,5
2025-05-24 06:03:09.822246,406.7,30.86,33.13,0.0,18.07,6,5,144,1,5
2025-05-24 07:03:09.822246,449.98,36.29,52.98,0.0,27.74,7,5,144,1,5
2025-05-24 08:03:09.822246,406.64,26.45,37.68,0.0,21.73,8,5,144,1,5
2025-05-24 09:03:09.822246,527.1,35.31,38.62,0.0,20.45,9,5,144,1,5
2025-05-24 10:03:09.822246,447.63,26.4,53.21,0.0,23.56,10,5,144,1,5
2025-05-24 11:03:09.822246,505.7,26.07,33.07,0.0,21.66,11,5,144,1,5
2025-05-24 12:03:09.822246,451.68,34.4,46.26,0.0,16.52,12,5,144,1,5
2025-05-24 13:03:09.822246,543.41,34.92,44.0,0.0,21.45,13,5,144,1,5
2025-05-24 14:03:09.822246,581.33,34.56,43.54,0.0,10.34,14,5,144,1,5
2025-05-24 15:03:09.822246,400.82,23.73,38.39,0.0,9.56,15,5,144,1,5
2025-05-24 16:03:09.822246,469.92,27.98,37.77,0.0,7.66,16,5,144,1,5
2025-05-24 17:03:09.822246,546.58,34.42,32.79,0.0,8.85,17,5,144,1,5
2025-05-24 18:03:09.822246,372.81,30.51,48.4,0.0,5.12,18,5,144,1,5
2025-05-24 19:03:09.822246,517.85,24.94,36.89,1.81,0.23,19,5,144,1,5
2025-05-24 20:03:09.822246,477.15,32.6,53.26,0.0,8.23,20,5,144,1,5
2025-05-24 21:03:09.822246,369.11,26.73,41.32,0.0,0.25,21,5,144,1,5
2025-05-24 22:03:09.822246,453.51,39.28,32.99,0.0,14.28,22,5,144,1,5
2025-05-24 23:03:09.822246,463.22,38.03,41.19,0.0,18.27,23,5,144,1,5
2025-05-25 00:03:09.822246,439.0,33.51,39.66,0.0,12.57,0,6,145,1,5
2025-05-25 01:03:09.822246,539.54,37.3,53.86,0.0,14.99,1,6,145,1,5
2025-05-25 02:03:09.822246,379.18,30.82,40.08,0.0,10.24,2,6,145,1,5
2025-05-25 03:03:09.822246,425.21,34.32,41.01,0.0,21.8,3,6,145,1,5
2025-05-25 04:03:09.822246,368.62,37.88,57.88,0.0,25.58,4,6,145,1,5
2025-05-25 05:03:09.822246,467.59,31.72,48.85,0.0,26.32,5,6,145,1,5
2025-05-25 06:03:09.822246,374.83,29.22,60.4,0.0,26.35,6,6,145,1,5
2025-05-25 07:03:09.822246,389.89,21.97,56.36,0.0,23.34,7,6,145,1,5
2025-05-25 08:03:09.822246,551.3,30.08,34.9,0.0,28.21,8,6,145,1,5
2025-05-25 09:03:09.822246,568.6,34.61,53.67,0.0,17.24,9,6,145,1,5
2025-05-25 10:03:09.822246,566.59,35.22,59.02,0.0,15.29,10,6,145,1,5
2025-05-25 11:03:09.822246,471.15,33.01,59.1,0.0,10.84,11,6,145,1,5
2025-05-25 12:03:09.822246,469.44,27.79,53.65,0.0,11.72,12,6,145,1,5
2025-05-25 13:03:09.822246,563.65,20.61,53.44,0.0,6.69,13,6,145,1,5
2025-05-25 14:03:09.822246,532.68,28.02,40.74,12.15,0.0,14,6,145,1,5
2025-05-25 15:03:09.822246,614.03,28.97,35.4,0.0,4.32,15,6,145,1,5
2025-05-25 16:03:09.822246,498.7,28.93,40.25,0.0,10.4,16,6,145,1,5
2025-05-25 17:03:09.822246,506.02,33.58,27.12,0.0,6.79,17,6,145,1,5
2025-05-25 18:03:09.822246,423.81,40.42,57.2,0.0,8.14,18,6,145,1,5
2025-05-25 19:03:09.822246,455.46,31.11,40.94,0.0,7.98,19,6,145,1,5
2025-05-25 20:03:09.822246,442.91,29.41,56.68,0.0,4.72,20,6,145,1,5
2025-05-25 21:03:09.822246,502.08,29.2,31.45,0.0,6.79,21,6,145,1,5
2025-05-25 22:03:09.822246,504.83,31.11,54.6,0.0,6.41,22,6,145,1,5
2025-05-25 23:03:09.822246,407.24,26.35,38.82,0.0,13.65,23,6,145,1,5
2025-05-26 00:03:09.822246,447.51,31.28,31.13,0.0,29.29,0,0,146,0,5
2025-05-26 01:03:09.822246,435.25,32.93,60.24,0.0,11.07,1,0,146,0,5
2025-05-26 02:03:09.822246,529.94,31.72,55.05,0.0,24.99,2,0,146,0,5
2025-05-26 03:03:09.822246,459.55,32.96,46.09,0.0,19.41,3,0,146,0,5
2025-05-26 04:03:09.822246,437.54,32.84,44.31,0.0,30.93,4,0,146,0,5
2025-05-26 05:03:09.822246,499.27,21.82,48.37,0.0,26.5,5,0,146,0,5
2025-05-26 06:03:09.822246,666.57,33.86,45.92,0.0,22.13,6,0,146,0,5
2025-05-26 07:03:09.822246,493.55,27.32,36.05,0.0,23.48,7,0,146,0,5
2025-05-26 08:03:09.822246,589.97,25.2,39.85,0.0,27.24,8,0,146,0,5
2025-05-26 09:03:09.822246,590.05,25.15,63.58,0.0,30.52,9,0,146,0,5
2025-05-26 10:03:09.822246,616.92,32.84,70.69,0.0,24.03,10,0,146,0,5
2025-05-26 11:03:09.822246,633.27,29.56,59.6,0.0,15.37,11,0,146,0,5
2025-05-26 12:03:09.822246,558.18,22.27,48.76,0.0,17.44,12,0,146,0,5
2025-05-26 13:03:09.822246,665.82,33.07,40.6,0.0,20.4,13,0,146,0,5
2025-05-26 14:03:09.822246,588.42,23.48,35.99,0.0,12.32,14,0,146,0,5
2025-05-26 15:03:09.822246,581.67,31.37,36.65,0.0,7.28,15,0,146,0,5
2025-05-26 16:03:09.822246,659.42,31.87,38.44,0.0,0.0,16,0,146,0,5
2025-05-26 17:03:09.822246,551.09,35.1,65.48,0.0,11.49,17,0,146,0,5
2025-05-26 18:03:09.822246,501.02,39.58,62.04,0.0,4.35,18,0,146,0,5
2025-05-26 19:03:09.822246,498.3,23.85,51.44,0.0,1.8,19,0,146,0,5
2025-05-26 20:03:09.822246,507.92,30.41,34.37,0.0,10.0,20,0,146,0,5
2025-05-26 21:03:09.822246,526.81,29.29,52.9,0.0,11.79,21,0,146,0,5
2025-05-26 22:03:09.822246,530.87,32.84,41.59,0.0,5.38,22,0,146,0,5
2025-05-26 23:03:09.822246,596.84,31.75,22.44,0.0,8.64,23,0,146,0,5
2025-05-27 00:03:09.822246,521.63,29.09,47.05,0.0,17.81,0,1,147,0,5
2025-05-27 01:03:09.822246,496.95,28.65,35.76,0.0,23.63,1,1,147,0,5
2025-05-27 02:03:09.822246,514.6,25.27,36.1,0.0,18.35,2,1,147,0,5
2025-05-27 03:03:09.822246,653.4,35.79,41.68,0.0,21.04,3,1,147,0,5
2025-05-27 04:03:09.822246,558.83,33.15,39.2,0.0,20.21,4,1,147,0,5
2025-05-27 05:03:09.822246,537.09,35.44,43.84,0.0,30.82,5,1,147,0,5
2025-05-27 06:03:09.822246,446.73,29.3,43.36,0.0,28.28,6,1,147,0,5
2025-05-27 07:03:09.822246,470.07,27.57,25.42,0.0,19.08,7,1,147,0,5
2025-05-27 08:03:09.822246,506.34,25.46,59.38,0.0,31.96,8,1,147,0,5
2025-05-27 09:03:09.822246,586.47,32.65,34.35,0.0,39.32,9,1,147,0,5
2025-05-27 10:03:09.822246,533.26,25.66,34.66,0.0,11.0,10,1,147,0,5
2025-05-27 11:03:09.822246,665.52,40.1,40.9,1.58,19.33,11,1,147,0,5
2025-05-27 12:03:09.822246,622.1,24.32,43.1,0.0,7.27,12,1,147,0,5
2025-05-27 13:03:09.822246,585.05,32.22,58.77,0.0,10.93,13,1,147,0,5
2025-05-27 14:03:09.822246,674.99,38.69,46.88,0.0,2.67,14,1,147,0,5
2025-05-27 15:03:09.822246,595.57,33.85,49.85,0.0,15.28,15,1,147,0,5
2025-05-27 16:03:09.822246,438.45,31.73,46.93,0.0,4.5,16,1,147,0,5
2025-05-27 17:03:09.822246,474.03,26.01,46.5,0.0,10.4,17,1,147,0,5
2025-05-27 18:03:09.822246,492.4,23.95,47.28,0.0,5.86,18,1,147,0,5
2025-05-27 19:03:09.822246,536.52,34.7,24.85,0.0,13.86,19,1,147,0,5
2025-05-27 20:03:09.822246,575.38,38.39,41.68,0.0,0.29,20,1,147,0,5
2025-05-27 21:03:09.822246,591.06,28.66,55.8,0.0,0.0,21,1,147,0,5
2025-05-27 22:03:09.822246,566.66,25.16,83.6,0.0,7.11,22,1,147,0,5
2025-05-27 23:03:09.822246,460.59,18.56,32.14,0.0,10.54,23,1,147,0,5
2025-05-28 00:03:09.822246,580.31,26.13,48.62,0.0,7.04,0,2,148,0,5
2025-05-28 01:03:09.822246,511.71,30.46,38.68,0.0,19.73,1,2,148,0,5
2025-05-28 02:03:09.822246,535.21,39.03,64.87,0.0,21.91,2,2,148,0,5
2025-05-28 03:03:09.822246,476.71,34.4,30.86,0.0,28.74,3,2,148,0,5
2025-05-28 04:03:09.822246,500.68,32.56,50.64,7.48,28.83,4,2,148,0,5
2025-05-28 05:03:09.822246,453.28,29.03,30.32,0.0,22.16,5,2,148,0,5
2025-05-28 06:03:09.822246,478.5,28.12,41.21,0.0,19.21,6,2,148,0,5
2025-05-28 07:03:09.822246,602.36,38.06,44.05,0.0,16.09,7,2,148,0,5
2025-05-28 08:03:09.822246,544.97,32.03,55.09,0.0,22.67,8,2,148,0,5
2025-05-28 09:03:09.822246,574.37,20.52,33.62,0.0,21.0,9,2,148,0,5
2025-05-28 10:03:09.822246,641.78,27.66,51.03,0.0,21.93,10,2,148,0,5
2025-05-28 11:03:09.822246,635.14,26.74,44.58,0.0,9.43,11,2,148,0,5
2025-05-28 12:03:09.822246,512.93,28.3,47.12,0.0,15.7,12,2,148,0,5
2025-05-28 13:03:09.822246,498.01,33.85,53.98,0.0,15.05,13,2,148,0,5
2025-05-28 14:03:09.822246,677.11,30.49,31.57,0.0,6.76,14,2,148,0,5
2025-05-28 15:03:09.822246,501.63,30.65,52.5,0.0,10.75,15,2,148,0,5
2025-05-28 16:03:09.822246,580.31,37.6,38.71,0.0,5.14,16,2,148,0,5
2025-05-28 17:03:09.822246,481.37,27.55,55.35,0.0,11.27,17,2,148,0,5
2025-05-28 18:03:09.822246,449.03,40.35,47.74,0.0,12.17,18,2,148,0,5
2025-05-28 19:03:09.822246,500.95,27.67,42.3,0.0,5.48,19,2,148,0,5
2025-05-28 20:03:09.822246,554.87,31.48,38.49,0.0,10.64,20,2,148,0,5
2025-05-28 21:03:09.822246,503.78,29.63,52.63,0.0,1.17,21,2,148,0,5
2025-05-28 22:03:09.822246,387.44,31.65,57.0,0.0,7.63,22,2,148,0,5
2025-05-28 23:03:09.822246,493.95,33.25,39.07,0.0,14.25,23,2,148,0,5
2025-05-29 00:03:09.822246,545.5,33.37,33.28,0.0,12.76,0,3,149,0,5
2025-05-29 01:03:09.822246,421.17,27.44,51.55,0.0,16.2,1,3,149,0,5
2025-05-29 02:03:09.822246,483.9,25.59,30.13,0.0,15.13,2,3,149,0,5
2025-05-29 03:03:09.822246,596.17,43.72,31.56,0.0,30.73,3,3,149,0,5
2025-05-29 04:03:09.822246,537.1,28.78,33.98,0.0,18.88,4,3,149,0,5
2025-05-29 05:03:09.822246,528.98,34.7,40.46,0.0,28.52,5,3,149,0,5
2025-05-29 06:03:09.822246,428.18,23.17,31.25,0.0,22.47,6,3,149,0,5
2025-05-29 07:03:09.822246,587.95,29.81,25.22,0.0,27.77,7,3,149,0,5
2025-05-29 08:03:09.822246,526.22,30.57,33.26,0.0,20.52,8,3,149,0,5
2025-05-29 09:03:09.822246,640.27,33.57,51.04,0.0,20.3,9,3,149,0,5
2025-05-29 10:03:09.822246,514.34,17.59,31.9,0.0,22.02,10,3,149,0,5
2025-05-29 11:03:09.822246,574.38,32.04,41.21,0.0,20.62,11,3,149,0,5
2025-05-29 12:03:09.822246,519.84,25.46,64.08,0.0,19.39,12,3,149,0,5
2025-05-29 13:03:09.822246,582.09,32.83,44.12,0.0,12.55,13,3,149,0,5
2025-05-29 14:03:09.822246,647.32,26.02,48.04,0.0,15.37,14,3,149,0,5
2025-05-29 15:03:09.822246,472.76,26.93,35.15,0.0,9.09,15,3,149,0,5
2025-05-29 16:03:09.822246,473.87,29.84,66.25,3.93,5.59,16,3,149,0,5
2025-05-29 17:03:09.822246,621.7,25.94,39.2,0.0,9.57,17,3,149,0,5
2025-05-29 18:03:09.822246,479.36,28.83,42.33,0.0,5.54,18,3,149,0,5
2025-05-29 19:03:09.822246,517.75,25.24,57.78,0.0,6.53,19,3,149,0,5
2025-05-29 20:03:09.822246,535.02,22.04,42.79,0.0,1.4,20,3,149,0,5
2025-05-29 21:03:09.822246,554.83,36.29,45.09,0.0,4.72,21,3,149,0,5
2025-05-29 22:03:09.822246,548.74,24.72,41.79,0.0,12.04,22,3,149,0,5
2025-05-29 23:03:09.822246,531.17,30.31,41.86,0.0,8.0,23,3,149,0,5
2025-05-30 00:03:09.822246,497.32,35.14,48.54,0.0,15.14,0,4,150,0,5
2025-05-30 01:03:09.822246,606.8,28.3,50.36,0.0,8.1,1,4,150,0,5
2025-05-30 02:03:09.822246,478.53,27.25,38.4,0.0,29.53,2,4,150,0,5
2025-05-30 03:03:09.822246,528.13,32.51,37.17,0.0,25.44,3,4,150,0,5
2025-05-30 04:03:09.822246,576.15,36.96,38.74,0.0,21.41,4,4,150,0,5
2025-05-30 05:03:09.822246,537.68,25.53,30.82,0.0,32.2,5,4,150,0,5
2025-05-30 06:03:09.822246,626.63,30.62,28.93,0.0,20.54,6,4,150,0,5
2025-05-30 07:03:09.822246,507.07,22.71,47.81,0.0,21.85,7,4,150,0,5
2025-05-30 08:03:09.822246,543.41,29.41,54.22,0.0,26.2,8,4,150,0,5
2025-05-30 09:03:09.822246,601.28,31.55,53.54,7.72,26.73,9,4,150,0,5
2025-05-30 10:03:09.822246,558.17,27.1,21.01,0.0,17.14,10,4,150,0,5
2025-05-30 11:03:09.822246,692.26,29.09,42.38,0.0,19.88,11,4,150,0,5
2025-05-30 12:03:09.822246,599.64,24.33,33.81,0.0,16.68,12,4,150,0,5
2025-05-30 13:03:09.822246,600.87,31.76,46.27,0.0,12.29,13,4,150,0,5
2025-05-30 14:03:09.822246,668.72,36.65,40.66,0.0,7.29,14,4,150,0,5
2025-05-30 15:03:09.822246,510.56,25.89,50.75,0.0,12.14,15,4,150,0,5
2025-05-30 16:03:09.822246,511.2,28.26,44.64,0.0,0.0,16,4,150,0,5
2025-05-30 17:03:09.822246,618.11,33.89,25.87,0.0,6.04,17,4,150,0,5
2025-05-30 18:03:09.822246,514.83,37.44,35.16,0.0,1.58,18,4,150,0,5
2025-05-30 19:03:09.822246,396.38,23.91,44.89,0.0,4.73,19,4,150,0,5
2025-05-30 20:03:09.822246,515.85,30.53,45.73,0.0,2.87,20,4,150,0,5
2025-05-30 21:03:09.822246,564.13,32.79,30.78,0.0,1.89,21,4,150,0,5
2025-05-30 22:03:09.822246,582.41,30.86,29.47,0.0,6.77,22,4,150,0,5
2025-05-30 23:03:09.822246,503.16,18.99,45.4,0.0,9.64,23,4,150,0,5
2025-05-31 00:03:09.822246,401.63,34.05,31.02,0.0,13.84,0,5,151,1,5
2025-05-31 01:03:09.822246,415.02,39.14,28.37,0.0,17.53,1,5,151,1,5
2025-05-31 02:03:09.822246,495.55,32.12,40.61,0.0,23.13,2,5,151,1,5
2025-05-31 03:03:09.822246,422.26,26.39,40.18,0.0,29.48,3,5,151,1,5
2025-05-31 04:03:09.822246,359.4,28.98,36.28,0.0,24.0,4,5,151,1,5
2025-05-31 05:03:09.822246,571.28,40.39,38.02,0.0,19.44,5,5,151,1,5
2025-05-31 06:03:09.822246,523.61,36.09,45.2,0.0,28.88,6,5,151,1,5
2025-05-31 07:03:09.822246,507.45,34.74,37.86,0.0,25.98,7,5,151,1,5
2025-05-31 08:03:09.822246,589.18,33.32,45.77,0.0,18.67,8,5,151,1,5
2025-05-31 09:03:09.822246,476.92,28.24,41.26,0.0,22.45,9,5,151,1,5
2025-05-31 10:03:09.822246,549.01,30.54,46.74,0.0,23.38,10,5,151,1,5
2025-05-31 11:03:09.822246,575.65,31.15,53.84,0.0,13.36,11,5,151,1,5
2025-05-31 12:03:09.822246,574.44,34.29,53.45,0.0,12.18,12,5,151,1,5
2025-05-31 13:03:09.822246,628.33,39.09,57.94,0.0,12.79,13,5,151,1,5
2025-05-31 14:03:09.822246,592.46,37.13,53.44,0.0,8.55,14,5,151,1,5
2025-05-31 15:03:09.822246,477.4,24.44,47.45,0.0,0.19,15,5,151,1,5
2025-05-31 16:03:09.822246,529.34,32.66,40.73,0.0,18.06,16,5,151,1,5
2025-05-31 17:03:09.822246,477.44,35.23,41.18,0.0,2.33,17,5,151,1,5
2025-05-31 18:03:09.822246,395.39,34.64,36.28,0.0,1.5,18,5,151,1,5
2025-05-31 19:03:09.822246,370.43,28.4,45.11,0.0,3.45,19,5,151,1,5
2025-05-31 20:03:09.822246,422.03,46.11,52.03,0.0,5.78,20,5,151,1,5
2025-05-31 21:03:09.822246,493.35,25.16,37.8,0.0,9.48,21,5,151,1,5
2025-05-31 22:03:09.822246,342.79,26.13,44.69,0.0,4.6,22,5,151,1,5
2025-05-31 23:03:09.822246,465.05,32.71,38.29,0.0,18.64,23,5,151,1,5
2025-06-01 00:03:09.822246,488.71,42.29,47.39,0.0,7.83,0,6,152,1,6
2025-06-01 01:03:09.822246,430.26,27.52,39.8,0.0,15.3,1,6,152,1,6
2025-06-01 02:03:09.822246,468.44,30.38,37.9,0.0,23.77,2,6,152,1,6
2025-06-01 03:03:09.822246,482.1,37.09,38.49,0.0,25.53,3,6,152,1,6
2025-06-01 04:03:09.822246,415.96,31.62,50.32,0.0,9.67,4,6,152,1,6
2025-06-01 05:03:09.822246,421.52,30.03,44.32,0.0,24.3,5,6,152,1,6
2025-06-01 06:03:09.822246,482.61,34.53,41.01,0.0,25.22,6,6,152,1,6
2025-06-01 07:03:09.822246,414.32,33.07,47.91,0.0,25.78,7,6,152,1,6
2025-06-01 08:03:09.822246,588.12,36.86,41.15,0.0,20.59,8,6,152,1,6
2025-06-01 09:03:09.822246,561.8,38.16,56.56,0.0,20.75,9,6,152,1,6
2025-06-01 10:03:09.822246,573.8,33.24,35.55,0.0,22.54,10,6,152,1,6
2025-06-01 11:03:09.822246,577.69,33.16,43.42,0.0,21.27,11,6,152,1,6
2025-06-01 12:03:09.822246,610.56,32.77,31.24,0.0,7.78,12,6,152,1,6
2025-06-01 13:03:09.822246,549.96,34.15,41.82,0.0,14.69,13,6,152,1,6
2025-06-01 14:03:09.822246,434.19,31.98,28.5,0.0,11.71,14,6,152,1,6
2025-06-01 15:03:09.822246,497.5,31.7,52.75,0.0,12.12,15,6,152,1,6
2025-06-01 16:03:09.822246,482.12,37.69,52.96,0.0,1.98,16,6,152,1,6
2025-06-01 17:03:09.822246,533.33,39.29,53.13,0.0,7.52,17,6,152,1,6
2025-06-01 18:03:09.822246,439.29,24.17,45.58,0.0,0.0,18,6,152,1,6
2025-06-01 19:03:09.822246,548.96,31.75,36.49,0.0,3.47,19,6,152,1,6
2025-06-01 20:03:09.822246,433.75,28.26,37.29,0.0,4.7,20,6,152,1,6
2025-06-01 21:03:09.822246,422.6,30.15,60.59,0.0,8.32,21,6,152,1,6
2025-06-01 22:03:09.822246,528.62,33.72,59.65,0.0,13.62,22,6,152,1,6
2025-06-01 23:03:09.822246,515.47,35.05,46.52,0.0,6.94,23,6,152,1,6
2025-06-02 00:03:09.822246,658.86,31.3,40.37,0.0,21.0,0,0,153,0,6
2025-06-02 01:03:09.822246,511.43,22.3,59.21,0.0,5.85,1,0,153,0,6
2025-06-02 02:03:09.822246,390.07,27.04,38.58,0.0,11.56,2,0,153,0,6
2025-06-02 03:03:09.822246,576.27,36.35,47.82,0.0,26.77,3,0,153,0,6
2025-06-02 04:03:09.822246,463.61,18.16,59.05,0.0,24.18,4,0,153,0,6
2025-06-02 05:03:09.822246,601.55,37.8,37.16,0.0,33.19,5,0,153,0,6
2025-06-02 06:03:09.822246,565.95,34.47,53.82,0.0,28.83,6,0,153,0,6
2025-06-02 07:03:09.822246,555.62,38.45,50.73,0.0,24.72,7,0,153,0,6
2025-06-02 08:03:09.822246,519.04,30.87,45.13,0.0,21.2,8,0,153,0,6
2025-06-02 09:03:09.822246,513.25,21.56,35.59,0.0,18.93,9,0,153,0,6
2025-06-02 10:03:09.822246,577.34,34.02,38.28,0.0,21.84,10,0,153,0,6
2025-06-02 11:03:09.822246,635.27,38.24,48.42,0.0,14.68,11,0,153,0,6
2025-06-02 12:03:09.822246,710.17,36.49,31.29,0.0,16.25,12,0,153,0,6
2025-06-02 13:03:09.822246,686.92,28.55,46.83,0.0,9.03,13,0,153,0,6
2025-06-02 14:03:09.822246,604.06,32.3,50.94,0.0,11.01,14,0,153,0,6
2025-06-02 15:03:09.822246,513.37,29.2,55.38,0.0,15.63,15,0,153,0,6
2025-06-02 16:03:09.822246,607.03,27.77,31.54,0.0,9.11,16,0,153,0,6
2025-06-02 17:03:09.822246,644.68,36.64,58.69,0.0,3.0,17,0,153,0,6
2025-06-02 18:03:09.822246,459.51,25.88,62.48,0.0,6.75,18,0,153,0,6
2025-06-02 19:03:09.822246,498.52,27.4,49.63,0.0,6.72,19,0,153,0,6
2025-06-02 20:03:09.822246,494.81,26.34,35.15,0.0,7.37,20,0,153,0,6
2025-06-02 21:03:09.822246,414.06,24.41,42.25,0.0,9.85,21,0,153,0,6
2025-06-02 22:03:09.822246,556.26,32.6,45.05,0.0,14.54,22,0,153,0,6
2025-06-02 23:03:09.822246,525.15,37.67,48.23,0.0,17.79,23,0,153,0,6
2025-06-03 00:03:09.822246,521.59,31.1,45.99,0.46,15.01,0,1,154,0,6
2025-06-03 01:03:09.822246,428.46,24.49,48.58,0.0,10.7,1,1,154,0,6
2025-06-03 02:03:09.822246,473.69,36.22,44.86,0.0,20.42,2,1,154,0,6
2025-06-03 03:03:09.822246,591.06,40.45,48.42,0.0,21.28,3,1,154,0,6
2025-06-03 04:03:09.822246,447.76,28.79,41.16,0.0,26.41,4,1,154,0,6
2025-06-03 05:03:09.822246,607.28,29.63,42.39,0.0,18.61,5,1,154,0,6
2025-06-03 06:03:09.822246,468.03,34.6,40.01,0.0,27.5,6,1,154,0,6
2025-06-03 07:03:09.822246,559.12,40.13,64.94,0.0,25.3,7,1,154,0,6
2025-06-03 08:03:09.822246,562.15,29.42,60.41,0.0,18.79,8,1,154,0,6
2025-06-03 09:03:09.822246,488.88,25.36,51.32,0.0,11.7,9,1,154,0,6
2025-06-03 10:03:09.822246,530.38,35.18,59.02,0.0,24.35,10,1,154,0,6
2025-06-03 11:03:09.822246,590.57,36.02,53.75,0.0,12.64,11,1,154,0,6
2025-06-03 12:03:09.822246,688.08,32.05,47.58,0.0,7.6,12,1,154,0,6
2025-06-03 13:03:09.822246,535.99,29.23,30.71,0.0,9.59,13,1,154,0,6
2025-06-03 14:03:09.822246,738.69,36.99,43.15,0.0,15.86,14,1,154,0,6
2025-06-03 15:03:09.822246,575.71,34.66,42.42,0.0,8.91,15,1,154,0,6
2025-06-03 16:03:09.822246,562.8,28.18,34.44,0.0,8.56,16,1,154,0,6
2025-06-03 17:03:09.822246,584.57,32.27,30.91,0.72,5.1,17,1,154,0,6
2025-06-03 18:03:09.822246,600.7,25.26,50.69,0.0,6.51,18,1,154,0,6
2025-06-03 19:03:09.822246,619.05,35.45,49.01,0.0,4.32,19,1,154,0,6
2025-06-03 20:03:09.822246,553.09,30.71,34.09,0.0,3.99,20,1,154,0,6
2025-06-03 21:03:09.822246,577.93,29.84,38.31,0.0,4.73,21,1,154,0,6
2025-06-03 22:03:09.822246,545.17,31.86,57.38,0.0,8.47,22,1,154,0,6
2025-06-03 23:03:09.822246,562.87,32.22,36.99,0.0,24.48,23,1,154,0,6
2025-06-04 00:03:09.822246,521.6,36.65,47.72,0.0,17.85,0,2,155,0,6
2025-06-04 01:03:09.822246,458.94,35.13,44.11,0.0,13.3,1,2,155,0,6
2025-06-04 02:03:09.822246,517.13,31.39,51.07,0.0,13.35,2,2,155,0,6
2025-06-04 03:03:09.822246,565.3,35.99,37.45,0.0,21.62,3,2,155,0,6
2025-06-04 04:03:09.822246,499.4,34.18,46.91,0.0,15.11,4,2,155,0,6
2025-06-04 05:03:09.822246,547.88,30.04,47.7,0.0,29.19,5,2,155,0,6
2025-06-04 06:03:09.822246,611.69,31.55,48.31,0.0,12.24,6,2,155,0,6
2025-06-04 07:03:09.822246,573.7,31.43,46.8,0.0,23.1,7,2,155,0,6
2025-06-04 08:03:09.822246,643.95,34.7,49.46,0.0,14.66,8,2,155,0,6
2025-06-04 09:03:09.822246,530.49,30.34,67.93,0.0,24.31,9,2,155,0,6
2025-06-04 10:03:09.822246,598.45,30.22,71.62,0.0,16.21,10,2,155,0,6
2025-06-04 11:03:09.822246,669.34,42.02,39.62,16.26,21.11,11,2,155,0,6
2025-06-04 12:03:09.822246,528.13,36.87,22.83,0.0,4.18,12,2,155,0,6
2025-06-04 13:03:09.822246,651.03,28.37,51.97,0.0,18.06,13,2,155,0,6
2025-06-04 14:03:09.822246,616.79,35.03,47.87,0.0,11.76,14,2,155,0,6
2025-06-04 15:03:09.822246,659.3,32.76,56.62,0.0,7.76,15,2,155,0,6
2025-06-04 16:03:09.822246,619.98,34.13,48.86,0.0,2.13,16,2,155,0,6
2025-06-04 17:03:09.822246,487.07,32.86,46.6,0.0,3.79,17,2,155,0,6
2025-06-04 18:03:09.822246,631.97,38.12,57.3,0.0,8.59,18,2,155,0,6
2025-06-04 19:03:09.822246,574.53,33.9,58.7,1.24,1.16,19,2,155,0,6
2025-06-04 20:03:09.822246,532.86,31.86,32.15,0.0,5.78,20,2,155,0,6
2025-06-04 21:03:09.822246,497.21,37.38,37.84,0.0,6.43,21,2,155,0,6
2025-06-04 22:03:09.822246,441.43,33.34,44.95,0.0,10.91,22,2,155,0,6
2025-06-04 23:03:09.822246,484.58,32.78,47.0,0.0,5.44,23,2,155,0,6
2025-06-05 00:03:09.822246,583.94,33.89,44.0,0.0,22.26,0,3,156,0,6
2025-06-05 01:03:09.822246,593.68,31.85,50.6,0.0,22.27,1,3,156,0,6
2025-06-05 02:03:09.822246,636.0,32.37,56.22,0.0,11.14,2,3,156,0,6
2025-06-05 03:03:09.822246,489.94,29.39,63.49,0.0,12.25,3,3,156,0,6
2025-06-05 04:03:09.822246,428.11,28.57,52.05,0.0,30.69,4,3,156,0,6
2025-06-05 05:03:09.822246,534.49,27.33,37.74,0.0,24.99,5,3,156,0,6
2025-06-05 06:03:09.822246,388.74,25.36,44.79,0.0,15.99,6,3,156,0,6
2025-06-05 07:03:09.822246,531.85,27.92,45.51,0.0,22.19,7,3,156,0,6
2025-06-05 08:03:09.822246,567.39,31.45,51.41,0.0,22.21,8,3,156,0,6
2025-06-05 09:03:09.822246,564.79,32.84,50.14,0.0,25.27,9,3,156,0,6
2025-06-05 10:03:09.822246,518.33,30.97,66.76,0.0,24.72,10,3,156,0,6
2025-06-05 11:03:09.822246,593.11,20.54,41.64,0.0,18.22,11,3,156,0,6
2025-06-05 12:03:09.822246,606.19,40.2,50.11,0.0,14.14,12,3,156,0,6
2025-06-05 13:03:09.822246,579.4,37.75,69.81,0.0,10.04,13,3,156,0,6
2025-06-05 14:03:09.822246,451.63,34.55,40.41,0.0,17.04,14,3,156,0,6
2025-06-05 15:03:09.822246,640.29,41.86,47.71,0.0,5.82,15,3,156,0,6
2025-06-05 16:03:09.822246,602.24,27.44,36.81,0.0,8.92,16,3,156,0,6
2025-06-05 17:03:09.822246,703.91,41.76,47.08,0.0,0.0,17,3,156,0,6
2025-06-05 18:03:09.822246,457.46,27.5,38.46,0.0,0.0,18,3,156,0,6
2025-06-05 19:03:09.822246,485.47,33.52,56.73,0.0,6.29,19,3,156,0,6
2025-06-05 20:03:09.822246,505.58,25.95,47.73,0.0,4.44,20,3,156,0,6
2025-06-05 21:03:09.822246,447.41,32.4,36.9,0.0,1.05,21,3,156,0,6
2025-06-05 22:03:09.822246,545.67,34.25,54.66,0.0,8.39,22,3,156,0,6
2025-06-05 23:03:09.822246,572.91,31.55,48.06,0.0,24.85,23,3,156,0,6
2025-06-06 00:03:09.822246,588.93,36.04,56.04,0.0,14.81,0,4,157,0,6
2025-06-06 01:03:09.822246,505.32,32.96,35.03,0.0,16.09,1,4,157,0,6
2025-06-06 02:03:09.822246,505.97,29.86,50.2,0.0,18.51,2,4,157,0,6
2025-06-06 03:03:09.822246,469.92,29.63,54.24,0.0,28.06,3,4,157,0,6
2025-06-06 04:03:09.822246,497.75,36.52,42.28,0.0,22.93,4,4,157,0,6
2025-06-06 05:03:09.822246,513.01,29.2,33.92,0.0,25.9,5,4,157,0,6
2025-06-06 06:03:09.822246,565.86,37.04,46.1,0.0,28.58,6,4,157,0,6
2025-06-06 07:03:09.822246,653.95,38.58,58.79,0.0,31.18,7,4,157,0,6
2025-06-06 08:03:09.822246,478.41,24.12,57.77,0.0,20.02,8,4,157,0,6
2025-06-06 09:03:09.822246,667.15,38.13,42.23,0.0,17.26,9,4,157,0,6
2025-06-06 10:03:09.822246,668.72,42.77,33.68,0.0,16.43,10,4,157,0,6
2025-06-06 11:03:09.822246,582.89,33.73,42.2,7.97,20.85,11,4,157,0,6
2025-06-06 12:03:09.822246,577.07,35.46,41.83,0.0,18.84,12,4,157,0,6
2025-06-06 13:03:09.822246,497.96,37.65,50.98,0.0,13.39,13,4,157,0,6
2025-06-06 14:03:09.822246,641.48,31.09,45.46,0.0,14.9,14,4,157,0,6
2025-06-06 15:03:09.822246,626.9,33.38,38.98,0.0,11.77,15,4,157,0,6
2025-06-06 16:03:09.822246,543.68,25.9,57.55,0.0,3.23,16,4,157,0,6
2025-06-06 17:03:09.822246,550.37,33.16,47.92,0.0,0.0,17,4,157,0,6
2025-06-06 18:03:09.822246,543.11,34.96,50.87,0.0,2.8,18,4,157,0,6
2025-06-06 19:03:09.822246,445.5,35.05,29.26,13.88,8.03,19,4,157,0,6
2025-06-06 20:03:09.822246,497.75,37.79,22.27,0.0,8.81,20,4,157,0,6
2025-06-06 21:03:09.822246,549.89,28.59,32.14,0.0,0.0,21,4,157,0,6
2025-06-06 22:03:09.822246,470.06,29.8,41.71,0.0,0.0,22,4,157,0,6
2025-06-06 23:03:09.822246,582.58,41.95,52.27,0.0,15.86,23,4,157,0,6
2025-06-07 00:03:09.822246,364.45,31.86,23.34,0.0,18.57,0,5,158,1,6
2025-06-07 01:03:09.822246,474.03,33.61,62.7,0.0,19.39,1,5,158,1,6
2025-06-07 02:03:09.822246,423.84,32.27,48.47,0.0,24.53,2,5,158,1,6
2025-06-07 03:03:09.822246,332.27,28.5,60.37,0.0,23.12,3,5,158,1,6
2025-06-07 04:03:09.822246,531.9,40.73,37.91,0.0,17.02,4,5,158,1,6
2025-06-07 05:03:09.822246,400.56,29.97,51.81,0.0,23.11,5,5,158,1,6
2025-06-07 06:03:09.822246,359.97,26.97,47.62,0.0,24.61,6,5,158,1,6
2025-06-07 07:03:09.822246,418.68,30.36,54.94,0.0,21.81,7,5,158,1,6
2025-06-07 08:03:09.822246,471.11,22.6,44.43,0.0,20.72,8,5,158,1,6
2025-06-07 09:03:09.822246,486.17,29.35,51.5,0.0,21.61,9,5,158,1,6
2025-06-07 10:03:09.822246,498.6,27.77,57.79,0.0,15.86,10,5,158,1,6
2025-06-07 11:03:09.822246,579.87,35.7,40.26,0.0,6.93,11,5,158,1,6
2025-06-07 12:03:09.822246,552.55,29.24,49.19,0.0,15.54,12,5,158,1,6
2025-06-07 13:03:09.822246,562.51,37.05,27.89,0.0,18.64,13,5,158,1,6
2025-06-07 14:03:09.822246,517.26,39.6,53.79,0.0,0.0,14,5,158,1,6
2025-06-07 15:03:09.822246,519.32,36.52,66.31,0.0,8.76,15,5,158,1,6
2025-06-07 16:03:09.822246,470.36,31.53,34.32,0.0,1.28,16,5,158,1,6
2025-06-07 17:03:09.822246,396.77,33.31,45.85,0.0,8.74,17,5,158,1,6
2025-06-07 18:03:09.822246,259.85,24.98,55.57,0.0,6.9,18,5,158,1,6
2025-06-07 19:03:09.822246,478.18,31.94,47.08,0.0,10.6,19,5,158,1,6
2025-06-07 20:03:09.822246,454.6,28.31,48.42,0.0,2.12,20,5,158,1,6
2025-06-07 21:03:09.822246,298.14,36.08,42.86,0.0,8.26,21,5,158,1,6
2025-06-07 22:03:09.822246,413.4,45.47,42.49,0.0,22.45,22,5,158,1,6
2025-06-07 23:03:09.822246,510.76,35.11,45.9,0.0,13.43,23,5,158,1,6
2025-06-08 00:03:09.822246,491.0,22.79,47.44,0.0,18.55,0,6,159,1,6
2025-06-08 01:03:09.822246,455.02,30.94,35.21,0.0,24.6,1,6,159,1,6
2025-06-08 02:03:09.822246,407.8,33.36,46.37,0.0,15.59,2,6,159,1,6
2025-06-08 03:03:09.822246,412.44,33.18,62.71,0.0,11.98,3,6,159,1,6
2025-06-08 04:03:09.822246,494.71,29.09,42.84,0.0,15.18,4,6,159,1,6
2025-06-08 05:03:09.822246,415.63,33.97,34.65,0.0,18.86,5,6,159,1,6
2025-06-08 06:03:09.822246,375.4,26.53,45.51,0.0,22.9,6,6,159,1,6
2025-06-08 07:03:09.822246,416.21,28.02,39.88,0.0,27.14,7,6,159,1,6
2025-06-08 08:03:09.822246,445.33,35.98,33.64,0.0,28.43,8,6,159,1,6
2025-06-08 09:03:09.822246,510.81,27.67,48.42,0.0,16.69,9,6,159,1,6
2025-06-08 10:03:09.822246,616.46,35.44,39.92,0.0,30.72,10,6,159,1,6
2025-06-08 11:03:09.822246,519.66,25.9,40.78,0.0,24.09,11,6,159,1,6
2025-06-08 12:03:09.822246,548.36,41.57,48.56,0.0,12.47,12,6,159,1,6
2025-06-08 13:03:09.822246,477.46,28.88,31.7,0.0,24.32,13,6,159,1,6
2025-06-08 14:03:09.822246,423.16,31.63,29.61,0.0,12.97,14,6,159,1,6
2025-06-08 15:03:09.822246,537.88,34.4,53.74,0.0,7.59,15,6,159,1,6
2025-06-08 16:03:09.822246,425.25,29.92,27.72,0.0,1.65,16,6,159,1,6
2025-06-08 17:03:09.822246,444.36,33.46,37.26,0.0,0.0,17,6,159,1,6
2025-06-08 18:03:09.822246,640.95,35.62,29.03,0.0,9.69,18,6,159,1,6
2025-06-08 19:03:09.822246,466.96,37.55,42.17,0.0,5.82,19,6,159,1,6
2025-06-08 20:03:09.822246,393.41,36.7,51.31,0.0,8.46,20,6,159,1,6
2025-06-08 21:03:09.822246,425.02,31.89,48.15,0.0,2.25,21,6,159,1,6
2025-06-08 22:03:09.822246,487.84,32.01,70.95,0.0,12.72,22,6,159,1,6
2025-06-08 23:03:09.822246,493.33,44.49,57.9,0.0,12.78,23,6,159,1,6
2025-06-09 00:03:09.822246,444.29,37.63,37.98,0.0,9.57,0,0,160,0,6
2025-06-09 01:03:09.822246,539.54,28.27,35.32,0.0,10.48,1,0,160,0,6
2025-06-09 02:03:09.822246,486.26,33.38,74.36,0.0,20.19,2,0,160,0,6
2025-06-09 03:03:09.822246,607.88,31.21,57.92,4.21,25.49,3,0,160,0,6
2025-06-09 04:03:09.822246,568.58,32.2,53.19,0.0,28.97,4,0,160,0,6
2025-06-09 05:03:09.822246,460.53,26.73,48.04,0.0,25.82,5,0,160,0,6
2025-06-09 06:03:09.822246,570.27,30.82,50.03,0.0,20.97,6,0,160,0,6
2025-06-09 07:03:09.822246,588.84,41.94,32.47,0.0,24.76,7,0,160,0,6
2025-06-09 08:03:09.822246,594.09,35.78,48.86,0.0,25.44,8,0,160,0,6
2025-06-09 09:03:09.822246,588.32,20.43,48.0,0.0,18.25,9,0,160,0,6
2025-06-09 10:03:09.822246,603.21,38.97,38.25,0.0,17.64,10,0,160,0,6
2025-06-09 11:03:09.822246,611.02,38.33,41.91,0.0,17.73,11,0,160,0,6
2025-06-09 12:03:09.822246,654.37,31.09,62.44,0.0,16.11,12,0,160,0,6
2025-06-09 13:03:09.822246,610.88,36.47,46.04,0.0,6.12,13,0,160,0,6
2025-06-09 14:03:09.822246,567.24,28.58,68.0,0.0,7.24,14,0,160,0,6
2025-06-09 15:03:09.822246,555.74,30.53,29.88,0.0,8.63,15,0,160,0,6
2025-06-09 16:03:09.822246,611.36,40.37,42.07,0.0,8.82,16,0,160,0,6
2025-06-09 17:03:09.822246,644.13,31.52,31.82,0.0,6.04,17,0,160,0,6
2025-06-09 18:03:09.822246,384.0,23.53,35.2,0.0,6.46,18,0,160,0,6
2025-06-09 19:03:09.822246,532.36,32.56,39.01,0.0,6.62,19,0,160,0,6
2025-06-09 20:03:09.822246,591.98,32.49,50.44,0.0,2.23,20,0,160,0,6
2025-06-09 21:03:09.822246,540.4,38.87,49.96,0.0,14.82,21,0,160,0,6
2025-06-09 22:03:09.822246,496.2,32.95,40.5,0.0,8.08,22,0,160,0,6
2025-06-09 23:03:09.822246,441.36,30.77,25.01,0.0,8.64,23,0,160,0,6
2025-06-10 00:03:09.822246,545.28,38.24,62.34,0.0,7.71,0,1,161,0,6
2025-06-10 01:03:09.822246,491.9,33.62,44.7,0.0,15.0,1,1,161,0,6
2025-06-10 02:03:09.822246,509.93,29.26,36.4,0.0,16.53,2,1,161,0,6
2025-06-10 03:03:09.822246,597.45,38.79,50.31,0.0,20.19,3,1,161,0,6
2025-06-10 04:03:09.822246,687.26,33.98,49.6,2.09,25.25,4,1,161,0,6
2025-06-10 05:03:09.822246,559.75,33.03,44.33,0.0,30.61,5,1,161,0,6
2025-06-10 06:03:09.822246,538.31,33.9,49.04,0.0,29.07,6,1,161,0,6
2025-06-10 07:03:09.822246,536.35,27.66,36.01,0.0,14.59,7,1,161,0,6
2025-06-10 08:03:09.822246,579.51,30.37,55.16,0.0,28.7,8,1,161,0,6
2025-06-10 09:03:09.822246,584.23,33.03,37.59,0.0,24.68,9,1,161,0,6
2025-06-10 10:03:09.822246,567.87,32.04,41.5,0.0,29.01,10,1,161,0,6
2025-06-10 11:03:09.822246,643.6,39.37,54.05,0.0,14.4,11,1,161,0,6
2025-06-10 12:03:09.822246,659.52,34.1,59.6,0.0,9.96,12,1,161,0,6
2025-06-10 13:03:09.822246,590.59,37.29,63.42,0.0,16.74,13,1,161,0,6
2025-06-10 14:03:09.822246,654.21,33.06,58.12,0.0,13.77,14,1,161,0,6
2025-06-10 15:03:09.822246,691.97,38.29,44.32,0.0,4.54,15,1,161,0,6
2025-06-10 16:03:09.822246,587.2,35.0,32.15,0.0,5.07,16,1,161,0,6
2025-06-10 17:03:09.822246,463.03,33.08,61.61,0.0,7.73,17,1,161,0,6
2025-06-10 18:03:09.822246,500.26,32.95,61.27,0.0,6.74,18,1,161,0,6
2025-06-10 19:03:09.822246,549.97,28.24,40.84,0.0,5.16,19,1,161,0,6
2025-06-10 20:03:09.822246,517.85,35.55,56.77,0.0,6.8,20,1,161,0,6
2025-06-10 21:03:09.822246,445.75,32.81,44.24,0.0,3.84,21,1,161,0,6
2025-06-10 22:03:09.822246,479.66,30.5,62.57,0.0,8.99,22,1,161,0,6
2025-06-10 23:03:09.822246,593.37,38.54,42.41,0.0,5.49,23,1,161,0,6
2025-06-11 00:03:09.822246,482.82,26.89,67.62,0.0,14.97,0,2,162,0,6
2025-06-11 01:03:09.822246,517.19,31.03,55.69,5.29,10.74,1,2,162,0,6
2025-06-11 02:03:09.822246,524.43,38.28,65.81,0.0,14.48,2,2,162,0,6
2025-06-11 03:03:09.822246,497.29,34.72,43.19,0.0,38.01,3,2,162,0,6
2025-06-11 04:03:09.822246,448.93,32.9,51.88,0.0,14.16,4,2,162,0,6
2025-06-11 05:03:09.822246,631.7,34.39,38.14,0.0,29.53,5,2,162,0,6
2025-06-11 06:03:09.822246,515.09,34.04,56.27,0.0,26.36,6,2,162,0,6
2025-06-11 07:03:09.822246,582.63,25.56,56.82,0.0,26.16,7,2,162,0,6
2025-06-11 08:03:09.822246,631.72,31.39,71.8,11.55,18.33,8,2,162,0,6
2025-06-11 09:03:09.822246,709.92,41.22,52.65,0.0,25.72,9,2,162,0,6
2025-06-11 10:03:09.822246,581.56,29.84,55.07,0.0,10.91,10,2,162,0,6
2025-06-11 11:03:09.822246,651.83,31.55,43.12,0.0,15.12,11,2,162,0,6
2025-06-11 12:03:09.822246,625.08,30.43,53.24,0.0,15.09,12,2,162,0,6
2025-06-11 13:03:09.822246,553.32,32.7,44.03,0.0,20.73,13,2,162,0,6
2025-06-11 14:03:09.822246,608.92,30.22,48.99,1.64,13.28,14,2,162,0,6
2025-06-11 15:03:09.822246,567.16,35.57,49.58,0.0,5.77,15,2,162,0,6
2025-06-11 16:03:09.822246,640.65,34.12,44.31,0.0,4.95,16,2,162,0,6
2025-06-11 17:03:09.822246,518.78,37.01,48.46,0.0,8.21,17,2,162,0,6
2025-06-11 18:03:09.822246,502.11,27.88,44.08,0.0,0.0,18,2,162,0,6
2025-06-11 19:03:09.822246,538.54,31.44,44.03,0.0,10.89,19,2,162,0,6
2025-06-11 20:03:09.822246,468.79,32.01,58.6,0.0,5.87,20,2,162,0,6
2025-06-11 21:03:09.822246,537.89,35.42,49.58,0.0,3.55,21,2,162,0,6
2025-06-11 22:03:09.822246,444.55,29.17,51.3,0.0,3.03,22,2,162,0,6
2025-06-11 23:03:09.822246,592.51,37.72,33.26,0.0,0.0,23,2,162,0,6
2025-06-12 00:03:09.822246,510.13,39.19,52.34,0.0,23.76,0,3,163,0,6
2025-06-12 01:03:09.822246,457.6,28.32,53.41,0.0,8.16,1,3,163,0,6
2025-06-12 02:03:09.822246,605.42,30.81,44.12,0.0,22.4,2,3,163,0,6
2025-06-12 03:03:09.822246,440.54,30.6,68.96,0.0,24.24,3,3,163,0,6
2025-06-12 04:03:09.822246,582.67,46.42,25.21,0.0,21.28,4,3,163,0,6
2025-06-12 05:03:09.822246,535.88,31.11,55.95,0.0,24.09,5,3,163,0,6
2025-06-12 06:03:09.822246,584.6,41.65,55.23,0.0,23.0,6,3,163,0,6
2025-06-12 07:03:09.822246,556.18,26.93,53.52,0.0,25.77,7,3,163,0,6
2025-06-12 08:03:09.822246,569.82,28.31,49.87,0.0,21.71,8,3,163,0,6
2025-06-12 09:03:09.822246,565.82,29.83,53.61,0.0,20.62,9,3,163,0,6
2025-06-12 10:03:09.822246,635.15,29.03,56.79,0.0,19.59,10,3,163,0,6
2025-06-12 11:03:09.822246,631.17,31.92,40.85,0.0,20.71,11,3,163,0,6
2025-06-12 12:03:09.822246,563.32,29.72,51.1,0.0,18.0,12,3,163,0,6
2025-06-12 13:03:09.822246,588.56,29.16,46.27,0.0,11.79,13,3,163,0,6
2025-06-12 14:03:09.822246,699.49,39.05,37.17,0.0,8.74,14,3,163,0,6
2025-06-12 15:03:09.822246,637.87,39.38,55.28,0.0,10.74,15,3,163,0,6
2025-06-12 16:03:09.822246,518.23,38.01,42.46,0.0,2.04,16,3,163,0,6
2025-06-12 17:03:09.822246,667.05,35.88,33.13,0.0,0.0,17,3,163,0,6
2025-06-12 18:03:09.822246,541.51,33.72,42.71,0.0,0.0,18,3,163,0,6
2025-06-12 19:03:09.822246,413.84,30.78,40.12,0.0,6.54,19,3,163,0,6
2025-06-12 20:03:09.822246,504.2,28.5,58.39,0.0,11.81,20,3,163,0,6
2025-06-12 21:03:09.822246,527.01,35.08,49.64,0.0,8.28,21,3,163,0,6
2025-06-12 22:03:09.822246,472.64,27.39,61.93,0.0,11.32,22,3,163,0,6
2025-06-12 23:03:09.822246,471.7,28.29,41.44,0.0,9.81,23,3,163,0,6
2025-06-13 00:03:09.822246,560.09,39.14,57.13,0.0,16.3,0,4,164,0,6
2025-06-13 01:03:09.822246,608.65,42.88,76.78,0.0,18.27,1,4,164,0,6
2025-06-13 02:03:09.822246,488.7,35.35,51.94,0.0,22.41,2,4,164,0,6
2025-06-13 03:03:09.822246,557.9,38.91,57.0,0.0,10.12,3,4,164,0,6
2025-06-13 04:03:09.822246,493.91,32.15,55.32,0.0,25.8,4,4,164,0,6
2025-06-13 05:03:09.822246,516.01,26.69,34.16,0.0,27.81,5,4,164,0,6
2025-06-13 06:03:09.822246,577.65,36.44,54.24,0.0,28.03,6,4,164,0,6
2025-06-13 07:03:09.822246,504.45,36.23,51.45,0.0,24.05,7,4,164,0,6
2025-06-13 08:03:09.822246,655.6,33.74,45.79,0.0,32.44,8,4,164,0,6
2025-06-13 09:03:09.822246,560.77,32.17,39.54,1.12,26.76,9,4,164,0,6
2025-06-13 10:03:09.822246,634.47,38.19,55.32,0.0,27.26,10,4,164,0,6
2025-06-13 11:03:09.822246,630.01,28.45,38.66,0.0,19.86,11,4,164,0,6
2025-06-13 12:03:09.822246,672.35,29.51,69.72,0.0,15.01,12,4,164,0,6
2025-06-13 13:03:09.822246,599.65,28.34,49.53,0.0,15.37,13,4,164,0,6
2025-06-13 14:03:09.822246,594.69,33.8,36.15,0.0,6.87,14,4,164,0,6
2025-06-13 15:03:09.822246,542.8,27.94,43.24,0.0,12.07,15,4,164,0,6
2025-06-13 16:03:09.822246,525.98,29.96,45.6,0.0,4.07,16,4,164,0,6
2025-06-13 17:03:09.822246,573.96,29.85,72.51,0.0,2.39,17,4,164,0,6
2025-06-13 18:03:09.822246,434.7,32.08,39.54,0.0,0.0,18,4,164,0,6
2025-06-13 19:03:09.822246,445.82,25.94,47.22,0.0,10.37,19,4,164,0,6
2025-06-13 20:03:09.822246,474.05,33.82,43.01,0.0,16.41,20,4,164,0,6
2025-06-13 21:03:09.822246,595.3,39.62,53.38,0.0,14.77,21,4,164,0,6
2025-06-13 22:03:09.822246,607.59,34.06,43.17,0.0,14.51,22,4,164,0,6
2025-06-13 23:03:09.822246,546.14,41.09,36.99,0.0,17.06,23,4,164,0,6
2025-06-14 00:03:09.822246,472.08,40.16,46.71,0.0,19.47,0,5,165,1,6
2025-06-14 01:03:09.822246,467.96,37.38,45.67,0.0,16.96,1,5,165,1,6
2025-06-14 02:03:09.822246,501.72,33.87,42.74,0.0,18.09,2,5,165,1,6
2025-06-14 03:03:09.822246,436.86,33.61,43.28,0.0,17.2,3,5,165,1,6
2025-06-14 04:03:09.822246,475.23,37.31,60.51,0.0,32.97,4,5,165,1,6
2025-06-14 05:03:09.822246,500.2,31.54,45.47,0.0,23.66,5,5,165,1,6
2025-06-14 06:03:09.822246,401.59,24.08,37.32,0.0,25.71,6,5,165,1,6
2025-06-14 07:03:09.822246,484.49,35.95,44.04,0.0,19.04,7,5,165,1,6
2025-06-14 08:03:09.822246,465.58,27.84,49.21,0.0,19.79,8,5,165,1,6
2025-06-14 09:03:09.822246,349.9,28.68,35.3,0.0,17.15,9,5,165,1,6
2025-06-14 10:03:09.822246,544.87,33.5,64.93,0.0,18.2,10,5,165,1,6
2025-06-14 11:03:09.822246,483.99,33.02,57.34,0.0,20.78,11,5,165,1,6
2025-06-14 12:03:09.822246,414.08,26.43,62.97,0.0,17.33,12,5,165,1,6
2025-06-14 13:03:09.822246,554.86,34.32,52.59,0.0,15.42,13,5,165,1,6
2025-06-14 14:03:09.822246,585.19,38.33,27.73,0.0,9.92,14,5,165,1,6
2025-06-14 15:03:09.822246,468.17,27.85,64.02,0.0,11.67,15,5,165,1,6
2025-06-14 16:03:09.822246,637.01,39.86,40.03,0.0,5.6,16,5,165,1,6
2025-06-14 17:03:09.822246,512.55,25.69,40.84,0.0,7.62,17,5,165,1,6
2025-06-14 18:03:09.822246,560.88,44.08,50.23,0.0,3.04,18,5,165,1,6
2025-06-14 19:03:09.822246,485.71,31.44,62.45,0.0,10.86,19,5,165,1,6
2025-06-14 20:03:09.822246,452.53,34.22,59.2,0.0,1.86,20,5,165,1,6
2025-06-14 21:03:09.822246,374.37,24.03,57.73,0.0,13.56,21,5,165,1,6
2025-06-14 22:03:09.822246,360.57,33.18,45.55,0.0,11.81,22,5,165,1,6
2025-06-14 23:03:09.822246,405.61,34.64,45.39,4.34,20.0,23,5,165,1,6
2025-06-15 00:03:09.822246,420.9,33.17,52.41,0.0,11.7,0,6,166,1,6
2025-06-15 01:03:09.822246,507.87,30.79,47.65,0.0,16.43,1,6,166,1,6
2025-06-15 02:03:09.822246,420.32,28.87,57.84,0.0,18.71,2,6,166,1,6
2025-06-15 03:03:09.822246,476.41,39.26,57.25,0.0,17.75,3,6,166,1,6
2025-06-15 04:03:09.822246,495.06,33.76,54.86,0.0,33.52,4,6,166,1,6
2025-06-15 05:03:09.822246,455.44,41.31,23.69,0.0,21.1,5,6,166,1,6
2025-06-15 06:03:09.822246,569.58,30.97,50.23,0.33,20.38,6,6,166,1,6
2025-06-15 07:03:09.822246,424.31,31.43,47.86,0.0,31.92,7,6,166,1,6
2025-06-15 08:03:09.822246,540.7,37.68,50.63,0.0,27.49,8,6,166,1,6
2025-06-15 09:03:09.822246,437.5,25.49,41.41,0.0,21.12,9,6,166,1,6
2025-06-15 10:03:09.822246,405.66,27.54,35.7,0.0,10.74,10,6,166,1,6
2025-06-15 11:03:09.822246,514.7,39.09,53.58,0.0,26.16,11,6,166,1,6
2025-06-15 12:03:09.822246,505.99,27.75,45.39,0.0,24.73,12,6,166,1,6
2025-06-15 13:03:09.822246,450.84,24.51,54.7,0.0,15.46,13,6,166,1,6
2025-06-15 14:03:09.822246,538.31,42.95,42.24,0.0,12.6,14,6,166,1,6
2025-06-15 15:03:09.822246,419.83,26.64,63.11,0.0,8.95,15,6,166,1,6
2025-06-15 16:03:09.822246,512.71,34.53,58.96,0.0,4.19,16,6,166,1,6
2025-06-15 17:03:09.822246,422.4,33.95,51.92,0.0,11.39,17,6,166,1,6
2025-06-15 18:03:09.822246,407.94,19.55,46.82,0.0,3.08,18,6,166,1,6
2025-06-15 19:03:09.822246,425.6,32.27,57.48,0.0,8.13,19,6,166,1,6
2025-06-15 20:03:09.822246,340.31,35.85,52.88,0.0,7.43,20,6,166,1,6
2025-06-15 21:03:09.822246,382.87,35.38,51.34,0.0,7.87,21,6,166,1,6
2025-06-15 22:03:09.822246,419.67,38.12,59.38,0.0,5.74,22,6,166,1,6
2025-06-15 23:03:09.822246,467.95,31.67,63.22,0.0,6.44,23,6,166,1,6
2025-06-16 00:03:09.822246,603.89,37.27,36.72,0.0,17.47,0,0,167,0,6
2025-06-16 01:03:09.822246,414.0,30.27,38.74,0.0,15.43,1,0,167,0,6
2025-06-16 02:03:09.822246,466.7,26.66,41.44,0.0,20.72,2,0,167,0,6
2025-06-16 03:03:09.822246,467.25,27.22,34.22,0.0,23.07,3,0,167,0,6
2025-06-16 04:03:09.822246,537.05,26.4,48.61,0.0,25.21,4,0,167,0,6
2025-06-16 05:03:09.822246,561.39,38.76,55.24,0.0,24.06,5,0,167,0,6
2025-06-16 06:03:09.822246,431.88,26.14,49.03,0.0,28.24,6,0,167,0,6
2025-06-16 07:03:09.822246,546.81,35.08,43.9,0.0,24.25,7,0,167,0,6
2025-06-16 08:03:09.822246,522.63,32.38,60.5,0.0,22.46,8,0,167,0,6
2025-06-16 09:03:09.822246,660.29,33.2,50.65,0.0,25.76,9,0,167,0,6
2025-06-16 10:03:09.822246,648.14,40.53,52.67,0.0,20.13,10,0,167,0,6
2025-06-16 11:03:09.822246,690.78,31.52,60.78,0.0,18.75,11,0,167,0,6
2025-06-16 12:03:09.822246,624.45,36.77,48.01,0.0,19.73,12,0,167,0,6
2025-06-16 13:03:09.822246,551.32,33.9,69.84,0.0,14.52,13,0,167,0,6
2025-06-16 14:03:09.822246,491.38,32.95,44.76,0.0,14.66,14,0,167,0,6
2025-06-16 15:03:09.822246,545.83,45.21,69.22,0.0,0.02,15,0,167,0,6
2025-06-16 16:03:09.822246,478.47,26.51,39.49,0.0,19.56,16,0,167,0,6
2025-06-16 17:03:09.822246,596.66,40.16,54.41,0.0,8.94,17,0,167,0,6
2025-06-16 18:03:09.822246,552.65,36.99,42.81,0.0,7.99,18,0,167,0,6
2025-06-16 19:03:09.822246,438.8,31.31,60.44,0.0,4.65,19,0,167,0,6
2025-06-16 20:03:09.822246,624.44,41.86,44.46,0.0,0.0,20,0,167,0,6
2025-06-16 21:03:09.822246,434.09,24.47,52.15,0.0,11.52,21,0,167,0,6
2025-06-16 22:03:09.822246,498.84,31.1,42.73,0.0,15.55,22,0,167,0,6
2025-06-16 23:03:09.822246,630.87,27.67,58.61,0.0,3.89,23,0,167,0,6
2025-06-17 00:03:09.822246,553.94,35.87,42.97,0.0,19.43,0,1,168,0,6
2025-06-17 01:03:09.822246,464.35,28.25,66.37,0.0,25.31,1,1,168,0,6
2025-06-17 02:03:09.822246,475.76,35.98,39.57,0.0,27.52,2,1,168,0,6
2025-06-17 03:03:09.822246,384.42,32.88,36.08,0.0,24.73,3,1,168,0,6
2025-06-17 04:03:09.822246,430.17,31.42,59.05,0.0,23.27,4,1,168,0,6
2025-06-17 05:03:09.822246,517.62,35.76,43.62,0.0,29.4,5,1,168,0,6
2025-06-17 06:03:09.822246,448.01,32.47,49.46,0.0,27.07,6,1,168,0,6
2025-06-17 07:03:09.822246,517.62,28.37,46.31,0.0,26.48,7,1,168,0,6
2025-06-17 08:03:09.822246,623.81,47.82,36.41,0.0,21.03,8,1,168,0,6
2025-06-17 09:03:09.822246,589.1,31.38,48.76,0.0,14.01,9,1,168,0,6
2025-06-17 10:03:09.822246,514.25,22.73,62.18,0.0,24.29,10,1,168,0,6
2025-06-17 11:03:09.822246,583.81,29.6,59.56,0.0,15.97,11,1,168,0,6
2025-06-17 12:03:09.822246,593.4,27.48,51.85,0.0,10.1,12,1,168,0,6
2025-06-17 13:03:09.822246,574.33,37.95,60.65,0.0,6.85,13,1,168,0,6
2025-06-17 14:03:09.822246,709.22,35.42,38.94,0.0,9.09,14,1,168,0,6
2025-06-17 15:03:09.822246,580.73,35.81,46.28,0.0,1.81,15,1,168,0,6
2025-06-17 16:03:09.822246,526.12,31.96,53.49,8.94,11.73,16,1,168,0,6
2025-06-17 17:03:09.822246,605.77,32.42,48.23,0.0,8.05,17,1,168,0,6
2025-06-17 18:03:09.822246,482.95,31.96,47.06,0.0,10.59,18,1,168,0,6
2025-06-17 19:03:09.822246,609.32,33.41,37.53,0.0,0.19,19,1,168,0,6
2025-06-17 20:03:09.822246,515.06,37.99,28.72,0.0,0.0,20,1,168,0,6
2025-06-17 21:03:09.822246,486.57,35.49,57.71,0.0,16.71,21,1,168,0,6
2025-06-17 22:03:09.822246,538.47,36.32,51.96,0.0,6.0,22,1,168,0,6
2025-06-17 23:03:09.822246,489.48,36.31,58.55,0.0,12.89,23,1,168,0,6
2025-06-18 00:03:09.822246,558.16,38.34,45.45,0.0,11.18,0,2,169,0,6
2025-06-18 01:03:09.822246,561.14,35.35,42.7,0.0,13.48,1,2,169,0,6
2025-06-18 02:03:09.822246,484.82,35.71,49.89,0.15,22.97,2,2,169,0,6
2025-06-18 03:03:09.822246,505.41,39.86,58.37,0.0,21.43,3,2,169,0,6
2025-06-18 04:03:09.822246,426.92,30.59,47.51,0.0,30.23,4,2,169,0,6
2025-06-18 05:03:09.822246,513.27,29.63,57.84,0.0,15.74,5,2,169,0,6
2025-06-18 06:03:09.822246,516.05,27.98,39.76,0.0,24.91,6,2,169,0,6
2025-06-18 07:03:09.822246,569.82,34.83,48.21,0.0,22.1,7,2,169,0,6
2025-06-18 08:03:09.822246,492.66,24.64,49.13,0.0,22.43,8,2,169,0,6
2025-06-18 09:03:09.822246,635.24,36.22,62.09,0.0,21.19,9,2,169,0,6
2025-06-18 10:03:09.822246,552.55,33.37,51.9,0.0,23.22,10,2,169,0,6
2025-06-18 11:03:09.822246,690.74,39.59,67.29,0.0,16.66,11,2,169,0,6
2025-06-18 12:03:09.822246,619.14,30.55,36.35,0.0,14.12,12,2,169,0,6
2025-06-18 13:03:09.822246,586.43,32.9,51.13,0.0,21.12,13,2,169,0,6
2025-06-18 14:03:09.822246,719.56,39.52,51.62,0.0,3.9,14,2,169,0,6
2025-06-18 15:03:09.822246,553.35,40.83,56.03,0.0,2.5,15,2,169,0,6
2025-06-18 16:03:09.822246,572.58,30.51,41.69,0.0,15.63,16,2,169,0,6
2025-06-18 17:03:09.822246,594.21,34.82,66.67,0.0,13.89,17,2,169,0,6
2025-06-18 18:03:09.822246,464.55,35.39,49.96,0.0,0.0,18,2,169,0,6
2025-06-18 19:03:09.822246,593.72,35.78,38.96,0.0,16.06,19,2,169,0,6
2025-06-18 20:03:09.822246,504.08,32.6,49.67,0.0,9.23,20,2,169,0,6
2025-06-18 21:03:09.822246,549.9,40.32,46.69,0.0,4.39,21,2,169,0,6
2025-06-18 22:03:09.822246,497.35,24.46,77.66,0.0,10.03,22,2,169,0,6
2025-06-18 23:03:09.822246,519.99,31.81,60.33,0.0,10.26,23,2,169,0,6
2025-06-19 00:03:09.822246,558.34,36.25,50.62,0.0,15.0,0,3,170,0,6
2025-06-19 01:03:09.822246,560.11,36.29,49.01,0.0,15.51,1,3,170,0,6
2025-06-19 02:03:09.822246,477.7,40.77,59.64,0.0,14.11,2,3,170,0,6
2025-06-19 03:03:09.822246,591.63,40.0,60.11,0.0,15.46,3,3,170,0,6
2025-06-19 04:03:09.822246,404.22,32.58,21.01,0.0,24.74,4,3,170,0,6
2025-06-19 05:03:09.822246,593.71,40.51,56.55,0.0,20.66,5,3,170,0,6
2025-06-19 06:03:09.822246,554.76,30.44,50.4,0.0,17.88,6,3,170,0,6
2025-06-19 07:03:09.822246,500.26,38.66,37.01,0.0,27.32,7,3,170,0,6
2025-06-19 08:03:09.822246,602.8,43.06,58.93,0.0,26.26,8,3,170,0,6
2025-06-19 09:03:09.822246,535.21,40.08,72.59,0.0,24.68,9,3,170,0,6
2025-06-19 10:03:09.822246,604.14,34.54,55.69,0.0,20.39,10,3,170,0,6
2025-06-19 11:03:09.822246,578.75,32.35,61.13,0.0,13.21,11,3,170,0,6
2025-06-19 12:03:09.822246,649.18,26.36,68.17,0.0,21.02,12,3,170,0,6
2025-06-19 13:03:09.822246,704.75,35.56,41.82,0.0,16.82,13,3,170,0,6
2025-06-19 14:03:09.822246,647.67,28.43,31.55,7.45,21.15,14,3,170,0,6
2025-06-19 15:03:09.822246,538.59,30.04,56.69,0.0,14.23,15,3,170,0,6
2025-06-19 16:03:09.822246,516.1,28.05,47.65,0.0,7.93,16,3,170,0,6
2025-06-19 17:03:09.822246,393.51,31.71,36.38,0.0,14.17,17,3,170,0,6
2025-06-19 18:03:09.822246,477.86,33.87,49.34,0.0,5.37,18,3,170,0,6
2025-06-19 19:03:09.822246,594.44,35.38,57.4,0.0,5.75,19,3,170,0,6
2025-06-19 20:03:09.822246,563.53,31.01,48.63,0.0,6.1,20,3,170,0,6
2025-06-19 21:03:09.822246,465.18,39.35,42.26,0.0,5.41,21,3,170,0,6
2025-06-19 22:03:09.822246,483.89,32.97,47.89,0.0,21.13,22,3,170,0,6
2025-06-19 23:03:09.822246,470.3,30.07,49.93,0.0,8.26,23,3,170,0,6
2025-06-20 00:03:09.822246,521.67,35.23,31.13,0.0,6.71,0,4,171,0,6
2025-06-20 01:03:09.822246,516.41,43.92,49.0,0.0,15.26,1,4,171,0,6
2025-06-20 02:03:09.822246,548.69,35.77,36.98,0.0,21.83,2,4,171,0,6
2025-06-20 03:03:09.822246,525.1,32.28,57.02,0.0,19.37,3,4,171,0,6
2025-06-20 04:03:09.822246,476.76,26.46,34.81,0.0,21.88,4,4,171,0,6
2025-06-20 05:03:09.822246,546.09,33.0,60.55,0.0,15.05,5,4,171,0,6
2025-06-20 06:03:09.822246,521.31,35.27,46.33,0.0,18.75,6,4,171,0,6
2025-06-20 07:03:09.822246,516.99,32.16,45.0,0.0,18.07,7,4,171,0,6
2025-06-20 08:03:09.822246,522.53,25.77,53.37,0.0,27.85,8,4,171,0,6
2025-06-20 09:03:09.822246,580.99,29.85,41.76,0.0,15.07,9,4,171,0,6
2025-06-20 10:03:09.822246,654.82,41.37,53.21,0.0,16.75,10,4,171,0,6
2025-06-20 11:03:09.822246,633.14,41.27,43.1,0.0,16.64,11,4,171,0,6
2025-06-20 12:03:09.822246,667.1,29.66,44.86,0.0,9.61,12,4,171,0,6
2025-06-20 13:03:09.822246,705.53,37.46,54.48,0.0,13.79,13,4,171,0,6
2025-06-20 14:03:09.822246,593.06,28.2,39.04,0.0,12.25,14,4,171,0,6
2025-06-20 15:03:09.822246,664.32,41.12,37.78,0.0,15.24,15,4,171,0,6
2025-06-20 16:03:09.822246,581.26,35.32,52.91,0.0,6.35,16,4,171,0,6
2025-06-20 17:03:09.822246,657.52,38.85,50.16,0.0,0.0,17,4,171,0,6
2025-06-20 18:03:09.822246,487.89,25.52,52.11,0.0,2.11,18,4,171,0,6
2025-06-20 19:03:09.822246,547.78,37.49,53.7,0.0,3.92,19,4,171,0,6
2025-06-20 20:03:09.822246,542.44,34.06,51.0,0.0,12.78,20,4,171,0,6
2025-06-20 21:03:09.822246,463.58,38.36,56.51,7.77,6.79,21,4,171,0,6
2025-06-20 22:03:09.822246,499.48,38.67,51.4,0.0,12.04,22,4,171,0,6
2025-06-20 23:03:09.822246,493.93,34.43,30.35,0.0,10.9,23,4,171,0,6
2025-06-21 00:03:09.822246,440.04,31.18,33.25,0.0,17.71,0,5,172,1,6
2025-06-21 01:03:09.822246,561.68,38.08,70.01,0.0,14.43,1,5,172,1,6
2025-06-21 02:03:09.822246,565.49,33.88,50.73,0.0,11.64,2,5,172,1,6
2025-06-21 03:03:09.822246,473.59,29.82,60.23,0.0,8.93,3,5,172,1,6
2025-06-21 04:03:09.822246,451.0,29.58,47.27,0.0,26.2,4,5,172,1,6
2025-06-21 05:03:09.822246,315.1,26.8,50.15,0.0,26.3,5,5,172,1,6
2025-06-21 06:03:09.822246,390.66,31.63,46.2,0.0,27.01,6,5,172,1,6
2025-06-21 07:03:09.822246,464.64,39.7,75.39,0.0,25.25,7,5,172,1,6
2025-06-21 08:03:09.822246,453.15,35.07,53.26,0.0,13.85,8,5,172,1,6
2025-06-21 09:03:09.822246,488.42,31.54,45.38,0.0,18.84,9,5,172,1,6
2025-06-21 10:03:09.822246,499.98,38.21,34.21,0.0,19.5,10,5,172,1,6
2025-06-21 11:03:09.822246,456.66,30.02,70.47,0.0,13.94,11,5,172,1,6
2025-06-21 12:03:09.822246,555.36,34.66,49.1,0.0,17.84,12,5,172,1,6
2025-06-21 13:03:09.822246,487.2,33.29,58.17,0.0,11.64,13,5,172,1,6
2025-06-21 14:03:09.822246,539.97,38.08,59.29,0.0,13.29,14,5,172,1,6
2025-06-21 15:03:09.822246,545.0,26.3,46.1,0.0,13.7,15,5,172,1,6
2025-06-21 16:03:09.822246,429.92,29.93,57.45,0.0,8.56,16,5,172,1,6
2025-06-21 17:03:09.822246,326.07,25.99,44.69,0.0,6.19,17,5,172,1,6
2025-06-21 18:03:09.822246,401.43,32.89,40.82,0.0,0.0,18,5,172,1,6
2025-06-21 19:03:09.822246,534.77,40.24,62.37,0.0,5.64,19,5,172,1,6
2025-06-21 20:03:09.822246,558.99,31.66,49.15,0.0,0.0,20,5,172,1,6
2025-06-21 21:03:09.822246,409.31,31.63,55.91,0.0,1.9,21,5,172,1,6
2025-06-21 22:03:09.822246,478.8,38.54,54.84,9.76,11.45,22,5,172,1,6
2025-06-21 23:03:09.822246,440.37,39.53,57.11,0.0,6.08,23,5,172,1,6
2025-06-22 00:03:09.822246,432.71,33.82,35.47,0.0,26.34,0,6,173,1,6
2025-06-22 01:03:09.822246,601.76,37.69,45.18,0.0,22.16,1,6,173,1,6
2025-06-22 02:03:09.822246,332.35,28.88,47.79,0.0,20.25,2,6,173,1,6
2025-06-22 03:03:09.822246,498.12,41.16,42.72,0.0,8.1,3,6,173,1,6
2025-06-22 04:03:09.822246,513.9,45.01,55.33,0.0,14.17,4,6,173,1,6
2025-06-22 05:03:09.822246,490.2,36.87,62.9,8.32,36.05,5,6,173,1,6
2025-06-22 06:03:09.822246,399.71,23.84,64.49,0.0,22.26,6,6,173,1,6
2025-06-22 07:03:09.822246,453.81,31.47,47.64,0.0,30.58,7,6,173,1,6
2025-06-22 08:03:09.822246,463.86,37.33,53.96,0.0,21.06,8,6,173,1,6
2025-06-22 09:03:09.822246,511.69,32.16,55.49,0.0,17.08,9,6,173,1,6
2025-06-22 10:03:09.822246,522.91,40.63,57.25,0.0,14.67,10,6,173,1,6
2025-06-22 11:03:09.822246,573.17,37.21,42.25,0.0,9.91,11,6,173,1,6
2025-06-22 12:03:09.822246,521.27,30.73,69.24,0.0,17.84,12,6,173,1,6
2025-06-22 13:03:09.822246,542.3,34.43,60.3,0.0,14.31,13,6,173,1,6
2025-06-22 14:03:09.822246,476.63,29.8,60.56,0.0,7.3,14,6,173,1,6
2025-06-22 15:03:09.822246,572.09,33.35,63.07,0.0,0.0,15,6,173,1,6
2025-06-22 16:03:09.822246,493.44,31.49,56.38,7.0,5.09,16,6,173,1,6
2025-06-22 17:03:09.822246,395.76,40.14,40.76,0.0,8.14,17,6,173,1,6
2025-06-22 18:03:09.822246,580.82,44.85,49.65,0.0,16.05,18,6,173,1,6
2025-06-22 19:03:09.822246,368.27,27.11,34.52,0.0,10.46,19,6,173,1,6
2025-06-22 20:03:09.822246,385.98,24.65,55.19,0.0,7.3,20,6,173,1,6
2025-06-22 21:03:09.822246,382.91,33.04,49.34,0.0,3.7,21,6,173,1,6
2025-06-22 22:03:09.822246,432.56,26.67,50.63,0.0,16.23,22,6,173,1,6
2025-06-22 23:03:09.822246,342.71,34.5,63.08,0.0,12.98,23,6,173,1,6
2025-06-23 00:03:09.822246,693.24,38.09,46.77,1.15,15.79,0,0,174,0,6
2025-06-23 01:03:09.822246,612.58,41.81,48.82,0.0,23.49,1,0,174,0,6
2025-06-23 02:03:09.822246,542.44,35.35,51.56,0.0,18.78,2,0,174,0,6
2025-06-23 03:03:09.822246,541.12,33.38,32.94,0.0,26.56,3,0,174,0,6
2025-06-23 04:03:09.822246,469.43,24.45,48.68,0.0,17.66,4,0,174,0,6
2025-06-23 05:03:09.822246,578.21,34.47,26.49,0.0,21.09,5,0,174,0,6
2025-06-23 06:03:09.822246,541.49,34.7,45.49,0.0,27.36,6,0,174,0,6
2025-06-23 07:03:09.822246,596.96,37.54,59.9,0.0,24.36,7,0,174,0,6
2025-06-23 08:03:09.822246,562.12,30.8,55.82,0.0,22.36,8,0,174,0,6
2025-06-23 09:03:09.822246,551.67,32.17,45.4,0.0,16.13,9,0,174,0,6
2025-06-23 10:03:09.822246,568.61,26.95,51.75,0.0,24.8,10,0,174,0,6
2025-06-23 11:03:09.822246,527.05,22.89,40.59,0.0,9.34,11,0,174,0,6
2025-06-23 12:03:09.822246,607.22,28.8,51.32,0.0,19.38,12,0,174,0,6
2025-06-23 13:03:09.822246,623.71,26.49,80.65,1.78,12.67,13,0,174,0,6
2025-06-23 14:03:09.822246,485.82,36.03,69.8,0.0,10.33,14,0,174,0,6
2025-06-23 15:03:09.822246,578.94,31.75,51.87,0.0,7.68,15,0,174,0,6
2025-06-23 16:03:09.822246,558.16,31.65,52.95,0.0,2.02,16,0,174,0,6
2025-06-23 17:03:09.822246,495.19,29.42,41.55,0.0,5.17,17,0,174,0,6
2025-06-23 18:03:09.822246,447.57,18.18,43.33,0.0,6.83,18,0,174,0,6
2025-06-23 19:03:09.822246,633.07,41.89,54.97,0.0,7.4,19,0,174,0,6
2025-06-23 20:03:09.822246,521.64,29.34,46.1,0.0,5.84,20,0,174,0,6
2025-06-23 21:03:09.822246,424.2,32.28,60.39,1.19,7.36,21,0,174,0,6
2025-06-23 22:03:09.822246,510.66,27.07,67.04,0.0,9.4,22,0,174,0,6
2025-06-23 23:03:09.822246,504.48,39.2,54.67,0.0,11.13,23,0,174,0,6
2025-06-24 00:03:09.822246,433.94,35.13,52.67,0.0,6.18,0,1,175,0,6
2025-06-24 01:03:09.822246,454.65,30.29,34.85,3.46,14.99,1,1,175,0,6
2025-06-24 02:03:09.822246,534.46,32.46,59.13,0.0,14.81,2,1,175,0,6
2025-06-24 03:03:09.822246,606.47,42.81,40.22,0.0,21.26,3,1,175,0,6
2025-06-24 04:03:09.822246,557.09,34.05,47.48,0.0,19.07,4,1,175,0,6
2025-06-24 05:03:09.822246,556.57,33.51,61.25,0.0,26.38,5,1,175,0,6
2025-06-24 06:03:09.822246,529.82,29.71,61.95,0.0,30.94,6,1,175,0,6
2025-06-24 07:03:09.822246,437.47,24.94,46.99,0.0,23.06,7,1,175,0,6
2025-06-24 08:03:09.822246,572.93,33.62,47.57,0.0,25.02,8,1,175,0,6
2025-06-24 09:03:09.822246,659.04,36.04,44.66,0.0,19.71,9,1,175,0,6
2025-06-24 10:03:09.822246,644.39,39.91,39.68,0.0,19.48,10,1,175,0,6
2025-06-24 11:03:09.822246,599.69,23.17,45.31,0.0,24.39,11,1,175,0,6
2025-06-24 12:03:09.822246,636.51,28.79,35.52,0.0,7.27,12,1,175,0,6
2025-06-24 13:03:09.822246,579.77,31.51,58.49,0.0,9.04,13,1,175,0,6
2025-06-24 14:03:09.822246,636.65,34.4,55.6,0.0,10.53,14,1,175,0,6
2025-06-24 15:03:09.822246,598.12,33.69,57.26,0.0,7.09,15,1,175,0,6
2025-06-24 16:03:09.822246,488.88,33.81,42.11,0.0,4.46,16,1,175,0,6
2025-06-24 17:03:09.822246,529.2,36.46,39.71,0.0,0.0,17,1,175,0,6
2025-06-24 18:03:09.822246,468.82,29.9,52.19,0.0,7.16,18,1,175,0,6
2025-06-24 19:03:09.822246,483.9,39.09,52.3,0.0,4.84,19,1,175,0,6
2025-06-24 20:03:09.822246,537.25,36.58,50.18,0.0,9.55,20,1,175,0,6
2025-06-24 21:03:09.822246,474.43,32.82,48.76,0.0,13.12,21,1,175,0,6
2025-06-24 22:03:09.822246,535.94,42.42,68.76,0.0,9.79,22,1,175,0,6
2025-06-24 23:03:09.822246,422.79,42.2,55.92,0.0,19.04,23,1,175,0,6
2025-06-25 00:03:09.822246,550.94,39.15,71.68,0.0,20.23,0,2,176,0,6
2025-06-25 01:03:09.822246,415.79,19.39,64.66,0.0,15.41,1,2,176,0,6
2025-06-25 02:03:09.822246,480.69,42.38,69.0,0.0,27.32,2,2,176,0,6
2025-06-25 03:03:09.822246,577.24,38.46,41.23,0.0,25.35,3,2,176,0,6
2025-06-25 04:03:09.822246,619.06,44.52,57.9,0.0,30.05,4,2,176,0,6
2025-06-25 05:03:09.822246,426.86,40.67,47.65,0.0,15.52,5,2,176,0,6
2025-06-25 06:03:09.822246,512.29,42.38,35.34,0.0,28.35,6,2,176,0,6
2025-06-25 07:03:09.822246,535.33,38.88,66.93,0.0,26.22,7,2,176,0,6
2025-06-25 08:03:09.822246,558.51,41.23,49.03,0.0,19.58,8,2,176,0,6
2025-06-25 09:03:09.822246,682.51,44.46,41.42,0.0,14.58,9,2,176,0,6
2025-06-25 10:03:09.822246,593.64,35.57,47.82,0.0,19.25,10,2,176,0,6
2025-06-25 11:03:09.822246,582.05,26.62,44.01,0.0,17.84,11,2,176,0,6
2025-06-25 12:03:09.822246,511.96,32.95,45.03,0.0,12.06,12,2,176,0,6
2025-06-25 13:03:09.822246,677.24,36.44,49.75,0.0,8.66,13,2,176,0,6
2025-06-25 14:03:09.822246,543.89,34.86,69.28,0.0,7.25,14,2,176,0,6
2025-06-25 15:03:09.822246,536.31,28.25,45.31,0.0,4.56,15,2,176,0,6
2025-06-25 16:03:09.822246,543.07,26.33,68.56,0.0,10.99,16,2,176,0,6
2025-06-25 17:03:09.822246,564.99,30.78,60.46,0.0,1.32,17,2,176,0,6
2025-06-25 18:03:09.822246,479.79,38.52,55.93,0.0,0.0,18,2,176,0,6
2025-06-25 19:03:09.822246,443.04,42.39,59.45,0.0,9.27,19,2,176,0,6
2025-06-25 20:03:09.822246,549.85,39.07,52.11,1.34,10.91,20,2,176,0,6
2025-06-25 21:03:09.822246,631.0,39.77,64.83,0.0,7.33,21,2,176,0,6
2025-06-25 22:03:09.822246,594.48,34.08,57.64,0.0,4.36,22,2,176,0,6
2025-06-25 23:03:09.822246,488.57,25.78,35.32,0.0,2.72,23,2,176,0,6
2025-06-26 00:03:09.822246,528.12,32.27,55.25,0.0,15.17,0,3,177,0,6
2025-06-26 01:03:09.822246,549.52,33.26,60.13,0.0,20.15,1,3,177,0,6
2025-06-26 02:03:09.822246,461.72,32.07,49.4,0.0,15.94,2,3,177,0,6
2025-06-26 03:03:09.822246,562.34,34.82,53.55,0.0,26.08,3,3,177,0,6
2025-06-26 04:03:09.822246,523.53,36.76,46.16,0.0,16.5,4,3,177,0,6
2025-06-26 05:03:09.822246,605.08,38.82,38.51,0.0,25.02,5,3,177,0,6
2025-06-26 06:03:09.822246,638.72,33.16,36.78,0.0,14.83,6,3,177,0,6
2025-06-26 07:03:09.822246,508.3,25.03,36.92,0.0,19.91,7,3,177,0,6
2025-06-26 08:03:09.822246,544.28,32.14,58.98,0.0,14.9,8,3,177,0,6
2025-06-26 09:03:09.822246,573.09,34.77,27.38,0.0,24.89,9,3,177,0,6
2025-06-26 10:03:09.822246,540.41,40.66,45.62,0.0,21.71,10,3,177,0,6
2025-06-26 11:03:09.822246,561.11,31.71,44.63,0.0,29.83,11,3,177,0,6
2025-06-26 12:03:09.822246,607.1,37.11,49.47,0.0,15.97,12,3,177,0,6
2025-06-26 13:03:09.822246,580.24,36.0,33.72,0.0,10.26,13,3,177,0,6
2025-06-26 14:03:09.822246,622.92,34.77,56.33,0.0,4.84,14,3,177,0,6
2025-06-26 15:03:09.822246,545.54,39.2,39.56,0.0,12.86,15,3,177,0,6
2025-06-26 16:03:09.822246,568.37,31.25,63.61,0.0,19.55,16,3,177,0,6
2025-06-26 17:03:09.822246,522.05,31.68,46.07,0.0,10.39,17,3,177,0,6
2025-06-26 18:03:09.822246,526.38,34.49,51.33,0.0,6.06,18,3,177,0,6
2025-06-26 19:03:09.822246,495.31,31.35,52.32,0.0,5.69,19,3,177,0,6
2025-06-26 20:03:09.822246,543.12,37.09,54.73,0.0,0.0,20,3,177,0,6
2025-06-26 21:03:09.822246,533.11,30.98,52.66,0.0,12.33,21,3,177,0,6
2025-06-26 22:03:09.822246,486.77,35.68,48.02,0.0,6.41,22,3,177,0,6
2025-06-26 23:03:09.822246,478.27,34.05,55.72,0.0,6.4,23,3,177,0,6
2025-06-27 00:03:09.822246,505.23,35.69,57.27,0.0,14.06,0,4,178,0,6
2025-06-27 01:03:09.822246,387.04,32.31,44.95,0.0,13.69,1,4,178,0,6
2025-06-27 02:03:09.822246,458.04,32.92,56.87,0.0,15.38,2,4,178,0,6
2025-06-27 03:03:09.822246,455.62,35.09,64.52,0.0,19.63,3,4,178,0,6
2025-06-27 04:03:09.822246,607.52,35.62,59.66,0.0,14.21,4,4,178,0,6
2025-06-27 05:03:09.822246,546.65,34.59,61.93,0.0,23.36,5,4,178,0,6
2025-06-27 06:03:09.822246,592.63,43.14,54.32,0.0,26.21,6,4,178,0,6
2025-06-27 07:03:09.822246,549.84,29.66,43.24,0.0,19.71,7,4,178,0,6
2025-06-27 08:03:09.822246,556.35,34.29,44.51,0.0,30.4,8,4,178,0,6
2025-06-27 09:03:09.822246,541.33,26.74,55.8,0.0,19.21,9,4,178,0,6
2025-06-27 10:03:09.822246,584.08,36.47,62.03,0.0,14.61,10,4,178,0,6
2025-06-27 11:03:09.822246,593.09,29.04,80.46,0.0,21.67,11,4,178,0,6
2025-06-27 12:03:09.822246,569.21,33.22,62.42,0.0,15.32,12,4,178,0,6
2025-06-27 13:03:09.822246,490.77,32.75,40.9,0.0,19.12,13,4,178,0,6
2025-06-27 14:03:09.822246,611.23,36.02,44.93,0.0,18.04,14,4,178,0,6
2025-06-27 15:03:09.822246,636.5,31.85,75.39,0.0,1.02,15,4,178,0,6
2025-06-27 16:03:09.822246,614.43,31.63,50.46,0.0,17.47,16,4,178,0,6
2025-06-27 17:03:09.822246,603.35,41.79,53.08,0.0,0.0,17,4,178,0,6
2025-06-27 18:03:09.822246,560.22,36.03,43.0,0.0,0.0,18,4,178,0,6
2025-06-27 19:03:09.822246,516.94,31.81,68.26,6.61,0.0,19,4,178,0,6
2025-06-27 20:03:09.822246,530.85,33.36,57.61,0.0,13.08,20,4,178,0,6
2025-06-27 21:03:09.822246,543.6,42.84,44.86,0.0,10.52,21,4,178,0,6
2025-06-27 22:03:09.822246,465.92,33.44,42.67,0.0,11.38,22,4,178,0,6
2025-06-27 23:03:09.822246,513.33,31.17,55.68,0.0,0.36,23,4,178,0,6
2025-06-28 00:03:09.822246,485.45,31.24,53.37,0.0,14.89,0,5,179,1,6
2025-06-28 01:03:09.822246,422.15,31.92,61.25,0.0,29.78,1,5,179,1,6
2025-06-28 02:03:09.822246,436.87,31.7,58.4,0.0,22.58,2,5,179,1,6
2025-06-28 03:03:09.822246,383.94,28.27,50.28,0.0,20.43,3,5,179,1,6
2025-06-28 04:03:09.822246,481.05,29.05,47.49,0.0,29.07,4,5,179,1,6
2025-06-28 05:03:09.822246,353.78,30.52,51.33,0.0,25.39,5,5,179,1,6
2025-06-28 06:03:09.822246,359.64,37.63,47.42,0.0,22.5,6,5,179,1,6
2025-06-28 07:03:09.822246,437.34,32.76,51.62,0.0,21.26,7,5,179,1,6
2025-06-28 08:03:09.822246,405.36,33.63,53.09,0.0,26.37,8,5,179,1,6
2025-06-28 09:03:09.822246,502.28,41.02,43.95,0.0,20.66,9,5,179,1,6
2025-06-28 10:03:09.822246,548.01,41.14,59.23,0.0,20.84,10,5,179,1,6
2025-06-28 11:03:09.822246,472.75,33.26,49.22,0.0,5.97,11,5,179,1,6
2025-06-28 12:03:09.822246,560.59,31.51,44.51,0.27,14.45,12,5,179,1,6
2025-06-28 13:03:09.822246,515.31,30.35,49.41,0.0,7.11,13,5,179,1,6
2025-06-28 14:03:09.822246,569.31,38.13,55.35,0.0,15.19,14,5,179,1,6
2025-06-28 15:03:09.822246,519.89,33.64,53.76,0.0,2.63,15,5,179,1,6
2025-06-28 16:03:09.822246,418.35,32.74,57.15,0.0,2.51,16,5,179,1,6
2025-06-28 17:03:09.822246,490.88,30.6,61.91,0.0,0.0,17,5,179,1,6
2025-06-28 18:03:09.822246,433.5,30.82,65.98,0.0,9.14,18,5,179,1,6
2025-06-28 19:03:09.822246,486.38,36.27,55.78,0.0,7.93,19,5,179,1,6
2025-06-28 20:03:09.822246,366.97,28.09,42.23,0.0,0.86,20,5,179,1,6
2025-06-28 21:03:09.822246,406.87,39.64,50.24,0.0,3.3,21,5,179,1,6
2025-06-28 22:03:09.822246,444.14,32.0,42.88,0.0,13.96,22,5,179,1,6
2025-06-28 23:03:09.822246,409.74,33.92,69.9,0.0,22.63,23,5,179,1,6
2025-06-29 00:03:09.822246,349.59,28.03,73.12,0.0,17.24,0,6,180,1,6
2025-06-29 01:03:09.822246,415.17,34.66,59.75,0.0,23.33,1,6,180,1,6
2025-06-29 02:03:09.822246,498.23,33.08,61.83,0.0,18.68,2,6,180,1,6
2025-06-29 03:03:09.822246,368.02,34.47,55.76,0.0,16.76,3,6,180,1,6
2025-06-29 04:03:09.822246,593.6,42.08,56.91,0.0,22.82,4,6,180,1,6
2025-06-29 05:03:09.822246,411.24,35.61,37.27,0.0,30.09,5,6,180,1,6
2025-06-29 06:03:09.822246,436.31,30.75,52.51,0.0,22.17,6,6,180,1,6
2025-06-29 07:03:09.822246,451.27,31.16,44.44,7.3,22.93,7,6,180,1,6
2025-06-29 08:03:09.822246,499.7,37.7,56.06,0.0,34.78,8,6,180,1,6
2025-06-29 09:03:09.822246,518.89,41.21,52.65,0.0,30.89,9,6,180,1,6
2025-06-29 10:03:09.822246,511.22,36.13,72.72,0.0,20.72,10,6,180,1,6
2025-06-29 11:03:09.822246,550.8,38.16,62.42,0.0,23.49,11,6,180,1,6
2025-06-29 12:03:09.822246,513.54,37.77,56.09,0.0,9.06,12,6,180,1,6
2025-06-29 13:03:09.822246,623.91,41.81,50.58,1.21,15.74,13,6,180,1,6
2025-06-29 14:03:09.822246,450.74,24.97,70.01,0.0,10.53,14,6,180,1,6
2025-06-29 15:03:09.822246,507.85,38.06,52.95,0.0,10.04,15,6,180,1,6
2025-06-29 16:03:09.822246,426.78,39.64,56.57,0.0,0.0,16,6,180,1,6
2025-06-29 17:03:09.822246,269.38,28.03,53.67,0.0,0.0,17,6,180,1,6
2025-06-29 18:03:09.822246,353.12,30.29,49.21,0.0,2.2,18,6,180,1,6
2025-06-29 19:03:09.822246,538.99,30.47,53.61,0.0,0.0,19,6,180,1,6
2025-06-29 20:03:09.822246,475.78,31.08,33.63,0.0,1.59,20,6,180,1,6
2025-06-29 21:03:09.822246,375.57,32.31,37.77,0.0,20.86,21,6,180,1,6
2025-06-29 22:03:09.822246,450.28,35.93,56.75,0.0,16.16,22,6,180,1,6
2025-06-29 23:03:09.822246,486.87,39.05,68.93,0.0,14.14,23,6,180,1,6
2025-06-30 00:03:09.822246,574.26,40.17,57.06,0.0,17.25,0,0,181,0,6
2025-06-30 01:03:09.822246,467.06,30.58,46.37,0.0,19.67,1,0,181,0,6
2025-06-30 02:03:09.822246,549.97,30.54,39.15,0.0,19.05,2,0,181,0,6
2025-06-30 03:03:09.822246,559.77,41.35,61.42,0.0,23.69,3,0,181,0,6
2025-06-30 04:03:09.822246,561.71,38.0,47.9,0.0,28.4,4,0,181,0,6
2025-06-30 05:03:09.822246,572.33,35.18,60.01,0.0,23.51,5,0,181,0,6
2025-06-30 06:03:09.822246,516.79,37.13,57.47,0.0,32.22,6,0,181,0,6
2025-06-30 07:03:09.822246,583.41,34.62,58.36,0.0,23.44,7,0,181,0,6
2025-06-30 08:03:09.822246,619.81,37.39,53.91,0.0,18.7,8,0,181,0,6
2025-06-30 09:03:09.822246,584.36,33.09,57.41,0.0,23.38,9,0,181,0,6
2025-06-30 10:03:09.822246,543.59,36.11,52.38,0.0,19.04,10,0,181,0,6
2025-06-30 11:03:09.822246,607.86,27.21,47.22,0.0,16.31,11,0,181,0,6
2025-06-30 12:03:09.822246,657.59,31.33,43.94,0.0,19.4,12,0,181,0,6
2025-06-30 13:03:09.822246,564.27,31.38,29.72,0.0,10.6,13,0,181,0,6
2025-06-30 14:03:09.822246,512.83,32.9,51.76,0.0,5.33,14,0,181,0,6
2025-06-30 15:03:09.822246,564.84,30.13,68.77,0.0,5.98,15,0,181,0,6
2025-06-30 16:03:09.822246,570.85,32.1,60.88,0.0,2.64,16,0,181,0,6
2025-06-30 17:03:09.822246,539.0,27.2,55.85,0.0,1.59,17,0,181,0,6
2025-06-30 18:03:09.822246,532.72,37.51,46.23,0.0,9.89,18,0,181,0,6
2025-06-30 19:03:09.822246,497.38,34.35,63.55,0.0,0.23,19,0,181,0,6
2025-06-30 20:03:09.822246,535.94,26.24,52.38,0.0,6.93,20,0,181,0,6
2025-06-30 21:03:09.822246,403.82,30.59,69.32,0.0,6.27,21,0,181,0,6
2025-06-30 22:03:09.822246,493.16,36.45,43.76,0.0,9.45,22,0,181,0,6
2025-06-30 23:03:09.822246,495.68,32.05,46.07,0.0,2.23,23,0,181,0,6
2025-07-01 00:03:09.822246,441.75,31.33,45.43,0.0,18.22,0,1,182,0,7
2025-07-01 01:03:09.822246,491.65,34.44,39.08,0.0,16.19,1,1,182,0,7
2025-07-01 02:03:09.822246,622.9,36.53,44.53,0.0,24.86,2,1,182,0,7
2025-07-01 03:03:09.822246,495.54,27.63,54.93,0.0,24.07,3,1,182,0,7
2025-07-01 04:03:09.822246,535.83,37.56,46.78,0.0,23.9,4,1,182,0,7
2025-07-01 05:03:09.822246,428.06,30.81,20.0,0.0,24.7,5,1,182,0,7
2025-07-01 06:03:09.822246,494.66,34.72,64.64,0.0,36.2,6,1,182,0,7
2025-07-01 07:03:09.822246,508.57,34.63,37.06,0.0,20.64,7,1,182,0,7
2025-07-01 08:03:09.822246,529.84,32.17,59.79,0.0,25.12,8,1,182,0,7
2025-07-01 09:03:09.822246,599.28,29.69,54.21,0.0,23.27,9,1,182,0,7
2025-07-01 10:03:09.822246,605.34,33.38,75.08,0.0,11.93,10,1,182,0,7
2025-07-01 11:03:09.822246,577.14,42.94,63.87,0.0,17.29,11,1,182,0,7
2025-07-01 12:03:09.822246,575.71,28.0,48.86,0.0,7.21,12,1,182,0,7
2025-07-01 13:03:09.822246,644.85,43.27,46.88,0.0,12.07,13,1,182,0,7
2025-07-01 14:03:09.822246,620.26,33.51,68.93,0.0,1.89,14,1,182,0,7
2025-07-01 15:03:09.822246,684.17,34.99,39.14,0.0,9.84,15,1,182,0,7
2025-07-01 16:03:09.822246,485.42,29.38,55.81,0.0,0.04,16,1,182,0,7
2025-07-01 17:03:09.822246,507.15,30.95,52.59,8.51,5.28,17,1,182,0,7
2025-07-01 18:03:09.822246,461.65,32.3,50.47,0.0,0.0,18,1,182,0,7
2025-07-01 19:03:09.822246,469.08,29.58,57.44,0.0,7.72,19,1,182,0,7
2025-07-01 20:03:09.822246,515.74,33.77,55.8,0.0,5.95,20,1,182,0,7
2025-07-01 21:03:09.822246,558.4,32.78,58.48,0.0,7.01,21,1,182,0,7
2025-07-01 22:03:09.822246,549.77,44.06,55.29,0.0,10.7,22,1,182,0,7
2025-07-01 23:03:09.822246,483.76,28.98,58.08,0.0,15.03,23,1,182,0,7
2025-07-02 00:03:09.822246,486.49,35.36,55.16,0.0,10.7,0,2,183,0,7
2025-07-02 01:03:09.822246,487.28,36.09,47.64,0.0,17.5,1,2,183,0,7
2025-07-02 02:03:09.822246,625.62,29.5,54.27,0.0,17.67,2,2,183,0,7
2025-07-02 03:03:09.822246,444.94,38.28,47.09,0.0,28.58,3,2,183,0,7
2025-07-02 04:03:09.822246,527.65,32.86,46.43,0.0,21.62,4,2,183,0,7
2025-07-02 05:03:09.822246,530.43,22.39,50.87,0.0,20.64,5,2,183,0,7
2025-07-02 06:03:09.822246,520.93,38.15,53.04,0.0,17.48,6,2,183,0,7
2025-07-02 07:03:09.822246,487.0,29.26,54.58,0.0,23.32,7,2,183,0,7
2025-07-02 08:03:09.822246,552.69,29.61,63.39,0.0,20.21,8,2,183,0,7
2025-07-02 09:03:09.822246,634.23,38.29,49.25,0.0,23.88,9,2,183,0,7
2025-07-02 10:03:09.822246,652.85,33.11,56.2,0.0,21.11,10,2,183,0,7
2025-07-02 11:03:09.822246,551.07,39.44,55.41,0.0,20.24,11,2,183,0,7
2025-07-02 12:03:09.822246,734.71,40.9,48.14,0.0,8.7,12,2,183,0,7
2025-07-02 13:03:09.822246,517.69,31.62,54.97,0.0,0.0,13,2,183,0,7
2025-07-02 14:03:09.822246,641.02,38.82,64.26,0.0,10.0,14,2,183,0,7
2025-07-02 15:03:09.822246,534.87,31.07,56.1,0.0,12.04,15,2,183,0,7
2025-07-02 16:03:09.822246,638.45,46.01,56.5,0.0,4.37,16,2,183,0,7
2025-07-02 17:03:09.822246,424.26,31.38,47.18,0.0,14.27,17,2,183,0,7
2025-07-02 18:03:09.822246,582.62,39.98,73.92,0.0,4.38,18,2,183,0,7
2025-07-02 19:03:09.822246,619.38,39.07,47.75,0.0,1.66,19,2,183,0,7
2025-07-02 20:03:09.822246,452.96,36.43,37.55,0.0,8.42,20,2,183,0,7
2025-07-02 21:03:09.822246,501.89,31.5,62.83,0.0,14.83,21,2,183,0,7
2025-07-02 22:03:09.822246,468.74,34.09,53.08,0.0,9.78,22,2,183,0,7
2025-07-02 23:03:09.822246,479.01,24.08,51.2,0.0,16.18,23,2,183,0,7
2025-07-03 00:03:09.822246,514.23,36.01,49.11,0.0,12.89,0,3,184,0,7
2025-07-03 01:03:09.822246,524.4,36.63,73.28,0.0,15.59,1,3,184,0,7
2025-07-03 02:03:09.822246,552.59,35.55,58.11,0.0,25.59,2,3,184,0,7
2025-07-03 03:03:09.822246,533.7,20.02,60.06,0.0,13.21,3,3,184,0,7
2025-07-03 04:03:09.822246,466.55,28.56,56.19,0.0,18.41,4,3,184,0,7
2025-07-03 05:03:09.822246,508.22,31.14,57.26,0.0,27.56,5,3,184,0,7
2025-07-03 06:03:09.822246,446.1,36.34,68.55,1.08,23.28,6,3,184,0,7
2025-07-03 07:03:09.822246,500.86,36.33,52.05,0.0,26.15,7,3,184,0,7
2025-07-03 08:03:09.822246,584.16,34.03,39.99,0.0,26.32,8,3,184,0,7
2025-07-03 09:03:09.822246,679.86,38.06,63.24,0.0,15.48,9,3,184,0,7
2025-07-03 10:03:09.822246,624.01,29.75,59.53,0.0,13.37,10,3,184,0,7
2025-07-03 11:03:09.822246,603.26,37.93,55.64,0.0,23.35,11,3,184,0,7
2025-07-03 12:03:09.822246,656.06,37.26,59.27,0.0,13.07,12,3,184,0,7
2025-07-03 13:03:09.822246,555.48,36.77,50.85,0.0,9.03,13,3,184,0,7
2025-07-03 14:03:09.822246,632.29,33.97,54.77,0.0,11.85,14,3,184,0,7
2025-07-03 15:03:09.822246,674.63,44.04,53.24,0.0,12.83,15,3,184,0,7
2025-07-03 16:03:09.822246,582.32,37.35,48.65,0.0,10.23,16,3,184,0,7
2025-07-03 17:03:09.822246,477.39,30.04,66.45,0.0,7.65,17,3,184,0,7
2025-07-03 18:03:09.822246,551.46,36.12,40.44,0.0,10.79,18,3,184,0,7
2025-07-03 19:03:09.822246,547.88,38.65,78.17,0.0,7.89,19,3,184,0,7
2025-07-03 20:03:09.822246,495.95,31.94,63.33,0.0,3.57,20,3,184,0,7
2025-07-03 21:03:09.822246,590.36,40.33,36.78,0.0,9.24,21,3,184,0,7
2025-07-03 22:03:09.822246,490.78,36.79,52.32,0.0,13.92,22,3,184,0,7
2025-07-03 23:03:09.822246,460.92,23.17,52.88,0.0,8.37,23,3,184,0,7
2025-07-04 00:03:09.822246,529.0,36.41,58.81,0.0,12.16,0,4,185,0,7
2025-07-04 01:03:09.822246,599.34,32.88,45.0,0.0,18.57,1,4,185,0,7
2025-07-04 02:03:09.822246,548.28,37.6,55.21,0.0,23.44,2,4,185,0,7
2025-07-04 03:03:09.822246,528.28,39.63,53.68,0.0,21.95,3,4,185,0,7
2025-07-04 04:03:09.822246,630.21,35.89,47.52,0.0,24.95,4,4,185,0,7
2025-07-04 05:03:09.822246,655.28,43.24,46.13,0.0,12.22,5,4,185,0,7
2025-07-04 06:03:09.822246,511.98,34.02,64.08,0.0,33.0,6,4,185,0,7
2025-07-04 07:03:09.822246,484.45,38.04,37.93,0.0,28.54,7,4,185,0,7
2025-07-04 08:03:09.822246,699.18,38.94,59.67,0.0,27.3,8,4,185,0,7
2025-07-04 09:03:09.822246,583.78,34.43,62.87,0.0,25.28,9,4,185,0,7
2025-07-04 10:03:09.822246,715.12,38.81,52.71,0.0,23.65,10,4,185,0,7
2025-07-04 11:03:09.822246,536.65,31.94,55.42,0.0,24.54,11,4,185,0,7
2025-07-04 12:03:09.822246,702.42,32.8,66.53,0.0,20.59,12,4,185,0,7
2025-07-04 13:03:09.822246,566.19,28.35,47.84,0.0,14.55,13,4,185,0,7
2025-07-04 14:03:09.822246,692.0,36.12,48.88,0.0,14.03,14,4,185,0,7
2025-07-04 15:03:09.822246,634.81,36.54,49.94,0.0,9.32,15,4,185,0,7
2025-07-04 16:03:09.822246,547.24,40.81,66.55,0.0,2.54,16,4,185,0,7
2025-07-04 17:03:09.822246,540.11,38.87,67.82,0.0,2.8,17,4,185,0,7
2025-07-04 18:03:09.822246,552.64,33.49,40.93,0.0,2.9,18,4,185,0,7
2025-07-04 19:03:09.822246,545.32,29.02,64.96,0.0,4.49,19,4,185,0,7
2025-07-04 20:03:09.822246,599.0,37.08,63.08,0.0,5.15,20,4,185,0,7
2025-07-04 21:03:09.822246,665.93,40.47,70.43,0.0,2.15,21,4,185,0,7
2025-07-04 22:03:09.822246,515.79,38.69,58.74,0.0,11.05,22,4,185,0,7
2025-07-04 23:03:09.822246,674.1,40.34,54.45,0.0,16.1,23,4,185,0,7
2025-07-05 00:03:09.822246,476.35,33.88,66.68,0.0,12.67,0,5,186,1,7
2025-07-05 01:03:09.822246,393.62,32.61,62.22,0.0,15.97,1,5,186,1,7
2025-07-05 02:03:09.822246,362.83,31.25,77.68,0.0,23.77,2,5,186,1,7
2025-07-05 03:03:09.822246,400.43,34.66,64.81,0.0,23.02,3,5,186,1,7
2025-07-05 04:03:09.822246,480.98,34.55,56.76,0.0,28.07,4,5,186,1,7
2025-07-05 05:03:09.822246,445.56,35.97,43.49,8.61,28.34,5,5,186,1,7
2025-07-05 06:03:09.822246,507.57,34.29,49.42,0.0,21.04,6,5,186,1,7
2025-07-05 07:03:09.822246,371.59,34.27,40.87,0.0,25.79,7,5,186,1,7
2025-07-05 08:03:09.822246,431.49,31.06,53.08,0.19,26.66,8,5,186,1,7
2025-07-05 09:03:09.822246,451.24,39.65,64.49,0.0,18.59,9,5,186,1,7
2025-07-05 10:03:09.822246,561.07,35.32,55.19,0.0,14.17,10,5,186,1,7
2025-07-05 11:03:09.822246,583.66,34.07,65.44,0.0,17.5,11,5,186,1,7
2025-07-05 12:03:09.822246,464.46,31.2,58.6,0.0,4.51,12,5,186,1,7
2025-07-05 13:03:09.822246,384.05,28.28,51.2,0.0,0.0,13,5,186,1,7
2025-07-05 14:03:09.822246,538.93,41.48,56.1,0.0,13.0,14,5,186,1,7
2025-07-05 15:03:09.822246,538.48,37.71,59.95,5.56,4.13,15,5,186,1,7
2025-07-05 16:03:09.822246,481.77,26.82,56.62,0.0,4.83,16,5,186,1,7
2025-07-05 17:03:09.822246,536.13,38.75,56.73,0.0,6.55,17,5,186,1,7
2025-07-05 18:03:09.822246,377.56,39.55,47.54,0.0,4.8,18,5,186,1,7
2025-07-05 19:03:09.822246,420.71,35.56,50.9,0.0,1.51,19,5,186,1,7
2025-07-05 20:03:09.822246,516.53,42.93,77.81,0.0,16.14,20,5,186,1,7
2025-07-05 21:03:09.822246,343.69,36.02,67.51,0.0,7.54,21,5,186,1,7
2025-07-05 22:03:09.822246,424.38,27.85,40.49,0.0,23.78,22,5,186,1,7
2025-07-05 23:03:09.822246,407.78,36.76,31.56,0.0,7.71,23,5,186,1,7
2025-07-06 00:03:09.822246,427.52,36.18,56.32,1.03,13.12,0,6,187,1,7
2025-07-06 01:03:09.822246,427.74,31.94,64.5,0.0,17.71,1,6,187,1,7
2025-07-06 02:03:09.822246,411.52,37.83,50.36,0.0,20.37,2,6,187,1,7
2025-07-06 03:03:09.822246,397.33,26.62,65.78,0.0,27.02,3,6,187,1,7
2025-07-06 04:03:09.822246,467.3,39.91,56.16,0.0,12.01,4,6,187,1,7
2025-07-06 05:03:09.822246,340.5,30.57,53.93,0.0,32.29,5,6,187,1,7
2025-07-06 06:03:09.822246,314.66,30.04,63.12,0.0,15.63,6,6,187,1,7
2025-07-06 07:03:09.822246,495.29,34.39,50.24,0.0,20.77,7,6,187,1,7
2025-07-06 08:03:09.822246,468.25,37.12,52.69,0.0,23.92,8,6,187,1,7
2025-07-06 09:03:09.822246,554.13,35.78,62.26,0.0,24.12,9,6,187,1,7
2025-07-06 10:03:09.822246,578.05,31.25,55.25,0.0,19.0,10,6,187,1,7
2025-07-06 11:03:09.822246,421.89,32.43,74.65,0.0,15.2,11,6,187,1,7
2025-07-06 12:03:09.822246,484.13,29.29,62.5,0.0,15.04,12,6,187,1,7
2025-07-06 13:03:09.822246,556.45,33.84,61.85,0.0,10.42,13,6,187,1,7
2025-07-06 14:03:09.822246,464.95,40.33,55.07,0.0,15.42,14,6,187,1,7
2025-07-06 15:03:09.822246,479.53,34.94,64.31,4.7,11.39,15,6,187,1,7
2025-07-06 16:03:09.822246,553.66,39.26,52.34,0.0,8.57,16,6,187,1,7
2025-07-06 17:03:09.822246,570.87,42.24,58.39,0.0,10.45,17,6,187,1,7
2025-07-06 18:03:09.822246,409.62,32.02,46.4,0.0,6.74,18,6,187,1,7
2025-07-06 19:03:09.822246,383.15,34.03,65.96,0.97,4.15,19,6,187,1,7
2025-07-06 20:03:09.822246,517.11,45.82,58.47,0.0,0.0,20,6,187,1,7
2025-07-06 21:03:09.822246,546.77,42.18,75.39,0.0,17.25,21,6,187,1,7
2025-07-06 22:03:09.822246,441.81,26.6,79.48,4.82,15.61,22,6,187,1,7
2025-07-06 23:03:09.822246,437.98,36.9,63.19,0.0,6.37,23,6,187,1,7
2025-07-07 00:03:09.822246,439.16,34.98,56.58,0.0,18.66,0,0,188,0,7
2025-07-07 01:03:09.822246,494.6,39.11,46.44,0.0,19.89,1,0,188,0,7
2025-07-07 02:03:09.822246,515.96,31.25,64.95,0.0,15.28,2,0,188,0,7
2025-07-07 03:03:09.822246,524.5,30.78,58.0,0.0,29.0,3,0,188,0,7
2025-07-07 04:03:09.822246,552.23,31.6,61.28,0.0,24.49,4,0,188,0,7
2025-07-07 05:03:09.822246,526.06,32.12,73.2,0.0,18.92,5,0,188,0,7
2025-07-07 06:03:09.822246,460.8,39.05,47.65,0.0,18.91,6,0,188,0,7
2025-07-07 07:03:09.822246,571.55,29.07,46.65,11.0,26.74,7,0,188,0,7
2025-07-07 08:03:09.822246,490.12,31.86,53.53,0.0,18.89,8,0,188,0,7
2025-07-07 09:03:09.822246,506.57,26.03,64.11,0.0,18.4,9,0,188,0,7
2025-07-07 10:03:09.822246,617.37,40.01,61.45,0.0,22.12,10,0,188,0,7
2025-07-07 11:03:09.822246,744.82,41.33,46.94,0.0,14.29,11,0,188,0,7
2025-07-07 12:03:09.822246,754.68,33.34,63.46,0.0,12.65,12,0,188,0,7
2025-07-07 13:03:09.822246,668.44,33.49,43.89,0.0,8.46,13,0,188,0,7
2025-07-07 14:03:09.822246,599.98,37.24,47.52,0.0,13.36,14,0,188,0,7
2025-07-07 15:03:09.822246,652.08,42.35,54.74,0.0,14.12,15,0,188,0,7
2025-07-07 16:03:09.822246,638.14,37.02,50.36,0.0,0.0,16,0,188,0,7
2025-07-07 17:03:09.822246,528.43,31.49,64.8,0.0,0.42,17,0,188,0,7
2025-07-07 18:03:09.822246,555.39,26.88,58.76,0.0,0.0,18,0,188,0,7
2025-07-07 19:03:09.822246,536.24,29.4,73.55,0.0,5.97,19,0,188,0,7
2025-07-07 20:03:09.822246,584.32,35.34,53.43,0.0,7.36,20,0,188,0,7
2025-07-07 21:03:09.822246,525.17,31.7,54.68,0.0,3.18,21,0,188,0,7
2025-07-07 22:03:09.822246,541.03,35.95,68.0,0.0,7.82,22,0,188,0,7
2025-07-07 23:03:09.822246,549.43,32.21,54.99,0.0,14.7,23,0,188,0,7
2025-07-08 00:03:09.822246,442.12,29.7,71.18,0.0,22.76,0,1,189,0,7
2025-07-08 01:03:09.822246,456.36,29.1,61.64,0.0,13.89,1,1,189,0,7
2025-07-08 02:03:09.822246,479.1,42.8,32.71,0.0,20.55,2,1,189,0,7
2025-07-08 03:03:09.822246,557.73,39.43,68.01,0.0,24.8,3,1,189,0,7
2025-07-08 04:03:09.822246,593.91,43.64,65.36,0.0,32.65,4,1,189,0,7
2025-07-08 05:03:09.822246,558.72,37.69,65.75,0.0,26.67,5,1,189,0,7
2025-07-08 06:03:09.822246,598.35,32.84,37.13,0.0,34.55,6,1,189,0,7
2025-07-08 07:03:09.822246,572.56,41.61,49.61,0.0,17.45,7,1,189,0,7
2025-07-08 08:03:09.822246,623.33,34.82,50.35,0.0,25.72,8,1,189,0,7
2025-07-08 09:03:09.822246,517.66,36.09,47.82,0.0,20.72,9,1,189,0,7
2025-07-08 10:03:09.822246,573.37,34.77,73.65,0.0,19.88,10,1,189,0,7
2025-07-08 11:03:09.822246,558.6,20.25,56.12,0.0,11.51,11,1,189,0,7
2025-07-08 12:03:09.822246,727.81,43.01,55.87,0.0,21.11,12,1,189,0,7
2025-07-08 13:03:09.822246,605.41,37.44,61.76,0.0,15.32,13,1,189,0,7
2025-07-08 14:03:09.822246,602.75,36.64,61.93,0.0,11.07,14,1,189,0,7
2025-07-08 15:03:09.822246,534.48,34.68,22.89,0.0,0.0,15,1,189,0,7
2025-07-08 16:03:09.822246,520.86,35.81,49.77,0.0,10.91,16,1,189,0,7
2025-07-08 17:03:09.822246,550.13,32.0,42.11,0.0,2.02,17,1,189,0,7
2025-07-08 18:03:09.822246,556.8,38.07,60.24,0.0,1.08,18,1,189,0,7
2025-07-08 19:03:09.822246,496.3,28.45,53.35,0.0,0.0,19,1,189,0,7
2025-07-08 20:03:09.822246,540.01,35.92,56.39,0.0,4.67,20,1,189,0,7
2025-07-08 21:03:09.822246,501.23,37.8,35.45,0.0,5.16,21,1,189,0,7
2025-07-08 22:03:09.822246,489.21,34.0,53.14,0.0,16.71,22,1,189,0,7
2025-07-08 23:03:09.822246,539.73,36.84,67.39,0.0,7.39,23,1,189,0,7
2025-07-09 00:03:09.822246,516.9,30.04,70.67,0.0,11.41,0,2,190,0,7
2025-07-09 01:03:09.822246,533.54,30.17,63.76,0.0,14.64,1,2,190,0,7
2025-07-09 02:03:09.822246,532.5,36.18,43.22,0.0,15.91,2,2,190,0,7
2025-07-09 03:03:09.822246,394.72,38.39,69.17,0.0,15.43,3,2,190,0,7
2025-07-09 04:03:09.822246,525.52,25.62,63.81,0.0,26.91,4,2,190,0,7
2025-07-09 05:03:09.822246,523.63,37.61,55.4,0.0,23.79,5,2,190,0,7
2025-07-09 06:03:09.822246,460.16,32.28,36.32,0.0,22.3,6,2,190,0,7
2025-07-09 07:03:09.822246,578.83,34.03,66.11,0.0,21.4,7,2,190,0,7
2025-07-09 08:03:09.822246,498.38,28.3,50.65,0.0,24.29,8,2,190,0,7
2025-07-09 09:03:09.822246,611.39,30.74,60.04,0.0,18.85,9,2,190,0,7
2025-07-09 10:03:09.822246,641.56,39.83,57.26,0.0,19.66,10,2,190,0,7
2025-07-09 11:03:09.822246,659.21,35.16,71.96,0.0,19.98,11,2,190,0,7
2025-07-09 12:03:09.822246,574.66,33.08,55.32,0.0,16.72,12,2,190,0,7
2025-07-09 13:03:09.822246,672.9,34.41,56.42,0.0,19.6,13,2,190,0,7
2025-07-09 14:03:09.822246,628.59,37.44,72.36,0.0,14.89,14,2,190,0,7
2025-07-09 15:03:09.822246,535.95,37.2,49.99,0.0,9.58,15,2,190,0,7
2025-07-09 16:03:09.822246,569.38,34.62,64.72,0.0,8.25,16,2,190,0,7
2025-07-09 17:03:09.822246,491.23,40.46,54.59,0.0,15.14,17,2,190,0,7
2025-07-09 18:03:09.822246,527.12,39.85,46.55,0.0,1.01,18,2,190,0,7
2025-07-09 19:03:09.822246,477.59,37.06,56.59,0.0,7.83,19,2,190,0,7
2025-07-09 20:03:09.822246,448.91,35.27,63.49,0.0,2.03,20,2,190,0,7
2025-07-09 21:03:09.822246,415.64,38.28,70.11,0.0,12.1,21,2,190,0,7
2025-07-09 22:03:09.822246,587.33,36.57,71.32,0.0,13.19,22,2,190,0,7
2025-07-09 23:03:09.822246,502.06,40.3,53.63,0.0,11.18,23,2,190,0,7
2025-07-10 00:03:09.822246,617.08,39.5,47.04,0.0,21.49,0,3,191,0,7
2025-07-10 01:03:09.822246,469.5,29.91,53.73,0.0,17.89,1,3,191,0,7
2025-07-10 02:03:09.822246,387.7,29.57,45.1,0.0,21.68,2,3,191,0,7
2025-07-10 03:03:09.822246,448.9,31.49,54.74,0.0,13.99,3,3,191,0,7
2025-07-10 04:03:09.822246,591.41,39.88,53.5,16.19,34.92,4,3,191,0,7
2025-07-10 05:03:09.822246,470.95,27.12,64.19,0.0,19.5,5,3,191,0,7
2025-07-10 06:03:09.822246,484.87,36.97,34.85,0.0,18.78,6,3,191,0,7
2025-07-10 07:03:09.822246,579.92,36.81,49.58,0.0,27.77,7,3,191,0,7
2025-07-10 08:03:09.822246,633.32,40.81,49.66,0.0,24.52,8,3,191,0,7
2025-07-10 09:03:09.822246,639.61,35.9,68.79,0.0,14.41,9,3,191,0,7
2025-07-10 10:03:09.822246,654.9,28.28,45.78,0.0,15.71,10,3,191,0,7
2025-07-10 11:03:09.822246,561.66,30.2,59.18,7.15,15.57,11,3,191,0,7
2025-07-10 12:03:09.822246,523.88,29.09,55.63,0.0,11.28,12,3,191,0,7
2025-07-10 13:03:09.822246,560.89,32.31,67.34,0.0,13.39,13,3,191,0,7
2025-07-10 14:03:09.822246,629.7,34.09,62.87,0.0,14.65,14,3,191,0,7
2025-07-10 15:03:09.822246,506.34,29.17,58.13,0.0,18.92,15,3,191,0,7
2025-07-10 16:03:09.822246,540.79,42.35,51.37,0.0,0.0,16,3,191,0,7
2025-07-10 17:03:09.822246,529.9,28.37,38.39,0.0,5.01,17,3,191,0,7
2025-07-10 18:03:09.822246,511.78,41.73,59.38,0.0,5.42,18,3,191,0,7
2025-07-10 19:03:09.822246,526.45,40.93,62.22,0.0,5.7,19,3,191,0,7
2025-07-10 20:03:09.822246,494.02,39.49,41.17,0.0,7.34,20,3,191,0,7
2025-07-10 21:03:09.822246,489.03,31.53,44.58,0.0,8.34,21,3,191,0,7
2025-07-10 22:03:09.822246,480.05,36.71,59.44,0.0,15.81,22,3,191,0,7
2025-07-10 23:03:09.822246,517.12,28.61,60.31,0.0,14.35,23,3,191,0,7
2025-07-11 00:03:09.822246,601.5,39.55,47.35,0.0,7.44,0,4,192,0,7
2025-07-11 01:03:09.822246,396.48,34.63,51.51,0.0,11.0,1,4,192,0,7
2025-07-11 02:03:09.822246,453.19,32.95,38.89,0.0,24.54,2,4,192,0,7
2025-07-11 03:03:09.822246,431.11,28.88,71.03,0.0,24.54,3,4,192,0,7
2025-07-11 04:03:09.822246,432.35,22.61,44.26,0.0,22.28,4,4,192,0,7
2025-07-11 05:03:09.822246,510.61,29.81,62.68,0.0,27.02,5,4,192,0,7
2025-07-11 06:03:09.822246,515.66,40.56,56.9,0.0,28.06,6,4,192,0,7
2025-07-11 07:03:09.822246,472.73,32.98,70.15,0.0,29.71,7,4,192,0,7
2025-07-11 08:03:09.822246,517.65,34.15,49.33,0.0,22.5,8,4,192,0,7
2025-07-11 09:03:09.822246,596.5,38.28,57.87,0.0,26.06,9,4,192,0,7
2025-07-11 10:03:09.822246,628.5,44.03,40.27,0.0,19.36,10,4,192,0,7
2025-07-11 11:03:09.822246,617.53,41.62,37.87,0.0,10.22,11,4,192,0,7
2025-07-11 12:03:09.822246,600.38,30.14,63.22,0.0,16.94,12,4,192,0,7
2025-07-11 13:03:09.822246,527.96,25.29,39.4,0.0,18.74,13,4,192,0,7
2025-07-11 14:03:09.822246,658.75,46.8,54.97,2.69,13.9,14,4,192,0,7
2025-07-11 15:03:09.822246,719.12,46.34,67.37,0.0,13.93,15,4,192,0,7
2025-07-11 16:03:09.822246,606.9,35.94,64.72,5.04,7.22,16,4,192,0,7
2025-07-11 17:03:09.822246,457.96,28.65,50.61,0.0,1.12,17,4,192,0,7
2025-07-11 18:03:09.822246,567.12,39.81,41.37,0.0,5.97,18,4,192,0,7
2025-07-11 19:03:09.822246,568.15,34.46,62.35,0.0,3.47,19,4,192,0,7
2025-07-11 20:03:09.822246,462.24,34.43,70.68,0.0,7.98,20,4,192,0,7
2025-07-11 21:03:09.822246,526.01,39.47,50.63,0.0,8.22,21,4,192,0,7
2025-07-11 22:03:09.822246,594.64,36.67,49.22,0.0,15.15,22,4,192,0,7
2025-07-11 23:03:09.822246,410.61,29.07,52.01,0.0,5.5,23,4,192,0,7
2025-07-12 00:03:09.822246,399.71,33.37,63.31,0.0,3.31,0,5,193,1,7
2025-07-12 01:03:09.822246,491.19,38.3,69.88,0.0,17.98,1,5,193,1,7
2025-07-12 02:03:09.822246,478.47,37.54,45.2,0.0,18.22,2,5,193,1,7
2025-07-12 03:03:09.822246,470.57,36.3,42.61,0.0,19.48,3,5,193,1,7
2025-07-12 04:03:09.822246,463.99,39.66,81.0,0.0,20.13,4,5,193,1,7
2025-07-12 05:03:09.822246,455.66,33.18,55.82,0.0,24.48,5,5,193,1,7
2025-07-12 06:03:09.822246,390.97,35.89,60.12,0.0,27.06,6,5,193,1,7
2025-07-12 07:03:09.822246,424.21,18.12,50.68,0.0,27.41,7,5,193,1,7
2025-07-12 08:03:09.822246,501.78,32.74,62.5,0.0,9.42,8,5,193,1,7
2025-07-12 09:03:09.822246,511.92,38.81,67.2,0.0,21.55,9,5,193,1,7
2025-07-12 10:03:09.822246,501.74,33.04,60.59,0.0,11.09,10,5,193,1,7
2025-07-12 11:03:09.822246,453.15,32.66,75.0,0.0,22.04,11,5,193,1,7
2025-07-12 12:03:09.822246,550.65,29.79,54.33,0.0,18.11,12,5,193,1,7
2025-07-12 13:03:09.822246,552.18,40.01,54.97,1.39,7.08,13,5,193,1,7
2025-07-12 14:03:09.822246,524.85,37.74,59.91,0.0,10.44,14,5,193,1,7
2025-07-12 15:03:09.822246,551.53,39.12,62.25,0.0,0.0,15,5,193,1,7
2025-07-12 16:03:09.822246,398.13,26.36,59.88,0.0,8.52,16,5,193,1,7
2025-07-12 17:03:09.822246,451.64,34.19,44.75,0.0,7.6,17,5,193,1,7
2025-07-12 18:03:09.822246,369.54,33.59,60.72,0.0,8.79,18,5,193,1,7
2025-07-12 19:03:09.822246,395.32,33.59,53.85,0.0,8.45,19,5,193,1,7
2025-07-12 20:03:09.822246,397.7,31.91,51.79,0.0,3.65,20,5,193,1,7
2025-07-12 21:03:09.822246,420.41,33.26,57.92,0.0,2.78,21,5,193,1,7
2025-07-12 22:03:09.822246,431.05,39.24,47.98,0.0,6.52,22,5,193,1,7
2025-07-12 23:03:09.822246,380.72,25.43,46.24,0.0,11.78,23,5,193,1,7
2025-07-13 00:03:09.822246,519.18,43.87,31.78,0.0,8.68,0,6,194,1,7
2025-07-13 01:03:09.822246,400.76,37.4,75.41,0.0,15.86,1,6,194,1,7
2025-07-13 02:03:09.822246,352.86,34.77,63.5,0.0,18.27,2,6,194,1,7
2025-07-13 03:03:09.822246,536.68,39.52,56.77,0.0,27.66,3,6,194,1,7
2025-07-13 04:03:09.822246,476.97,27.72,51.27,0.0,26.01,4,6,194,1,7
2025-07-13 05:03:09.822246,340.45,31.66,29.18,0.0,21.06,5,6,194,1,7
2025-07-13 06:03:09.822246,478.12,34.38,50.65,0.0,26.46,6,6,194,1,7
2025-07-13 07:03:09.822246,450.36,41.81,65.1,0.0,26.76,7,6,194,1,7
2025-07-13 08:03:09.822246,478.46,34.75,67.36,0.0,14.98,8,6,194,1,7
2025-07-13 09:03:09.822246,529.51,37.23,64.36,0.0,32.45,9,6,194,1,7
2025-07-13 10:03:09.822246,460.68,32.04,59.52,0.0,19.09,10,6,194,1,7
2025-07-13 11:03:09.822246,486.98,37.42,70.98,0.0,13.08,11,6,194,1,7
2025-07-13 12:03:09.822246,565.34,43.37,54.65,0.0,15.1,12,6,194,1,7
2025-07-13 13:03:09.822246,524.02,39.96,68.79,0.0,7.82,13,6,194,1,7
2025-07-13 14:03:09.822246,470.29,34.58,54.09,12.12,1.2,14,6,194,1,7
2025-07-13 15:03:09.822246,566.28,38.36,49.13,1.42,10.75,15,6,194,1,7
2025-07-13 16:03:09.822246,460.33,37.87,47.88,0.0,6.55,16,6,194,1,7
2025-07-13 17:03:09.822246,510.72,37.52,47.29,9.15,6.65,17,6,194,1,7
2025-07-13 18:03:09.822246,566.15,40.54,64.53,0.0,0.0,18,6,194,1,7
2025-07-13 19:03:09.822246,440.13,40.51,50.51,0.0,7.62,19,6,194,1,7
2025-07-13 20:03:09.822246,437.52,34.35,47.61,0.0,5.2,20,6,194,1,7
2025-07-13 21:03:09.822246,489.96,38.19,65.08,0.0,1.66,21,6,194,1,7
2025-07-13 22:03:09.822246,461.25,33.07,61.22,0.0,5.45,22,6,194,1,7
2025-07-13 23:03:09.822246,401.18,30.37,67.56,0.0,20.27,23,6,194,1,7
2025-07-14 00:03:09.822246,540.99,33.62,63.41,0.0,12.81,0,0,195,0,7
2025-07-14 01:03:09.822246,539.88,34.59,50.75,0.0,25.22,1,0,195,0,7
2025-07-14 02:03:09.822246,414.39,26.66,59.04,0.0,15.21,2,0,195,0,7
2025-07-14 03:03:09.822246,562.6,39.27,59.53,0.0,19.2,3,0,195,0,7
2025-07-14 04:03:09.822246,496.03,21.13,49.09,0.0,21.58,4,0,195,0,7
2025-07-14 05:03:09.822246,537.35,48.54,47.23,0.0,28.53,5,0,195,0,7
2025-07-14 06:03:09.822246,563.82,42.48,51.47,0.0,26.24,6,0,195,0,7
2025-07-14 07:03:09.822246,586.16,33.66,78.65,0.0,25.5,7,0,195,0,7
2025-07-14 08:03:09.822246,538.34,35.02,54.15,0.0,28.85,8,0,195,0,7
2025-07-14 09:03:09.822246,639.5,36.48,70.61,0.0,25.1,9,0,195,0,7
2025-07-14 10:03:09.822246,708.69,32.02,53.59,0.0,13.2,10,0,195,0,7
2025-07-14 11:03:09.822246,591.65,35.93,67.17,0.0,22.36,11,0,195,0,7
2025-07-14 12:03:09.822246,530.82,34.25,67.31,0.0,9.65,12,0,195,0,7
2025-07-14 13:03:09.822246,625.02,34.5,67.81,0.0,17.34,13,0,195,0,7
2025-07-14 14:03:09.822246,674.39,35.88,62.16,0.0,12.2,14,0,195,0,7
2025-07-14 15:03:09.822246,557.68,28.4,72.05,0.0,10.77,15,0,195,0,7
2025-07-14 16:03:09.822246,633.6,35.17,62.06,0.0,4.14,16,0,195,0,7
2025-07-14 17:03:09.822246,515.3,35.79,75.42,14.63,0.0,17,0,195,0,7
2025-07-14 18:03:09.822246,562.16,35.61,42.08,0.0,4.24,18,0,195,0,7
2025-07-14 19:03:09.822246,514.07,33.89,61.76,0.0,6.81,19,0,195,0,7
2025-07-14 20:03:09.822246,651.76,40.66,61.11,0.0,9.21,20,0,195,0,7
2025-07-14 21:03:09.822246,662.83,33.2,48.92,0.0,5.35,21,0,195,0,7
2025-07-14 22:03:09.822246,511.78,36.11,64.08,0.0,6.63,22,0,195,0,7
2025-07-14 23:03:09.822246,510.81,41.46,43.38,0.0,10.82,23,0,195,0,7
2025-07-15 00:03:09.822246,571.91,34.55,52.08,0.0,18.99,0,1,196,0,7
2025-07-15 01:03:09.822246,482.79,36.02,38.63,0.0,8.57,1,1,196,0,7
2025-07-15 02:03:09.822246,528.46,34.47,74.21,0.0,18.6,2,1,196,0,7
2025-07-15 03:03:09.822246,581.03,41.14,56.31,0.0,18.6,3,1,196,0,7
2025-07-15 04:03:09.822246,395.73,33.66,80.29,0.0,26.15,4,1,196,0,7
2025-07-15 05:03:09.822246,560.96,41.37,66.65,0.0,30.02,5,1,196,0,7
2025-07-15 06:03:09.822246,490.54,34.43,63.1,0.0,16.85,6,1,196,0,7
2025-07-15 07:03:09.822246,507.96,30.65,52.76,0.0,26.25,7,1,196,0,7
2025-07-15 08:03:09.822246,630.29,38.35,48.16,0.0,28.08,8,1,196,0,7
2025-07-15 09:03:09.822246,505.6,33.43,63.85,0.0,17.16,9,1,196,0,7
2025-07-15 10:03:09.822246,664.0,38.05,57.91,0.0,24.84,10,1,196,0,7
2025-07-15 11:03:09.822246,521.88,21.3,45.23,1.04,12.62,11,1,196,0,7
2025-07-15 12:03:09.822246,581.66,34.98,43.46,0.0,17.96,12,1,196,0,7
2025-07-15 13:03:09.822246,658.68,32.65,49.04,0.0,18.27,13,1,196,0,7
2025-07-15 14:03:09.822246,578.92,29.63,76.83,0.0,6.21,14,1,196,0,7
2025-07-15 15:03:09.822246,599.54,32.18,80.76,0.0,6.61,15,1,196,0,7
2025-07-15 16:03:09.822246,643.62,32.08,60.67,0.0,11.91,16,1,196,0,7
2025-07-15 17:03:09.822246,543.49,34.71,60.11,0.0,0.0,17,1,196,0,7
2025-07-15 18:03:09.822246,450.89,28.11,55.26,0.0,7.43,18,1,196,0,7
2025-07-15 19:03:09.822246,476.44,36.53,49.28,0.0,14.33,19,1,196,0,7
2025-07-15 20:03:09.822246,513.43,41.78,72.38,0.0,0.0,20,1,196,0,7
2025-07-15 21:03:09.822246,640.15,36.35,77.36,0.0,13.32,21,1,196,0,7
2025-07-15 22:03:09.822246,604.03,38.99,49.69,0.0,14.12,22,1,196,0,7
2025-07-15 23:03:09.822246,497.46,40.42,57.8,0.0,12.14,23,1,196,0,7
2025-07-16 00:03:09.822246,477.85,41.11,54.47,0.0,17.05,0,2,197,0,7
2025-07-16 01:03:09.822246,600.45,44.28,54.77,0.0,18.82,1,2,197,0,7
2025-07-16 02:03:09.822246,540.02,32.43,70.83,0.0,17.28,2,2,197,0,7
2025-07-16 03:03:09.822246,537.19,31.33,45.85,0.0,28.26,3,2,197,0,7
2025-07-16 04:03:09.822246,500.4,38.84,63.63,0.0,23.63,4,2,197,0,7
2025-07-16 05:03:09.822246,534.2,38.47,66.25,0.0,26.63,5,2,197,0,7
2025-07-16 06:03:09.822246,584.84,38.8,57.55,0.0,20.2,6,2,197,0,7
2025-07-16 07:03:09.822246,591.56,44.37,67.9,0.0,12.98,7,2,197,0,7
2025-07-16 08:03:09.822246,448.75,34.98,60.44,0.0,17.77,8,2,197,0,7
2025-07-16 09:03:09.822246,601.03,37.06,71.14,0.0,31.22,9,2,197,0,7
2025-07-16 10:03:09.822246,552.75,30.02,43.75,0.0,23.22,10,2,197,0,7
2025-07-16 11:03:09.822246,697.76,45.6,55.48,6.54,15.43,11,2,197,0,7
2025-07-16 12:03:09.822246,753.19,33.24,58.25,1.41,17.86,12,2,197,0,7
2025-07-16 13:03:09.822246,632.62,33.39,32.25,0.0,14.53,13,2,197,0,7
2025-07-16 14:03:09.822246,615.69,33.19,48.11,0.0,1.0,14,2,197,0,7
2025-07-16 15:03:09.822246,599.14,31.7,50.83,0.0,12.18,15,2,197,0,7
2025-07-16 16:03:09.822246,542.85,31.28,68.45,0.0,0.0,16,2,197,0,7
2025-07-16 17:03:09.822246,564.19,32.31,51.9,0.0,2.2,17,2,197,0,7
2025-07-16 18:03:09.822246,519.43,28.1,50.79,0.0,0.1,18,2,197,0,7
2025-07-16 19:03:09.822246,589.59,31.0,67.14,0.0,6.35,19,2,197,0,7
2025-07-16 20:03:09.822246,493.91,44.67,42.79,0.0,7.39,20,2,197,0,7
2025-07-16 21:03:09.822246,555.18,38.6,38.26,0.0,0.0,21,2,197,0,7
2025-07-16 22:03:09.822246,511.73,39.56,55.35,0.0,16.15,22,2,197,0,7
2025-07-16 23:03:09.822246,590.81,40.81,44.49,0.0,12.72,23,2,197,0,7
2025-07-17 00:03:09.822246,518.91,44.07,45.21,0.0,19.81,0,3,198,0,7
2025-07-17 01:03:09.822246,439.83,26.04,65.05,0.0,17.75,1,3,198,0,7
2025-07-17 02:03:09.822246,418.78,28.75,68.07,0.0,20.88,2,3,198,0,7
2025-07-17 03:03:09.822246,552.21,30.88,67.2,0.0,14.9,3,3,198,0,7
2025-07-17 04:03:09.822246,562.08,32.55,70.4,0.0,19.77,4,3,198,0,7
2025-07-17 05:03:09.822246,441.83,33.4,71.72,0.0,23.58,5,3,198,0,7
2025-07-17 06:03:09.822246,552.72,32.66,38.03,0.0,28.48,6,3,198,0,7
2025-07-17 07:03:09.822246,495.59,36.0,63.82,0.0,22.41,7,3,198,0,7
2025-07-17 08:03:09.822246,532.03,35.08,54.02,0.0,20.06,8,3,198,0,7
2025-07-17 09:03:09.822246,571.54,31.28,51.84,0.0,17.55,9,3,198,0,7
2025-07-17 10:03:09.822246,527.63,24.02,64.92,0.0,21.79,10,3,198,0,7
2025-07-17 11:03:09.822246,675.59,29.93,42.01,0.0,17.13,11,3,198,0,7
2025-07-17 12:03:09.822246,650.25,32.15,41.8,0.0,10.59,12,3,198,0,7
2025-07-17 13:03:09.822246,537.15,33.66,65.65,0.0,11.44,13,3,198,0,7
2025-07-17 14:03:09.822246,580.7,29.25,64.19,0.0,6.24,14,3,198,0,7
2025-07-17 15:03:09.822246,625.36,32.44,60.68,0.0,3.04,15,3,198,0,7
2025-07-17 16:03:09.822246,669.69,29.24,50.51,0.0,0.0,16,3,198,0,7
2025-07-17 17:03:09.822246,429.39,34.27,66.75,0.0,0.0,17,3,198,0,7
2025-07-17 18:03:09.822246,366.78,29.53,66.11,0.0,4.74,18,3,198,0,7
2025-07-17 19:03:09.822246,578.77,30.65,60.16,0.0,0.0,19,3,198,0,7
2025-07-17 20:03:09.822246,457.91,28.36,47.54,0.0,2.13,20,3,198,0,7
2025-07-17 21:03:09.822246,473.55,34.13,55.06,0.0,11.16,21,3,198,0,7
2025-07-17 22:03:09.822246,504.36,30.57,67.69,0.0,14.91,22,3,198,0,7
2025-07-17 23:03:09.822246,420.4,39.43,72.58,3.89,14.26,23,3,198,0,7
2025-07-18 00:03:09.822246,485.95,36.9,56.39,0.0,19.08,0,4,199,0,7
2025-07-18 01:03:09.822246,552.04,34.52,57.16,0.0,17.69,1,4,199,0,7
2025-07-18 02:03:09.822246,542.34,30.88,58.04,0.0,14.74,2,4,199,0,7
2025-07-18 03:03:09.822246,491.35,36.77,62.4,0.0,25.5,3,4,199,0,7
2025-07-18 04:03:09.822246,532.46,38.32,53.85,0.0,26.09,4,4,199,0,7
2025-07-18 05:03:09.822246,438.32,35.58,30.71,0.0,21.96,5,4,199,0,7
2025-07-18 06:03:09.822246,593.64,42.89,71.58,0.0,21.89,6,4,199,0,7
2025-07-18 07:03:09.822246,521.94,37.16,77.6,0.0,24.43,7,4,199,0,7
2025-07-18 08:03:09.822246,585.99,39.43,53.53,0.0,29.33,8,4,199,0,7
2025-07-18 09:03:09.822246,541.12,35.53,48.99,0.0,20.19,9,4,199,0,7
2025-07-18 10:03:09.822246,687.16,38.25,58.28,0.0,4.8,10,4,199,0,7
2025-07-18 11:03:09.822246,684.36,30.88,57.78,1.51,19.76,11,4,199,0,7
2025-07-18 12:03:09.822246,618.69,32.57,69.61,0.0,9.45,12,4,199,0,7
2025-07-18 13:03:09.822246,593.3,36.61,60.2,0.0,14.64,13,4,199,0,7
2025-07-18 14:03:09.822246,542.15,36.58,51.73,0.0,12.03,14,4,199,0,7
2025-07-18 15:03:09.822246,569.4,37.4,46.47,0.0,15.62,15,4,199,0,7
2025-07-18 16:03:09.822246,562.37,40.37,68.31,0.0,5.84,16,4,199,0,7
2025-07-18 17:03:09.822246,633.21,27.74,65.65,0.0,7.82,17,4,199,0,7
2025-07-18 18:03:09.822246,457.44,29.99,70.26,0.0,5.67,18,4,199,0,7
2025-07-18 19:03:09.822246,584.65,36.01,49.97,0.0,9.73,19,4,199,0,7
2025-07-18 20:03:09.822246,534.54,31.24,78.04,0.0,0.0,20,4,199,0,7
2025-07-18 21:03:09.822246,606.74,51.76,42.22,0.0,4.54,21,4,199,0,7
2025-07-18 22:03:09.822246,656.93,37.45,66.75,0.0,8.77,22,4,199,0,7
2025-07-18 23:03:09.822246,541.53,34.48,40.56,0.0,12.65,23,4,199,0,7
2025-07-19 00:03:09.822246,426.63,32.25,52.1,0.0,8.93,0,5,200,1,7
2025-07-19 01:03:09.822246,454.53,32.43,75.61,0.0,19.07,1,5,200,1,7
2025-07-19 02:03:09.822246,498.79,34.98,68.31,0.0,24.41,2,5,200,1,7
2025-07-19 03:03:09.822246,475.06,35.39,54.54,0.0,18.61,3,5,200,1,7
2025-07-19 04:03:09.822246,381.74,32.55,54.81,0.0,18.8,4,5,200,1,7
2025-07-19 05:03:09.822246,345.07,33.46,61.01,0.0,26.64,5,5,200,1,7
2025-07-19 06:03:09.822246,455.07,41.55,65.14,0.0,25.8,6,5,200,1,7
2025-07-19 07:03:09.822246,453.44,41.75,72.52,0.0,25.83,7,5,200,1,7
2025-07-19 08:03:09.822246,491.32,36.09,55.44,0.0,16.4,8,5,200,1,7
2025-07-19 09:03:09.822246,522.6,28.12,43.88,0.0,35.75,9,5,200,1,7
2025-07-19 10:03:09.822246,523.76,37.52,61.57,0.0,7.66,10,5,200,1,7
2025-07-19 11:03:09.822246,599.61,42.6,55.43,1.52,21.92,11,5,200,1,7
2025-07-19 12:03:09.822246,559.63,41.68,46.99,0.0,11.41,12,5,200,1,7
2025-07-19 13:03:09.822246,617.51,38.5,62.98,0.0,27.52,13,5,200,1,7
2025-07-19 14:03:09.822246,448.11,41.94,57.87,0.0,12.2,14,5,200,1,7
2025-07-19 15:03:09.822246,472.89,35.1,63.07,0.0,13.26,15,5,200,1,7
2025-07-19 16:03:09.822246,525.31,37.97,51.06,0.0,8.83,16,5,200,1,7
2025-07-19 17:03:09.822246,513.1,31.43,64.87,0.0,0.0,17,5,200,1,7
2025-07-19 18:03:09.822246,429.86,36.29,46.83,0.0,5.56,18,5,200,1,7
2025-07-19 19:03:09.822246,359.84,41.48,51.72,0.0,7.14,19,5,200,1,7
2025-07-19 20:03:09.822246,430.48,31.88,57.57,0.0,8.71,20,5,200,1,7
2025-07-19 21:03:09.822246,338.74,30.52,77.42,0.0,13.84,21,5,200,1,7
2025-07-19 22:03:09.822246,385.38,35.32,67.85,0.0,11.14,22,5,200,1,7
2025-07-19 23:03:09.822246,379.2,33.7,70.77,0.0,16.44,23,5,200,1,7
2025-07-20 00:03:09.822246,429.62,38.03,74.52,0.0,11.2,0,6,201,1,7
2025-07-20 01:03:09.822246,390.53,32.52,96.37,0.0,8.76,1,6,201,1,7
2025-07-20 02:03:09.822246,342.15,43.38,60.76,2.63,15.38,2,6,201,1,7
2025-07-20 03:03:09.822246,475.65,28.34,74.55,0.0,18.36,3,6,201,1,7
2025-07-20 04:03:09.822246,523.64,41.06,70.47,0.0,19.05,4,6,201,1,7
2025-07-20 05:03:09.822246,458.5,30.96,70.3,0.0,18.54,5,6,201,1,7
2025-07-20 06:03:09.822246,350.0,25.81,78.09,0.0,20.21,6,6,201,1,7
2025-07-20 07:03:09.822246,420.03,35.98,56.15,0.0,22.46,7,6,201,1,7
2025-07-20 08:03:09.822246,470.29,33.52,55.36,0.0,18.56,8,6,201,1,7
2025-07-20 09:03:09.822246,523.93,29.24,63.54,0.0,34.91,9,6,201,1,7
2025-07-20 10:03:09.822246,492.24,26.38,58.52,0.0,13.0,10,6,201,1,7
2025-07-20 11:03:09.822246,500.27,34.75,63.53,0.0,19.79,11,6,201,1,7
2025-07-20 12:03:09.822246,544.93,39.67,75.97,0.0,12.3,12,6,201,1,7
2025-07-20 13:03:09.822246,576.31,37.71,55.56,0.0,15.1,13,6,201,1,7
2025-07-20 14:03:09.822246,584.03,35.07,57.3,0.0,8.79,14,6,201,1,7
2025-07-20 15:03:09.822246,553.75,37.18,62.09,0.0,12.18,15,6,201,1,7
2025-07-20 16:03:09.822246,548.6,34.65,58.06,0.0,4.34,16,6,201,1,7
2025-07-20 17:03:09.822246,442.72,27.64,41.2,0.0,5.78,17,6,201,1,7
2025-07-20 18:03:09.822246,454.68,27.68,54.54,0.0,0.0,18,6,201,1,7
2025-07-20 19:03:09.822246,460.18,33.77,67.22,0.0,0.0,19,6,201,1,7
2025-07-20 20:03:09.822246,395.02,33.99,74.72,0.0,0.0,20,6,201,1,7
2025-07-20 21:03:09.822246,549.17,39.04,48.8,0.0,15.51,21,6,201,1,7
2025-07-20 22:03:09.822246,489.87,38.58,48.75,0.0,14.66,22,6,201,1,7
2025-07-20 23:03:09.822246,428.29,37.81,60.65,0.0,13.39,23,6,201,1,7
2025-07-21 00:03:09.822246,498.98,33.34,39.93,0.0,20.23,0,0,202,0,7
2025-07-21 01:03:09.822246,510.57,27.84,56.24,0.0,12.52,1,0,202,0,7
2025-07-21 02:03:09.822246,614.72,36.8,43.33,0.0,27.44,2,0,202,0,7
2025-07-21 03:03:09.822246,567.86,37.37,74.38,0.0,22.56,3,0,202,0,7
2025-07-21 04:03:09.822246,470.27,22.8,53.0,0.0,22.47,4,0,202,0,7
2025-07-21 05:03:09.822246,576.41,30.57,77.22,2.8,29.73,5,0,202,0,7
2025-07-21 06:03:09.822246,535.4,31.29,71.82,0.0,29.78,6,0,202,0,7
2025-07-21 07:03:09.822246,522.53,35.34,54.23,0.0,17.56,7,0,202,0,7
2025-07-21 08:03:09.822246,593.38,30.73,49.97,0.0,27.97,8,0,202,0,7
2025-07-21 09:03:09.822246,489.5,34.55,58.75,0.0,21.21,9,0,202,0,7
2025-07-21 10:03:09.822246,654.73,33.69,59.64,0.0,21.39,10,0,202,0,7
2025-07-21 11:03:09.822246,680.94,33.95,64.15,0.0,15.53,11,0,202,0,7
2025-07-21 12:03:09.822246,611.06,31.16,52.92,0.0,9.51,12,0,202,0,7
2025-07-21 13:03:09.822246,549.9,31.55,68.15,0.0,5.65,13,0,202,0,7
2025-07-21 14:03:09.822246,552.53,29.34,63.34,0.0,6.9,14,0,202,0,7
2025-07-21 15:03:09.822246,514.4,36.64,57.28,0.0,10.11,15,0,202,0,7
2025-07-21 16:03:09.822246,550.81,37.6,53.57,0.0,7.61,16,0,202,0,7
2025-07-21 17:03:09.822246,504.88,30.89,58.84,0.0,6.36,17,0,202,0,7
2025-07-21 18:03:09.822246,520.97,42.35,52.52,0.0,8.98,18,0,202,0,7
2025-07-21 19:03:09.822246,481.6,33.17,61.27,0.0,5.06,19,0,202,0,7
2025-07-21 20:03:09.822246,571.11,42.39,61.54,0.0,15.81,20,0,202,0,7
2025-07-21 21:03:09.822246,432.17,31.53,63.31,0.0,9.81,21,0,202,0,7
2025-07-21 22:03:09.822246,498.8,24.61,78.35,0.0,5.07,22,0,202,0,7
2025-07-21 23:03:09.822246,532.84,36.75,59.36,0.0,5.72,23,0,202,0,7
2025-07-22 00:03:09.822246,552.61,35.94,71.08,0.0,16.66,0,1,203,0,7
2025-07-22 01:03:09.822246,481.25,34.87,63.33,0.0,16.51,1,1,203,0,7
2025-07-22 02:03:09.822246,541.46,31.48,58.65,0.0,14.22,2,1,203,0,7
2025-07-22 03:03:09.822246,428.68,34.52,59.84,0.0,21.28,3,1,203,0,7
2025-07-22 04:03:09.822246,569.75,32.14,60.44,0.0,20.91,4,1,203,0,7
2025-07-22 05:03:09.822246,526.61,33.18,63.83,0.0,22.44,5,1,203,0,7
2025-07-22 06:03:09.822246,581.22,38.9,51.44,0.0,31.79,6,1,203,0,7
2025-07-22 07:03:09.822246,509.57,35.62,46.38,0.0,28.25,7,1,203,0,7
2025-07-22 08:03:09.822246,515.1,37.74,67.58,0.0,28.9,8,1,203,0,7
2025-07-22 09:03:09.822246,597.23,33.53,70.01,7.92,30.66,9,1,203,0,7
2025-07-22 10:03:09.822246,552.39,32.98,68.49,0.0,20.63,10,1,203,0,7
2025-07-22 11:03:09.822246,630.78,28.93,62.58,0.0,18.85,11,1,203,0,7
2025-07-22 12:03:09.822246,542.77,32.84,68.7,0.0,16.63,12,1,203,0,7
2025-07-22 13:03:09.822246,589.05,18.09,68.17,1.44,17.96,13,1,203,0,7
2025-07-22 14:03:09.822246,510.94,31.74,68.91,0.0,15.27,14,1,203,0,7
2025-07-22 15:03:09.822246,584.07,34.28,52.44,6.0,4.99,15,1,203,0,7
2025-07-22 16:03:09.822246,632.62,37.51,50.06,0.29,0.62,16,1,203,0,7
2025-07-22 17:03:09.822246,491.05,33.35,57.15,0.0,0.0,17,1,203,0,7
2025-07-22 18:03:09.822246,553.09,36.43,60.86,0.0,5.26,18,1,203,0,7
2025-07-22 19:03:09.822246,506.72,23.8,58.61,0.0,0.0,19,1,203,0,7
2025-07-22 20:03:09.822246,478.69,34.41,42.27,0.0,8.16,20,1,203,0,7
2025-07-22 21:03:09.822246,423.29,26.3,78.25,0.0,0.0,21,1,203,0,7
2025-07-22 22:03:09.822246,376.58,28.65,58.29,0.0,19.35,22,1,203,0,7
2025-07-22 23:03:09.822246,501.08,33.76,62.76,0.0,5.55,23,1,203,0,7
2025-07-23 00:03:09.822246,474.49,41.02,73.82,0.0,11.74,0,2,204,0,7
2025-07-23 01:03:09.822246,488.98,36.5,37.93,0.0,14.7,1,2,204,0,7
2025-07-23 02:03:09.822246,530.4,34.73,56.26,0.0,27.32,2,2,204,0,7
2025-07-23 03:03:09.822246,506.46,34.54,57.5,0.0,22.03,3,2,204,0,7
2025-07-23 04:03:09.822246,475.71,31.07,58.01,0.0,18.33,4,2,204,0,7
2025-07-23 05:03:09.822246,473.57,31.92,59.64,0.0,24.3,5,2,204,0,7
2025-07-23 06:03:09.822246,583.81,36.78,75.85,0.0,25.22,6,2,204,0,7
2025-07-23 07:03:09.822246,507.86,27.71,68.11,0.0,26.59,7,2,204,0,7
2025-07-23 08:03:09.822246,563.0,37.61,70.96,0.0,18.19,8,2,204,0,7
2025-07-23 09:03:09.822246,572.4,32.7,61.85,0.0,26.49,9,2,204,0,7
2025-07-23 10:03:09.822246,502.37,38.77,47.38,0.0,20.65,10,2,204,0,7
2025-07-23 11:03:09.822246,690.22,39.45,40.58,0.0,24.92,11,2,204,0,7
2025-07-23 12:03:09.822246,639.8,26.27,46.08,0.0,14.13,12,2,204,0,7
2025-07-23 13:03:09.822246,569.75,31.73,64.97,0.0,12.03,13,2,204,0,7
2025-07-23 14:03:09.822246,568.14,30.36,61.69,0.0,9.17,14,2,204,0,7
2025-07-23 15:03:09.822246,544.44,25.58,59.27,0.0,14.19,15,2,204,0,7
2025-07-23 16:03:09.822246,524.76,29.48,57.69,0.0,9.76,16,2,204,0,7
2025-07-23 17:03:09.822246,606.79,46.85,81.49,0.0,1.69,17,2,204,0,7
2025-07-23 18:03:09.822246,611.02,37.69,53.15,1.52,18.38,18,2,204,0,7
2025-07-23 19:03:09.822246,589.79,44.23,70.65,0.0,2.13,19,2,204,0,7
2025-07-23 20:03:09.822246,480.26,38.79,61.4,0.61,3.71,20,2,204,0,7
2025-07-23 21:03:09.822246,525.91,30.93,60.77,0.0,12.75,21,2,204,0,7
2025-07-23 22:03:09.822246,584.41,32.73,73.14,0.0,9.2,22,2,204,0,7
2025-07-23 23:03:09.822246,558.55,37.58,76.0,0.0,7.02,23,2,204,0,7
2025-07-24 00:03:09.822246,555.13,36.77,59.32,0.0,21.16,0,3,205,0,7
2025-07-24 01:03:09.822246,615.42,31.7,69.71,0.0,27.6,1,3,205,0,7
2025-07-24 02:03:09.822246,558.09,27.03,65.36,0.0,14.87,2,3,205,0,7
2025-07-24 03:03:09.822246,624.19,51.02,61.79,0.0,28.19,3,3,205,0,7
2025-07-24 04:03:09.822246,544.43,33.88,63.76,0.0,21.19,4,3,205,0,7
2025-07-24 05:03:09.822246,530.63,32.95,54.84,0.0,14.25,5,3,205,0,7
2025-07-24 06:03:09.822246,526.99,35.15,58.66,0.0,28.26,6,3,205,0,7
2025-07-24 07:03:09.822246,478.61,33.37,55.91,0.0,15.3,7,3,205,0,7
2025-07-24 08:03:09.822246,640.56,35.2,70.73,0.0,20.01,8,3,205,0,7
2025-07-24 09:03:09.822246,592.31,41.02,60.77,0.0,20.7,9,3,205,0,7
2025-07-24 10:03:09.822246,672.49,33.96,48.74,0.0,19.84,10,3,205,0,7
2025-07-24 11:03:09.822246,617.05,28.77,54.48,0.0,23.05,11,3,205,0,7
2025-07-24 12:03:09.822246,528.28,33.77,29.73,0.0,11.93,12,3,205,0,7
2025-07-24 13:03:09.822246,623.08,32.26,56.77,9.11,19.39,13,3,205,0,7
2025-07-24 14:03:09.822246,555.86,41.7,62.1,0.0,9.54,14,3,205,0,7
2025-07-24 15:03:09.822246,655.04,40.44,60.36,0.0,2.5,15,3,205,0,7
2025-07-24 16:03:09.822246,615.85,35.12,81.52,0.0,9.31,16,3,205,0,7
2025-07-24 17:03:09.822246,480.01,28.19,67.47,0.0,14.34,17,3,205,0,7
2025-07-24 18:03:09.822246,487.65,28.45,67.02,0.0,2.7,18,3,205,0,7
2025-07-24 19:03:09.822246,597.14,34.66,45.29,0.0,0.12,19,3,205,0,7
2025-07-24 20:03:09.822246,490.29,36.26,58.07,0.0,3.46,20,3,205,0,7
2025-07-24 21:03:09.822246,455.0,32.71,56.85,0.0,0.0,21,3,205,0,7
2025-07-24 22:03:09.822246,536.08,32.18,53.86,0.0,11.53,22,3,205,0,7
2025-07-24 23:03:09.822246,622.44,31.62,53.72,0.0,4.65,23,3,205,0,7
2025-07-25 00:03:09.822246,502.67,34.4,43.98,0.0,18.21,0,4,206,0,7
2025-07-25 01:03:09.822246,480.67,22.61,49.3,0.0,16.26,1,4,206,0,7
2025-07-25 02:03:09.822246,592.98,29.01,70.8,0.0,23.47,2,4,206,0,7
2025-07-25 03:03:09.822246,464.47,31.38,60.63,0.0,20.76,3,4,206,0,7
2025-07-25 04:03:09.822246,540.89,40.56,57.0,0.0,26.09,4,4,206,0,7
2025-07-25 05:03:09.822246,541.13,30.45,62.01,0.0,19.72,5,4,206,0,7
2025-07-25 06:03:09.822246,624.69,35.42,73.74,0.0,26.39,6,4,206,0,7
2025-07-25 07:03:09.822246,587.46,35.65,62.1,0.0,21.38,7,4,206,0,7
2025-07-25 08:03:09.822246,545.39,41.01,67.47,0.0,26.71,8,4,206,0,7
2025-07-25 09:03:09.822246,680.86,40.83,53.6,0.0,21.35,9,4,206,0,7
2025-07-25 10:03:09.822246,592.91,34.23,55.88,0.0,25.51,10,4,206,0,7
2025-07-25 11:03:09.822246,577.27,32.14,65.6,0.0,16.33,11,4,206,0,7
2025-07-25 12:03:09.822246,637.32,31.2,80.99,0.0,11.26,12,4,206,0,7
2025-07-25 13:03:09.822246,674.51,33.31,76.36,0.0,13.09,13,4,206,0,7
2025-07-25 14:03:09.822246,630.21,32.35,67.89,0.0,21.72,14,4,206,0,7
2025-07-25 15:03:09.822246,625.75,37.29,63.58,0.0,13.32,15,4,206,0,7
2025-07-25 16:03:09.822246,636.47,36.62,76.07,0.0,2.33,16,4,206,0,7
2025-07-25 17:03:09.822246,539.98,37.48,70.01,0.0,5.32,17,4,206,0,7
2025-07-25 18:03:09.822246,564.22,40.82,39.13,0.0,1.67,18,4,206,0,7
2025-07-25 19:03:09.822246,422.41,43.83,51.52,0.0,0.99,19,4,206,0,7
2025-07-25 20:03:09.822246,488.92,35.14,65.44,0.0,6.41,20,4,206,0,7
2025-07-25 21:03:09.822246,551.6,40.02,44.19,0.0,6.64,21,4,206,0,7
2025-07-25 22:03:09.822246,469.23,32.76,53.09,0.0,4.79,22,4,206,0,7
2025-07-25 23:03:09.822246,554.73,40.44,55.06,0.0,9.12,23,4,206,0,7
2025-07-26 00:03:09.822246,487.01,39.76,59.84,0.0,15.27,0,5,207,1,7
2025-07-26 01:03:09.822246,572.38,39.49,59.53,0.0,14.7,1,5,207,1,7
2025-07-26 02:03:09.822246,511.92,34.92,59.51,0.0,19.92,2,5,207,1,7
2025-07-26 03:03:09.822246,378.42,31.11,70.66,0.0,18.58,3,5,207,1,7
2025-07-26 04:03:09.822246,405.48,27.48,59.75,9.57,26.0,4,5,207,1,7
2025-07-26 05:03:09.822246,458.11,34.25,58.56,0.0,21.22,5,5,207,1,7
2025-07-26 06:03:09.822246,469.56,42.12,48.91,0.0,28.17,6,5,207,1,7
2025-07-26 07:03:09.822246,447.24,32.9,72.65,0.37,23.2,7,5,207,1,7
2025-07-26 08:03:09.822246,461.75,38.38,55.69,0.0,12.93,8,5,207,1,7
2025-07-26 09:03:09.822246,439.31,38.67,51.53,0.0,20.75,9,5,207,1,7
2025-07-26 10:03:09.822246,517.36,33.03,64.54,0.0,22.53,10,5,207,1,7
2025-07-26 11:03:09.822246,613.27,41.03,54.73,0.0,14.82,11,5,207,1,7
2025-07-26 12:03:09.822246,432.88,19.91,57.14,0.0,14.02,12,5,207,1,7
2025-07-26 13:03:09.822246,576.85,28.34,64.99,0.0,15.53,13,5,207,1,7
2025-07-26 14:03:09.822246,441.65,29.87,59.14,0.0,17.6,14,5,207,1,7
2025-07-26 15:03:09.822246,523.07,30.35,85.52,0.0,13.7,15,5,207,1,7
2025-07-26 16:03:09.822246,558.64,36.13,61.66,0.0,6.88,16,5,207,1,7
2025-07-26 17:03:09.822246,506.1,35.9,68.58,0.0,8.14,17,5,207,1,7
2025-07-26 18:03:09.822246,483.13,36.42,42.99,0.0,5.45,18,5,207,1,7
2025-07-26 19:03:09.822246,370.82,37.43,53.8,0.0,0.0,19,5,207,1,7
2025-07-26 20:03:09.822246,410.62,29.7,51.54,0.0,12.67,20,5,207,1,7
2025-07-26 21:03:09.822246,355.19,28.36,52.86,0.0,14.51,21,5,207,1,7
2025-07-26 22:03:09.822246,361.95,36.43,66.56,0.0,1.62,22,5,207,1,7
2025-07-26 23:03:09.822246,413.99,31.3,72.76,0.0,10.5,23,5,207,1,7
2025-07-27 00:03:09.822246,332.17,26.53,66.19,0.0,22.67,0,6,208,1,7
2025-07-27 01:03:09.822246,398.4,39.24,60.48,0.0,18.68,1,6,208,1,7
2025-07-27 02:03:09.822246,409.9,41.36,56.44,0.0,15.0,2,6,208,1,7
2025-07-27 03:03:09.822246,450.4,42.17,73.88,0.0,28.16,3,6,208,1,7
2025-07-27 04:03:09.822246,435.95,35.32,83.46,0.0,24.24,4,6,208,1,7
2025-07-27 05:03:09.822246,445.14,37.51,64.1,1.47,31.14,5,6,208,1,7
2025-07-27 06:03:09.822246,484.3,41.23,72.14,0.0,25.43,6,6,208,1,7
2025-07-27 07:03:09.822246,462.32,31.17,66.18,0.0,13.89,7,6,208,1,7
2025-07-27 08:03:09.822246,471.36,39.93,70.3,0.0,32.69,8,6,208,1,7
2025-07-27 09:03:09.822246,470.31,35.76,51.1,0.0,16.53,9,6,208,1,7
2025-07-27 10:03:09.822246,493.92,38.95,57.86,0.0,17.81,10,6,208,1,7
2025-07-27 11:03:09.822246,516.34,35.31,66.7,0.0,23.59,11,6,208,1,7
2025-07-27 12:03:09.822246,583.24,40.86,74.87,0.0,26.4,12,6,208,1,7
2025-07-27 13:03:09.822246,536.27,35.5,54.56,0.0,12.08,13,6,208,1,7
2025-07-27 14:03:09.822246,455.38,26.96,42.41,0.0,11.79,14,6,208,1,7
2025-07-27 15:03:09.822246,570.49,41.64,57.76,0.0,2.0,15,6,208,1,7
2025-07-27 16:03:09.822246,451.11,29.64,72.85,0.0,4.96,16,6,208,1,7
2025-07-27 17:03:09.822246,495.98,40.65,46.91,0.0,10.83,17,6,208,1,7
2025-07-27 18:03:09.822246,413.66,33.93,50.98,0.0,6.54,18,6,208,1,7
2025-07-27 19:03:09.822246,436.38,40.26,64.3,0.0,14.02,19,6,208,1,7
2025-07-27 20:03:09.822246,415.65,40.05,61.59,0.0,0.0,20,6,208,1,7
2025-07-27 21:03:09.822246,401.01,36.53,68.69,0.0,0.74,21,6,208,1,7
2025-07-27 22:03:09.822246,409.74,36.92,50.46,0.0,6.58,22,6,208,1,7
2025-07-27 23:03:09.822246,463.87,36.49,59.5,0.0,9.23,23,6,208,1,7
2025-07-28 00:03:09.822246,365.38,24.24,75.04,0.0,19.78,0,0,209,0,7
2025-07-28 01:03:09.822246,494.78,34.9,51.16,0.0,15.53,1,0,209,0,7
2025-07-28 02:03:09.822246,467.94,28.72,77.86,0.0,14.11,2,0,209,0,7
2025-07-28 03:03:09.822246,513.84,35.16,52.41,0.0,24.06,3,0,209,0,7
2025-07-28 04:03:09.822246,648.35,28.59,71.58,0.0,19.82,4,0,209,0,7
2025-07-28 05:03:09.822246,507.21,28.38,59.36,0.0,19.19,5,0,209,0,7
2025-07-28 06:03:09.822246,531.54,42.33,51.64,0.0,30.3,6,0,209,0,7
2025-07-28 07:03:09.822246,536.85,39.65,58.12,0.0,31.13,7,0,209,0,7
2025-07-28 08:03:09.822246,478.83,34.28,68.54,0.0,28.55,8,0,209,0,7
2025-07-28 09:03:09.822246,562.54,35.23,63.02,0.0,17.9,9,0,209,0,7
2025-07-28 10:03:09.822246,593.93,33.07,74.27,0.0,17.05,10,0,209,0,7
2025-07-28 11:03:09.822246,646.95,37.15,77.44,0.0,20.31,11,0,209,0,7
2025-07-28 12:03:09.822246,588.7,30.92,51.26,0.0,18.71,12,0,209,0,7
2025-07-28 13:03:09.822246,620.19,39.27,50.52,0.0,11.26,13,0,209,0,7
2025-07-28 14:03:09.822246,584.65,33.04,50.04,0.0,16.03,14,0,209,0,7
2025-07-28 15:03:09.822246,633.11,32.21,54.09,0.0,0.0,15,0,209,0,7
2025-07-28 16:03:09.822246,536.96,34.41,74.13,0.0,3.48,16,0,209,0,7
2025-07-28 17:03:09.822246,628.26,31.35,68.69,0.0,16.42,17,0,209,0,7
2025-07-28 18:03:09.822246,560.0,35.95,57.64,0.0,4.93,18,0,209,0,7
2025-07-28 19:03:09.822246,526.86,31.62,62.98,0.0,2.95,19,0,209,0,7
2025-07-28 20:03:09.822246,534.57,36.65,77.13,0.0,8.71,20,0,209,0,7
2025-07-28 21:03:09.822246,558.88,40.39,82.17,0.0,3.15,21,0,209,0,7
2025-07-28 22:03:09.822246,393.39,30.71,65.68,0.0,0.0,22,0,209,0,7
2025-07-28 23:03:09.822246,480.48,33.65,36.49,0.0,27.42,23,0,209,0,7
2025-07-29 00:03:09.822246,606.88,36.53,66.4,0.0,10.71,0,1,210,0,7
2025-07-29 01:03:09.822246,532.02,32.05,72.77,0.0,18.7,1,1,210,0,7
2025-07-29 02:03:09.822246,482.71,36.55,65.67,0.0,20.87,2,1,210,0,7
2025-07-29 03:03:09.822246,538.19,37.0,70.69,0.0,24.55,3,1,210,0,7
2025-07-29 04:03:09.822246,645.16,39.64,67.0,0.0,19.69,4,1,210,0,7
2025-07-29 05:03:09.822246,546.19,31.2,51.08,0.0,11.75,5,1,210,0,7
2025-07-29 06:03:09.822246,464.43,29.51,54.56,0.0,21.72,6,1,210,0,7
2025-07-29 07:03:09.822246,604.13,32.69,60.21,0.0,24.81,7,1,210,0,7
2025-07-29 08:03:09.822246,529.92,29.39,74.08,0.0,24.17,8,1,210,0,7
2025-07-29 09:03:09.822246,538.25,37.05,55.77,0.0,29.89,9,1,210,0,7
2025-07-29 10:03:09.822246,533.07,28.42,67.98,0.0,18.58,10,1,210,0,7
2025-07-29 11:03:09.822246,731.44,45.89,66.46,0.0,18.63,11,1,210,0,7
2025-07-29 12:03:09.822246,608.49,40.71,79.29,0.0,11.04,12,1,210,0,7
2025-07-29 13:03:09.822246,609.43,34.29,63.01,0.0,9.42,13,1,210,0,7
2025-07-29 14:03:09.822246,623.24,38.56,45.88,0.0,20.02,14,1,210,0,7
2025-07-29 15:03:09.822246,649.8,26.04,69.89,0.0,4.36,15,1,210,0,7
2025-07-29 16:03:09.822246,688.02,46.84,84.81,0.0,4.45,16,1,210,0,7
2025-07-29 17:03:09.822246,640.21,31.27,70.55,0.0,10.77,17,1,210,0,7
2025-07-29 18:03:09.822246,508.12,33.62,55.55,0.0,14.53,18,1,210,0,7
2025-07-29 19:03:09.822246,468.5,24.95,52.61,4.15,9.39,19,1,210,0,7
2025-07-29 20:03:09.822246,476.81,36.66,53.9,0.0,10.41,20,1,210,0,7
2025-07-29 21:03:09.822246,556.87,28.69,83.46,0.0,1.67,21,1,210,0,7
2025-07-29 22:03:09.822246,488.25,34.73,60.15,0.0,12.57,22,1,210,0,7
2025-07-29 23:03:09.822246,518.71,31.5,56.8,0.0,10.87,23,1,210,0,7
2025-07-30 00:03:09.822246,428.67,28.75,62.18,0.0,17.36,0,2,211,0,7
2025-07-30 01:03:09.822246,466.5,30.12,60.6,0.0,16.19,1,2,211,0,7
2025-07-30 02:03:09.822246,435.69,35.27,79.44,0.0,17.14,2,2,211,0,7
2025-07-30 03:03:09.822246,450.95,27.73,53.62,0.0,14.78,3,2,211,0,7
2025-07-30 04:03:09.822246,421.16,30.4,75.57,0.0,23.24,4,2,211,0,7
2025-07-30 05:03:09.822246,492.26,37.46,64.99,0.0,25.52,5,2,211,0,7
2025-07-30 06:03:09.822246,628.32,47.15,75.83,0.0,14.56,6,2,211,0,7
2025-07-30 07:03:09.822246,488.19,36.53,79.59,0.0,21.59,7,2,211,0,7
2025-07-30 08:03:09.822246,582.01,29.56,64.61,0.0,22.34,8,2,211,0,7
2025-07-30 09:03:09.822246,636.32,32.31,60.61,0.0,24.94,9,2,211,0,7
2025-07-30 10:03:09.822246,588.59,34.3,64.43,0.0,17.05,10,2,211,0,7
2025-07-30 11:03:09.822246,563.27,32.39,62.82,0.0,20.73,11,2,211,0,7
2025-07-30 12:03:09.822246,632.23,38.66,47.19,0.0,16.4,12,2,211,0,7
2025-07-30 13:03:09.822246,668.73,35.23,79.29,0.0,16.76,13,2,211,0,7
2025-07-30 14:03:09.822246,645.37,38.68,66.22,0.0,7.35,14,2,211,0,7
2025-07-30 15:03:09.822246,573.51,32.57,52.13,0.0,6.52,15,2,211,0,7
2025-07-30 16:03:09.822246,623.71,40.77,43.09,0.0,9.19,16,2,211,0,7
2025-07-30 17:03:09.822246,508.1,33.31,40.49,0.0,0.24,17,2,211,0,7
2025-07-30 18:03:09.822246,518.22,29.29,71.47,0.0,4.67,18,2,211,0,7
2025-07-30 19:03:09.822246,614.58,45.03,57.57,0.0,10.29,19,2,211,0,7
2025-07-30 20:03:09.822246,468.44,25.02,59.22,0.0,3.01,20,2,211,0,7
2025-07-30 21:03:09.822246,448.83,30.45,68.65,0.0,9.57,21,2,211,0,7
2025-07-30 22:03:09.822246,467.9,31.01,58.6,0.0,9.99,22,2,211,0,7
2025-07-30 23:03:09.822246,616.84,46.68,69.23,0.0,19.75,23,2,211,0,7
2025-07-31 00:03:09.822246,637.95,43.09,65.05,0.0,15.41,0,3,212,0,7
2025-07-31 01:03:09.822246,476.73,41.52,63.26,0.0,20.26,1,3,212,0,7
2025-07-31 02:03:09.822246,505.79,32.4,48.37,0.0,19.16,2,3,212,0,7
2025-07-31 03:03:09.822246,463.78,46.18,55.9,0.0,19.48,3,3,212,0,7
2025-07-31 04:03:09.822246,498.11,35.89,70.13,0.0,24.79,4,3,212,0,7
2025-07-31 05:03:09.822246,547.93,38.94,57.28,0.0,21.82,5,3,212,0,7
2025-07-31 06:03:09.822246,463.41,34.95,76.16,0.0,30.17,6,3,212,0,7
2025-07-31 07:03:09.822246,506.72,33.81,87.57,0.0,30.54,7,3,212,0,7
2025-07-31 08:03:09.822246,480.32,32.79,70.67,0.0,24.02,8,3,212,0,7
2025-07-31 09:03:09.822246,565.05,33.01,79.03,0.0,19.86,9,3,212,0,7
2025-07-31 10:03:09.822246,594.67,37.1,71.31,0.0,21.14,10,3,212,0,7
2025-07-31 11:03:09.822246,547.99,35.89,58.76,0.0,11.22,11,3,212,0,7
2025-07-31 12:03:09.822246,523.84,33.9,66.1,0.0,11.21,12,3,212,0,7
2025-07-31 13:03:09.822246,608.53,41.6,84.24,0.0,6.96,13,3,212,0,7
2025-07-31 14:03:09.822246,589.09,19.22,58.87,0.0,6.29,14,3,212,0,7
2025-07-31 15:03:09.822246,438.87,36.6,53.71,0.0,4.86,15,3,212,0,7
2025-07-31 16:03:09.822246,540.63,37.64,52.76,0.0,0.0,16,3,212,0,7
2025-07-31 17:03:09.822246,546.02,39.79,61.93,0.0,4.01,17,3,212,0,7
2025-07-31 18:03:09.822246,582.36,33.73,54.07,0.0,4.03,18,3,212,0,7
2025-07-31 19:03:09.822246,506.42,35.09,80.84,0.0,8.2,19,3,212,0,7
2025-07-31 20:03:09.822246,549.0,38.98,66.27,0.0,6.87,20,3,212,0,7
2025-07-31 21:03:09.822246,570.38,41.51,73.82,0.0,14.99,21,3,212,0,7
2025-07-31 22:03:09.822246,400.77,32.55,61.12,0.0,12.94,22,3,212,0,7
2025-07-31 23:03:09.822246,581.79,35.39,52.7,0.0,24.12,23,3,212,0,7
2025-08-01 00:03:09.822246,581.01,42.35,51.34,0.0,9.25,0,4,213,0,8
2025-08-01 01:03:09.822246,471.13,23.34,55.36,0.0,22.58,1,4,213,0,8
2025-08-01 02:03:09.822246,667.5,30.51,67.91,0.0,12.16,2,4,213,0,8
2025-08-01 03:03:09.822246,465.9,41.29,69.64,0.0,27.37,3,4,213,0,8
2025-08-01 04:03:09.822246,603.55,39.42,70.47,0.0,25.58,4,4,213,0,8
2025-08-01 05:03:09.822246,531.85,36.57,49.55,0.0,23.53,5,4,213,0,8
2025-08-01 06:03:09.822246,509.84,31.72,64.43,0.0,26.05,6,4,213,0,8
2025-08-01 07:03:09.822246,526.08,29.55,54.18,0.0,22.2,7,4,213,0,8
2025-08-01 08:03:09.822246,513.69,31.0,68.45,0.0,20.73,8,4,213,0,8
2025-08-01 09:03:09.822246,602.29,41.7,69.23,0.0,24.26,9,4,213,0,8
2025-08-01 10:03:09.822246,622.44,30.82,52.72,0.0,11.9,10,4,213,0,8
2025-08-01 11:03:09.822246,526.48,34.47,74.12,0.0,19.24,11,4,213,0,8
2025-08-01 12:03:09.822246,612.92,30.19,87.83,0.0,14.37,12,4,213,0,8
2025-08-01 13:03:09.822246,592.93,38.17,72.79,0.0,10.78,13,4,213,0,8
2025-08-01 14:03:09.822246,481.64,31.27,62.81,0.0,7.54,14,4,213,0,8
2025-08-01 15:03:09.822246,540.88,33.47,61.27,0.0,9.11,15,4,213,0,8
2025-08-01 16:03:09.822246,607.34,25.54,62.35,0.0,11.5,16,4,213,0,8
2025-08-01 17:03:09.822246,436.81,25.89,56.83,0.0,16.48,17,4,213,0,8
2025-08-01 18:03:09.822246,519.48,34.0,66.96,0.0,10.6,18,4,213,0,8
2025-08-01 19:03:09.822246,445.2,27.34,53.05,0.0,9.5,19,4,213,0,8
2025-08-01 20:03:09.822246,604.93,44.49,45.54,0.56,2.4,20,4,213,0,8
2025-08-01 21:03:09.822246,478.07,23.65,66.63,0.0,4.95,21,4,213,0,8
2025-08-01 22:03:09.822246,610.66,29.96,64.65,0.0,9.98,22,4,213,0,8
2025-08-01 23:03:09.822246,518.81,34.04,58.73,0.0,14.63,23,4,213,0,8
2025-08-02 00:03:09.822246,436.77,32.04,51.95,0.0,12.74,0,5,214,1,8
2025-08-02 01:03:09.822246,406.12,28.34,67.67,0.0,23.52,1,5,214,1,8
2025-08-02 02:03:09.822246,460.75,29.07,54.87,0.0,16.64,2,5,214,1,8
2025-08-02 03:03:09.822246,380.75,28.91,63.38,0.0,15.77,3,5,214,1,8
2025-08-02 04:03:09.822246,491.42,32.43,82.42,0.0,28.84,4,5,214,1,8
2025-08-02 05:03:09.822246,480.85,43.62,71.29,0.0,25.84,5,5,214,1,8
2025-08-02 06:03:09.822246,462.72,34.25,51.08,0.0,23.57,6,5,214,1,8
2025-08-02 07:03:09.822246,489.69,39.78,52.02,0.0,17.8,7,5,214,1,8
2025-08-02 08:03:09.822246,474.81,36.4,66.29,0.0,28.58,8,5,214,1,8
2025-08-02 09:03:09.822246,510.01,39.43,51.02,0.0,33.96,9,5,214,1,8
2025-08-02 10:03:09.822246,475.06,19.86,44.76,0.0,22.47,10,5,214,1,8
2025-08-02 11:03:09.822246,598.23,32.34,70.1,0.0,14.41,11,5,214,1,8
2025-08-02 12:03:09.822246,616.01,40.4,67.98,0.0,16.19,12,5,214,1,8
2025-08-02 13:03:09.822246,548.69,31.01,69.28,0.0,15.23,13,5,214,1,8
2025-08-02 14:03:09.822246,528.63,42.68,67.4,0.0,12.49,14,5,214,1,8
2025-08-02 15:03:09.822246,518.13,41.28,64.12,0.0,3.86,15,5,214,1,8
2025-08-02 16:03:09.822246,555.07,31.52,58.15,0.0,3.81,16,5,214,1,8
2025-08-02 17:03:09.822246,479.41,31.35,69.93,0.0,1.61,17,5,214,1,8
2025-08-02 18:03:09.822246,467.44,28.8,80.07,0.0,6.85,18,5,214,1,8
2025-08-02 19:03:09.822246,403.05,30.72,59.76,0.0,5.02,19,5,214,1,8
2025-08-02 20:03:09.822246,420.72,27.7,54.57,0.0,12.1,20,5,214,1,8
2025-08-02 21:03:09.822246,382.68,36.01,53.42,0.0,9.16,21,5,214,1,8
2025-08-02 22:03:09.822246,414.61,26.58,56.11,0.0,13.56,22,5,214,1,8
2025-08-02 23:03:09.822246,519.96,36.88,66.8,0.0,11.07,23,5,214,1,8
2025-08-03 00:03:09.822246,440.41,36.9,43.71,0.0,5.97,0,6,215,1,8
2025-08-03 01:03:09.822246,447.42,25.46,69.5,0.0,24.32,1,6,215,1,8
2025-08-03 02:03:09.822246,469.98,41.51,71.55,0.0,20.63,2,6,215,1,8
2025-08-03 03:03:09.822246,463.39,36.33,47.13,0.0,24.14,3,6,215,1,8
2025-08-03 04:03:09.822246,404.79,37.51,55.32,0.0,27.74,4,6,215,1,8
2025-08-03 05:03:09.822246,427.75,29.97,65.9,0.0,25.95,5,6,215,1,8
2025-08-03 06:03:09.822246,284.61,36.88,63.67,0.0,15.72,6,6,215,1,8
2025-08-03 07:03:09.822246,487.26,39.4,70.3,0.0,22.9,7,6,215,1,8
2025-08-03 08:03:09.822246,401.37,33.27,63.7,0.0,21.25,8,6,215,1,8
2025-08-03 09:03:09.822246,622.99,43.77,77.75,0.0,19.83,9,6,215,1,8
2025-08-03 10:03:09.822246,559.26,33.98,61.9,0.0,18.97,10,6,215,1,8
2025-08-03 11:03:09.822246,588.7,39.47,55.28,0.0,17.87,11,6,215,1,8
2025-08-03 12:03:09.822246,621.67,35.23,54.47,0.0,24.65,12,6,215,1,8
2025-08-03 13:03:09.822246,473.57,36.69,72.46,0.0,15.03,13,6,215,1,8
2025-08-03 14:03:09.822246,550.06,25.41,65.4,0.0,13.6,14,6,215,1,8
2025-08-03 15:03:09.822246,529.08,35.62,71.44,0.0,5.59,15,6,215,1,8
2025-08-03 16:03:09.822246,479.99,30.09,71.24,0.0,13.78,16,6,215,1,8
2025-08-03 17:03:09.822246,492.96,29.53,44.91,0.0,6.01,17,6,215,1,8
2025-08-03 18:03:09.822246,426.57,42.48,53.71,0.0,4.92,18,6,215,1,8
2025-08-03 19:03:09.822246,384.89,32.69,54.9,5.69,0.0,19,6,215,1,8
2025-08-03 20:03:09.822246,356.02,28.75,56.95,0.0,9.88,20,6,215,1,8
2025-08-03 21:03:09.822246,392.76,31.97,60.9,0.0,12.59,21,6,215,1,8
2025-08-03 22:03:09.822246,346.42,27.26,75.1,0.0,14.51,22,6,215,1,8
2025-08-03 23:03:09.822246,493.42,40.93,77.09,0.0,5.39,23,6,215,1,8
2025-08-04 00:03:09.822246,491.28,30.18,62.51,0.0,19.7,0,0,216,0,8
2025-08-04 01:03:09.822246,549.26,36.31,62.93,0.0,16.03,1,0,216,0,8
2025-08-04 02:03:09.822246,509.85,40.44,58.38,0.0,13.72,2,0,216,0,8
2025-08-04 03:03:09.822246,437.08,31.16,66.33,0.0,32.86,3,0,216,0,8
2025-08-04 04:03:09.822246,545.99,36.32,67.46,0.0,31.22,4,0,216,0,8
2025-08-04 05:03:09.822246,408.03,28.51,73.5,0.0,27.92,5,0,216,0,8
2025-08-04 06:03:09.822246,576.91,45.89,73.42,0.0,27.62,6,0,216,0,8
2025-08-04 07:03:09.822246,500.34,38.34,42.42,0.0,32.49,7,0,216,0,8
2025-08-04 08:03:09.822246,612.6,32.7,63.91,0.0,21.22,8,0,216,0,8
2025-08-04 09:03:09.822246,597.82,29.79,79.28,0.0,34.48,9,0,216,0,8
2025-08-04 10:03:09.822246,598.35,33.09,61.06,0.0,20.21,10,0,216,0,8
2025-08-04 11:03:09.822246,640.64,31.96,76.83,0.0,22.57,11,0,216,0,8
2025-08-04 12:03:09.822246,612.89,43.42,62.37,0.0,17.7,12,0,216,0,8
2025-08-04 13:03:09.822246,622.82,27.53,67.19,0.0,7.38,13,0,216,0,8
2025-08-04 14:03:09.822246,611.51,34.33,54.07,0.0,10.1,14,0,216,0,8
2025-08-04 15:03:09.822246,568.5,33.57,54.45,0.0,15.35,15,0,216,0,8
2025-08-04 16:03:09.822246,631.66,33.07,72.69,0.0,2.47,16,0,216,0,8
2025-08-04 17:03:09.822246,532.57,33.12,74.26,0.0,12.14,17,0,216,0,8
2025-08-04 18:03:09.822246,534.69,33.08,65.7,0.0,8.32,18,0,216,0,8
2025-08-04 19:03:09.822246,439.95,38.02,53.16,0.0,0.0,19,0,216,0,8
2025-08-04 20:03:09.822246,516.52,36.7,65.88,0.0,6.34,20,0,216,0,8
2025-08-04 21:03:09.822246,486.64,35.75,78.01,0.0,7.68,21,0,216,0,8
2025-08-04 22:03:09.822246,454.57,18.49,82.87,0.0,4.9,22,0,216,0,8
2025-08-04 23:03:09.822246,440.11,35.16,62.27,0.0,13.92,23,0,216,0,8
2025-08-05 00:03:09.822246,582.79,25.27,49.17,0.0,8.22,0,1,217,0,8
2025-08-05 01:03:09.822246,646.46,36.78,74.17,0.0,21.98,1,1,217,0,8
2025-08-05 02:03:09.822246,570.18,40.92,63.01,0.0,15.56,2,1,217,0,8
2025-08-05 03:03:09.822246,467.57,28.92,75.2,0.0,20.51,3,1,217,0,8
2025-08-05 04:03:09.822246,506.52,32.24,68.58,0.0,23.65,4,1,217,0,8
2025-08-05 05:03:09.822246,441.38,30.55,56.94,0.0,32.24,5,1,217,0,8
2025-08-05 06:03:09.822246,538.65,39.73,66.35,0.0,18.67,6,1,217,0,8
2025-08-05 07:03:09.822246,545.42,34.03,78.85,0.0,22.14,7,1,217,0,8
2025-08-05 08:03:09.822246,535.49,42.19,64.28,0.0,24.43,8,1,217,0,8
2025-08-05 09:03:09.822246,632.04,35.62,55.42,0.0,21.75,9,1,217,0,8
2025-08-05 10:03:09.822246,564.7,34.76,49.88,0.0,20.55,10,1,217,0,8
2025-08-05 11:03:09.822246,515.32,33.89,58.05,0.0,16.56,11,1,217,0,8
2025-08-05 12:03:09.822246,593.82,37.64,61.67,0.0,16.4,12,1,217,0,8
2025-08-05 13:03:09.822246,546.68,24.86,73.97,0.0,2.61,13,1,217,0,8
2025-08-05 14:03:09.822246,671.88,33.98,54.56,0.0,17.08,14,1,217,0,8
2025-08-05 15:03:09.822246,587.35,33.2,81.31,0.0,7.58,15,1,217,0,8
2025-08-05 16:03:09.822246,506.08,37.18,52.4,0.0,19.81,16,1,217,0,8
2025-08-05 17:03:09.822246,536.57,32.61,89.08,0.0,3.65,17,1,217,0,8
2025-08-05 18:03:09.822246,414.0,28.36,83.02,0.0,10.17,18,1,217,0,8
2025-08-05 19:03:09.822246,589.02,33.59,67.18,1.76,1.61,19,1,217,0,8
2025-08-05 20:03:09.822246,461.68,28.14,49.29,0.0,6.55,20,1,217,0,8
2025-08-05 21:03:09.822246,452.05,23.92,65.22,0.0,2.91,21,1,217,0,8
2025-08-05 22:03:09.822246,552.84,37.19,61.9,0.0,8.4,22,1,217,0,8
2025-08-05 23:03:09.822246,467.14,36.45,53.03,0.0,8.75,23,1,217,0,8
2025-08-06 00:03:09.822246,436.86,35.77,69.01,0.0,17.48,0,2,218,0,8
2025-08-06 01:03:09.822246,507.7,39.95,57.86,0.0,25.85,1,2,218,0,8
2025-08-06 02:03:09.822246,531.42,30.11,58.95,0.0,22.25,2,2,218,0,8
2025-08-06 03:03:09.822246,394.84,26.28,64.06,0.0,36.42,3,2,218,0,8
2025-08-06 04:03:09.822246,371.72,33.09,60.35,0.0,27.19,4,2,218,0,8
2025-08-06 05:03:09.822246,487.7,31.7,86.88,0.0,19.99,5,2,218,0,8
2025-08-06 06:03:09.822246,538.42,29.23,60.74,0.0,37.13,6,2,218,0,8
2025-08-06 07:03:09.822246,590.67,33.04,70.51,0.0,29.21,7,2,218,0,8
2025-08-06 08:03:09.822246,517.98,30.38,67.55,0.0,16.7,8,2,218,0,8
2025-08-06 09:03:09.822246,539.83,24.26,69.63,0.0,21.97,9,2,218,0,8
2025-08-06 10:03:09.822246,661.75,31.23,70.39,0.0,24.02,10,2,218,0,8
2025-08-06 11:03:09.822246,511.38,27.76,74.91,0.0,20.41,11,2,218,0,8
2025-08-06 12:03:09.822246,616.02,34.6,68.76,0.0,19.0,12,2,218,0,8
2025-08-06 13:03:09.822246,649.3,30.16,68.35,0.0,17.5,13,2,218,0,8
2025-08-06 14:03:09.822246,662.63,39.0,66.68,0.0,7.0,14,2,218,0,8
2025-08-06 15:03:09.822246,574.89,41.46,64.71,0.0,10.46,15,2,218,0,8
2025-08-06 16:03:09.822246,594.48,36.83,56.98,0.0,7.41,16,2,218,0,8
2025-08-06 17:03:09.822246,381.0,25.68,65.49,0.0,4.08,17,2,218,0,8
2025-08-06 18:03:09.822246,508.19,40.96,68.51,0.0,9.18,18,2,218,0,8
2025-08-06 19:03:09.822246,563.47,41.32,70.12,0.0,6.33,19,2,218,0,8
2025-08-06 20:03:09.822246,458.8,33.53,67.9,0.0,11.93,20,2,218,0,8
2025-08-06 21:03:09.822246,504.13,40.05,63.77,0.0,9.48,21,2,218,0,8
2025-08-06 22:03:09.822246,468.51,30.68,65.53,0.0,8.39,22,2,218,0,8
2025-08-06 23:03:09.822246,448.71,24.11,60.56,0.0,13.21,23,2,218,0,8
2025-08-07 00:03:09.822246,490.28,29.52,69.56,0.0,18.41,0,3,219,0,8
2025-08-07 01:03:09.822246,494.74,41.97,64.21,0.0,17.78,1,3,219,0,8
2025-08-07 02:03:09.822246,456.14,25.87,68.23,0.0,17.79,2,3,219,0,8
2025-08-07 03:03:09.822246,510.44,33.32,76.43,3.47,22.87,3,3,219,0,8
2025-08-07 04:03:09.822246,534.18,33.49,59.33,0.0,30.8,4,3,219,0,8
2025-08-07 05:03:09.822246,462.51,30.76,72.39,0.0,28.0,5,3,219,0,8
2025-08-07 06:03:09.822246,511.55,31.1,66.76,0.0,26.83,6,3,219,0,8
2025-08-07 07:03:09.822246,592.89,33.68,86.64,0.0,23.72,7,3,219,0,8
2025-08-07 08:03:09.822246,437.23,30.51,64.26,0.0,24.75,8,3,219,0,8
2025-08-07 09:03:09.822246,621.57,26.21,73.38,0.0,17.31,9,3,219,0,8
2025-08-07 10:03:09.822246,593.1,34.4,66.58,0.0,19.11,10,3,219,0,8
2025-08-07 11:03:09.822246,673.03,38.69,52.54,0.0,20.24,11,3,219,0,8
2025-08-07 12:03:09.822246,711.6,37.67,61.22,0.0,15.55,12,3,219,0,8
2025-08-07 13:03:09.822246,528.68,29.27,75.23,0.0,10.56,13,3,219,0,8
2025-08-07 14:03:09.822246,528.74,27.06,62.1,0.0,3.89,14,3,219,0,8
2025-08-07 15:03:09.822246,569.8,31.9,44.22,0.0,7.31,15,3,219,0,8
2025-08-07 16:03:09.822246,539.76,41.16,66.11,0.0,2.65,16,3,219,0,8
2025-08-07 17:03:09.822246,647.0,36.55,55.5,0.0,5.21,17,3,219,0,8
2025-08-07 18:03:09.822246,501.36,36.84,67.74,0.0,6.41,18,3,219,0,8
2025-08-07 19:03:09.822246,486.02,37.77,81.94,0.0,12.56,19,3,219,0,8
2025-08-07 20:03:09.822246,557.13,35.42,74.12,0.0,10.99,20,3,219,0,8
2025-08-07 21:03:09.822246,452.36,33.92,81.79,0.0,9.12,21,3,219,0,8
2025-08-07 22:03:09.822246,515.11,36.63,60.81,0.0,20.46,22,3,219,0,8
2025-08-07 23:03:09.822246,488.83,30.59,64.99,0.0,14.44,23,3,219,0,8
2025-08-08 00:03:09.822246,414.01,26.13,56.31,0.0,11.42,0,4,220,0,8
2025-08-08 01:03:09.822246,548.13,36.82,59.91,0.0,16.51,1,4,220,0,8
2025-08-08 02:03:09.822246,512.18,39.39,57.48,0.0,32.89,2,4,220,0,8
2025-08-08 03:03:09.822246,426.53,27.61,53.68,0.0,18.48,3,4,220,0,8
2025-08-08 04:03:09.822246,543.49,37.31,80.41,0.0,22.16,4,4,220,0,8
2025-08-08 05:03:09.822246,622.79,41.6,45.83,0.0,29.66,5,4,220,0,8
2025-08-08 06:03:09.822246,545.94,33.19,80.45,0.0,20.59,6,4,220,0,8
2025-08-08 07:03:09.822246,525.67,29.11,79.21,0.0,29.81,7,4,220,0,8
2025-08-08 08:03:09.822246,600.43,33.82,71.75,0.0,29.48,8,4,220,0,8
2025-08-08 09:03:09.822246,500.45,30.45,55.61,0.0,23.51,9,4,220,0,8
2025-08-08 10:03:09.822246,638.21,30.12,50.93,0.0,28.31,10,4,220,0,8
2025-08-08 11:03:09.822246,638.81,35.37,61.27,0.0,16.76,11,4,220,0,8
2025-08-08 12:03:09.822246,660.37,25.18,73.0,0.0,19.7,12,4,220,0,8
2025-08-08 13:03:09.822246,552.17,25.98,66.78,0.0,0.6,13,4,220,0,8
2025-08-08 14:03:09.822246,672.19,33.3,56.32,0.0,13.36,14,4,220,0,8
2025-08-08 15:03:09.822246,587.81,33.09,78.23,0.0,14.69,15,4,220,0,8
2025-08-08 16:03:09.822246,608.13,34.92,83.59,0.0,10.37,16,4,220,0,8
2025-08-08 17:03:09.822246,621.04,42.58,64.48,0.0,3.47,17,4,220,0,8
2025-08-08 18:03:09.822246,468.48,33.72,67.84,0.0,0.0,18,4,220,0,8
2025-08-08 19:03:09.822246,557.51,36.19,51.66,0.0,11.13,19,4,220,0,8
2025-08-08 20:03:09.822246,482.06,28.32,62.61,0.0,2.2,20,4,220,0,8
2025-08-08 21:03:09.822246,401.42,37.04,71.85,0.0,4.45,21,4,220,0,8
2025-08-08 22:03:09.822246,433.57,30.57,70.3,0.0,8.69,22,4,220,0,8
2025-08-08 23:03:09.822246,510.49,33.56,61.67,0.0,15.77,23,4,220,0,8
2025-08-09 00:03:09.822246,457.6,32.53,64.33,0.0,21.08,0,5,221,1,8
2025-08-09 01:03:09.822246,464.02,38.24,62.6,0.0,27.78,1,5,221,1,8
2025-08-09 02:03:09.822246,455.43,26.53,64.29,0.0,20.84,2,5,221,1,8
2025-08-09 03:03:09.822246,301.17,21.66,71.31,0.0,23.73,3,5,221,1,8
2025-08-09 04:03:09.822246,393.91,32.01,47.4,0.0,26.12,4,5,221,1,8
2025-08-09 05:03:09.822246,329.92,35.42,66.33,0.0,22.47,5,5,221,1,8
2025-08-09 06:03:09.822246,472.68,33.84,70.57,0.0,28.73,6,5,221,1,8
2025-08-09 07:03:09.822246,466.81,39.24,61.37,0.0,21.95,7,5,221,1,8
2025-08-09 08:03:09.822246,509.36,35.26,62.28,0.0,29.47,8,5,221,1,8
2025-08-09 09:03:09.822246,453.27,30.26,62.57,0.0,17.44,9,5,221,1,8
2025-08-09 10:03:09.822246,511.63,21.45,62.28,0.0,24.68,10,5,221,1,8
2025-08-09 11:03:09.822246,562.02,31.89,67.13,0.0,22.35,11,5,221,1,8
2025-08-09 12:03:09.822246,579.84,38.22,68.36,0.0,7.53,12,5,221,1,8
2025-08-09 13:03:09.822246,528.05,31.12,46.07,0.0,14.39,13,5,221,1,8
2025-08-09 14:03:09.822246,559.2,33.22,73.6,0.0,18.12,14,5,221,1,8
2025-08-09 15:03:09.822246,492.21,35.18,64.17,0.0,9.4,15,5,221,1,8
2025-08-09 16:03:09.822246,500.64,28.0,86.4,0.0,7.03,16,5,221,1,8
2025-08-09 17:03:09.822246,557.67,36.19,55.16,0.0,3.21,17,5,221,1,8
2025-08-09 18:03:09.822246,547.98,41.26,58.4,0.0,7.91,18,5,221,1,8
2025-08-09 19:03:09.822246,372.28,32.21,65.04,0.0,3.96,19,5,221,1,8
2025-08-09 20:03:09.822246,443.86,27.43,71.21,0.0,9.1,20,5,221,1,8
2025-08-09 21:03:09.822246,367.34,32.74,47.57,0.0,12.08,21,5,221,1,8
2025-08-09 22:03:09.822246,404.21,21.95,58.78,0.0,11.78,22,5,221,1,8
2025-08-09 23:03:09.822246,451.04,34.76,72.99,0.0,18.39,23,5,221,1,8
2025-08-10 00:03:09.822246,372.02,35.21,57.91,2.35,17.41,0,6,222,1,8
2025-08-10 01:03:09.822246,430.67,41.33,81.09,0.0,16.15,1,6,222,1,8
2025-08-10 02:03:09.822246,383.92,31.98,62.86,0.0,11.34,2,6,222,1,8
2025-08-10 03:03:09.822246,431.65,34.99,58.4,0.0,20.14,3,6,222,1,8
2025-08-10 04:03:09.822246,333.53,28.64,73.5,0.0,23.24,4,6,222,1,8
2025-08-10 05:03:09.822246,435.18,31.16,83.47,0.0,27.87,5,6,222,1,8
2025-08-10 06:03:09.822246,374.23,25.32,71.56,0.0,16.05,6,6,222,1,8
2025-08-10 07:03:09.822246,444.42,31.97,80.0,0.0,16.12,7,6,222,1,8
2025-08-10 08:03:09.822246,438.71,31.42,84.16,0.0,14.55,8,6,222,1,8
2025-08-10 09:03:09.822246,566.03,34.44,58.18,0.0,22.04,9,6,222,1,8
2025-08-10 10:03:09.822246,575.66,29.83,76.78,0.0,13.78,10,6,222,1,8
2025-08-10 11:03:09.822246,498.97,33.36,52.16,0.0,20.2,11,6,222,1,8
2025-08-10 12:03:09.822246,453.42,31.28,71.64,0.0,13.44,12,6,222,1,8
2025-08-10 13:03:09.822246,562.11,31.29,66.68,0.0,4.98,13,6,222,1,8
2025-08-10 14:03:09.822246,465.24,33.35,79.82,0.0,15.55,14,6,222,1,8
2025-08-10 15:03:09.822246,502.72,33.15,79.12,0.0,8.22,15,6,222,1,8
2025-08-10 16:03:09.822246,531.48,36.75,73.09,0.0,12.09,16,6,222,1,8
2025-08-10 17:03:09.822246,368.86,32.34,70.38,0.0,5.92,17,6,222,1,8
2025-08-10 18:03:09.822246,490.19,31.2,72.48,0.0,13.12,18,6,222,1,8
2025-08-10 19:03:09.822246,409.43,32.04,68.01,0.0,8.92,19,6,222,1,8
2025-08-10 20:03:09.822246,402.86,29.37,66.78,0.0,0.0,20,6,222,1,8
2025-08-10 21:03:09.822246,415.66,31.15,81.82,0.0,5.69,21,6,222,1,8
2025-08-10 22:03:09.822246,474.34,43.1,83.02,0.0,7.14,22,6,222,1,8
2025-08-10 23:03:09.822246,325.19,28.38,65.98,0.0,1.53,23,6,222,1,8
2025-08-11 00:03:09.822246,600.64,31.42,70.09,0.0,19.88,0,0,223,0,8
2025-08-11 01:03:09.822246,495.01,30.88,68.53,0.0,20.2,1,0,223,0,8
2025-08-11 02:03:09.822246,533.22,31.58,51.6,0.0,27.68,2,0,223,0,8
2025-08-11 03:03:09.822246,553.29,31.16,64.35,0.0,14.39,3,0,223,0,8
2025-08-11 04:03:09.822246,457.15,34.21,83.71,0.0,18.4,4,0,223,0,8
2025-08-11 05:03:09.822246,478.97,24.26,60.22,0.0,20.19,5,0,223,0,8
2025-08-11 06:03:09.822246,502.13,38.0,88.86,0.0,32.9,6,0,223,0,8
2025-08-11 07:03:09.822246,603.85,35.98,79.43,0.0,32.2,7,0,223,0,8
2025-08-11 08:03:09.822246,410.43,26.6,71.73,0.0,17.57,8,0,223,0,8
2025-08-11 09:03:09.822246,493.46,21.47,73.32,0.0,24.38,9,0,223,0,8
2025-08-11 10:03:09.822246,540.64,27.93,58.54,0.0,23.61,10,0,223,0,8
2025-08-11 11:03:09.822246,641.49,31.6,65.06,0.0,17.36,11,0,223,0,8
2025-08-11 12:03:09.822246,721.11,45.72,82.13,0.0,25.38,12,0,223,0,8
2025-08-11 13:03:09.822246,527.49,35.53,61.57,0.0,0.47,13,0,223,0,8
2025-08-11 14:03:09.822246,518.03,23.78,78.32,0.0,0.63,14,0,223,0,8
2025-08-11 15:03:09.822246,568.22,29.37,53.94,0.0,8.88,15,0,223,0,8
2025-08-11 16:03:09.822246,523.14,32.55,55.73,0.0,0.68,16,0,223,0,8
2025-08-11 17:03:09.822246,582.39,34.08,86.73,0.0,10.24,17,0,223,0,8
2025-08-11 18:03:09.822246,490.55,26.24,67.59,0.0,0.0,18,0,223,0,8
2025-08-11 19:03:09.822246,386.23,32.14,62.33,0.0,8.87,19,0,223,0,8
2025-08-11 20:03:09.822246,471.3,29.23,81.34,0.0,6.61,20,0,223,0,8
2025-08-11 21:03:09.822246,421.94,27.3,80.17,0.0,17.41,21,0,223,0,8
2025-08-11 22:03:09.822246,441.44,34.11,76.92,0.0,6.25,22,0,223,0,8
2025-08-11 23:03:09.822246,476.8,36.68,62.01,0.0,20.81,23,0,223,0,8
2025-08-12 00:03:09.822246,537.03,36.88,65.16,0.0,19.23,0,1,224,0,8
2025-08-12 01:03:09.822246,593.06,35.55,71.15,0.0,13.05,1,1,224,0,8
2025-08-12 02:03:09.822246,543.36,30.19,74.97,0.0,15.64,2,1,224,0,8
2025-08-12 03:03:09.822246,528.21,36.25,62.94,0.0,27.86,3,1,224,0,8
2025-08-12 04:03:09.822246,555.65,34.22,69.74,0.0,24.65,4,1,224,0,8
2025-08-12 05:03:09.822246,508.37,33.35,70.7,0.0,24.2,5,1,224,0,8
2025-08-12 06:03:09.822246,476.55,29.62,80.9,0.0,34.04,6,1,224,0,8
2025-08-12 07:03:09.822246,461.28,30.19,75.57,0.0,28.88,7,1,224,0,8
2025-08-12 08:03:09.822246,482.77,33.05,52.96,0.0,19.67,8,1,224,0,8
2025-08-12 09:03:09.822246,626.94,44.88,65.89,0.0,19.52,9,1,224,0,8
2025-08-12 10:03:09.822246,636.17,34.18,58.74,0.0,22.33,10,1,224,0,8
2025-08-12 11:03:09.822246,591.85,29.62,73.71,0.0,18.93,11,1,224,0,8
2025-08-12 12:03:09.822246,585.1,28.52,77.26,0.0,18.79,12,1,224,0,8
2025-08-12 13:03:09.822246,544.12,30.22,69.05,0.0,16.73,13,1,224,0,8
2025-08-12 14:03:09.822246,694.85,43.57,65.35,0.0,17.92,14,1,224,0,8
2025-08-12 15:03:09.822246,509.84,30.68,68.72,14.62,6.01,15,1,224,0,8
2025-08-12 16:03:09.822246,605.96,37.21,70.12,0.0,18.39,16,1,224,0,8
2025-08-12 17:03:09.822246,490.39,30.8,61.63,0.0,10.1,17,1,224,0,8
2025-08-12 18:03:09.822246,499.22,33.98,55.84,0.0,6.46,18,1,224,0,8
2025-08-12 19:03:09.822246,422.99,36.64,47.53,9.7,4.65,19,1,224,0,8
2025-08-12 20:03:09.822246,435.33,29.82,80.7,4.34,8.35,20,1,224,0,8
2025-08-12 21:03:09.822246,547.0,29.47,72.99,0.0,0.0,21,1,224,0,8
2025-08-12 22:03:09.822246,584.68,40.97,71.65,0.0,9.53,22,1,224,0,8
2025-08-12 23:03:09.822246,564.91,37.6,80.68,0.0,19.06,23,1,224,0,8
2025-08-13 00:03:09.822246,560.91,36.49,55.79,0.0,13.01,0,2,225,0,8
2025-08-13 01:03:09.822246,471.89,36.48,50.99,0.0,8.09,1,2,225,0,8
2025-08-13 02:03:09.822246,463.5,34.84,72.19,0.0,13.43,2,2,225,0,8
2025-08-13 03:03:09.822246,524.33,42.63,71.28,0.0,20.55,3,2,225,0,8
2025-08-13 04:03:09.822246,557.48,32.76,51.03,0.0,25.34,4,2,225,0,8
2025-08-13 05:03:09.822246,475.34,35.43,71.94,0.0,20.49,5,2,225,0,8
2025-08-13 06:03:09.822246,507.62,25.28,64.34,0.0,18.2,6,2,225,0,8
2025-08-13 07:03:09.822246,566.26,28.41,60.27,0.0,21.03,7,2,225,0,8
2025-08-13 08:03:09.822246,644.22,26.53,65.01,0.0,33.33,8,2,225,0,8
2025-08-13 09:03:09.822246,583.01,38.91,43.93,0.0,35.25,9,2,225,0,8
2025-08-13 10:03:09.822246,567.36,19.78,62.43,0.0,22.64,10,2,225,0,8
2025-08-13 11:03:09.822246,734.89,30.53,61.3,0.32,18.95,11,2,225,0,8
2025-08-13 12:03:09.822246,539.19,17.57,73.91,0.0,20.64,12,2,225,0,8
2025-08-13 13:03:09.822246,506.78,28.38,66.76,0.0,5.59,13,2,225,0,8
2025-08-13 14:03:09.822246,519.03,30.08,74.73,0.0,7.24,14,2,225,0,8
2025-08-13 15:03:09.822246,646.04,39.46,42.85,0.0,0.0,15,2,225,0,8
2025-08-13 16:03:09.822246,470.48,34.52,59.95,0.0,8.68,16,2,225,0,8
2025-08-13 17:03:09.822246,477.69,28.37,73.9,0.0,5.12,17,2,225,0,8
2025-08-13 18:03:09.822246,569.01,37.87,65.26,0.0,1.06,18,2,225,0,8
2025-08-13 19:03:09.822246,498.24,32.63,76.8,0.0,15.06,19,2,225,0,8
2025-08-13 20:03:09.822246,558.41,32.73,50.3,0.0,12.55,20,2,225,0,8
2025-08-13 21:03:09.822246,479.0,26.53,75.65,0.0,7.77,21,2,225,0,8
2025-08-13 22:03:09.822246,557.63,27.59,61.95,0.0,6.02,22,2,225,0,8
2025-08-13 23:03:09.822246,441.89,28.41,60.98,0.0,13.97,23,2,225,0,8
2025-08-14 00:03:09.822246,486.67,32.63,78.57,0.0,15.53,0,3,226,0,8
2025-08-14 01:03:09.822246,480.42,32.78,80.27,0.0,15.03,1,3,226,0,8
2025-08-14 02:03:09.822246,591.01,40.12,79.0,0.0,15.11,2,3,226,0,8
2025-08-14 03:03:09.822246,556.42,34.32,89.04,0.0,23.28,3,3,226,0,8
2025-08-14 04:03:09.822246,480.54,18.86,81.32,0.0,24.79,4,3,226,0,8
2025-08-14 05:03:09.822246,599.78,33.71,60.7,0.0,19.27,5,3,226,0,8
2025-08-14 06:03:09.822246,407.82,25.15,70.07,0.0,15.19,6,3,226,0,8
2025-08-14 07:03:09.822246,571.74,27.57,65.05,0.0,22.95,7,3,226,0,8
2025-08-14 08:03:09.822246,627.92,28.33,88.95,0.0,16.5,8,3,226,0,8
2025-08-14 09:03:09.822246,605.17,29.08,79.7,0.0,18.09,9,3,226,0,8
2025-08-14 10:03:09.822246,677.4,25.52,66.77,0.0,17.24,10,3,226,0,8
2025-08-14 11:03:09.822246,538.83,33.41,77.43,0.0,19.86,11,3,226,0,8
2025-08-14 12:03:09.822246,572.47,25.34,56.33,0.0,12.19,12,3,226,0,8
2025-08-14 13:03:09.822246,612.44,34.18,71.16,0.0,13.78,13,3,226,0,8
2025-08-14 14:03:09.822246,682.03,43.58,59.28,0.0,5.49,14,3,226,0,8
2025-08-14 15:03:09.822246,491.94,25.75,51.77,0.0,9.57,15,3,226,0,8
2025-08-14 16:03:09.822246,611.94,30.97,76.5,0.0,4.72,16,3,226,0,8
2025-08-14 17:03:09.822246,544.19,19.78,77.74,0.0,6.8,17,3,226,0,8
2025-08-14 18:03:09.822246,528.24,30.89,73.23,0.0,11.5,18,3,226,0,8
2025-08-14 19:03:09.822246,533.97,35.61,66.83,0.0,4.4,19,3,226,0,8
2025-08-14 20:03:09.822246,465.2,36.0,55.99,7.86,5.58,20,3,226,0,8
2025-08-14 21:03:09.822246,428.28,32.78,57.04,0.0,10.15,21,3,226,0,8
2025-08-14 22:03:09.822246,606.75,36.84,58.96,0.0,12.62,22,3,226,0,8
2025-08-14 23:03:09.822246,597.13,45.13,66.32,0.0,0.5,23,3,226,0,8
2025-08-15 00:03:09.822246,520.55,40.81,79.73,0.0,9.27,0,4,227,0,8
2025-08-15 01:03:09.822246,492.45,29.64,79.57,0.0,18.78,1,4,227,0,8
2025-08-15 02:03:09.822246,342.51,24.99,52.48,0.0,28.21,2,4,227,0,8
2025-08-15 03:03:09.822246,467.68,30.22,62.03,0.0,14.66,3,4,227,0,8
2025-08-15 04:03:09.822246,594.07,27.51,61.76,0.0,20.8,4,4,227,0,8
2025-08-15 05:03:09.822246,465.01,34.5,43.65,0.0,25.88,5,4,227,0,8
2025-08-15 06:03:09.822246,465.16,26.34,74.63,0.0,20.14,6,4,227,0,8
2025-08-15 07:03:09.822246,546.69,31.88,66.5,0.0,27.37,7,4,227,0,8
2025-08-15 08:03:09.822246,502.58,36.44,67.83,0.0,27.25,8,4,227,0,8
2025-08-15 09:03:09.822246,535.46,31.74,82.42,0.0,24.27,9,4,227,0,8
2025-08-15 10:03:09.822246,571.89,27.52,69.85,6.1,21.01,10,4,227,0,8
2025-08-15 11:03:09.822246,652.5,38.12,64.66,0.0,12.51,11,4,227,0,8
2025-08-15 12:03:09.822246,745.49,22.85,74.69,0.0,13.52,12,4,227,0,8
2025-08-15 13:03:09.822246,516.16,30.61,79.55,0.0,18.76,13,4,227,0,8
2025-08-15 14:03:09.822246,647.96,32.04,71.93,0.0,11.82,14,4,227,0,8
2025-08-15 15:03:09.822246,559.27,32.33,75.86,0.0,0.0,15,4,227,0,8
2025-08-15 16:03:09.822246,619.86,33.15,67.51,0.0,10.44,16,4,227,0,8
2025-08-15 17:03:09.822246,541.11,35.3,68.15,0.0,7.38,17,4,227,0,8
2025-08-15 18:03:09.822246,475.09,32.07,70.09,0.0,3.28,18,4,227,0,8
2025-08-15 19:03:09.822246,547.87,30.41,61.43,0.0,4.3,19,4,227,0,8
2025-08-15 20:03:09.822246,409.01,30.21,63.28,0.0,3.27,20,4,227,0,8
2025-08-15 21:03:09.822246,517.9,29.19,82.74,0.0,8.3,21,4,227,0,8
2025-08-15 22:03:09.822246,574.07,36.19,89.04,0.0,10.02,22,4,227,0,8
2025-08-15 23:03:09.822246,562.74,29.02,84.89,0.0,11.18,23,4,227,0,8
2025-08-16 00:03:09.822246,532.7,36.33,56.04,0.0,16.32,0,5,228,1,8
2025-08-16 01:03:09.822246,445.74,32.19,55.07,0.0,16.96,1,5,228,1,8
2025-08-16 02:03:09.822246,439.87,29.49,57.36,0.0,25.01,2,5,228,1,8
2025-08-16 03:03:09.822246,430.4,35.19,70.61,0.0,26.24,3,5,228,1,8
2025-08-16 04:03:09.822246,364.91,28.46,41.18,0.0,16.92,4,5,228,1,8
2025-08-16 05:03:09.822246,486.24,35.29,63.38,0.0,26.52,5,5,228,1,8
2025-08-16 06:03:09.822246,514.16,33.16,83.34,0.0,23.61,6,5,228,1,8
2025-08-16 07:03:09.822246,407.3,29.12,79.1,0.0,19.81,7,5,228,1,8
2025-08-16 08:03:09.822246,470.19,34.74,64.18,0.0,25.31,8,5,228,1,8
2025-08-16 09:03:09.822246,456.58,34.83,64.94,0.0,24.1,9,5,228,1,8
2025-08-16 10:03:09.822246,585.84,37.88,74.94,0.0,33.8,10,5,228,1,8
2025-08-16 11:03:09.822246,563.11,36.93,78.62,0.0,6.49,11,5,228,1,8
2025-08-16 12:03:09.822246,641.03,34.55,63.94,0.0,12.65,12,5,228,1,8
2025-08-16 13:03:09.822246,458.76,26.46,66.93,0.0,24.96,13,5,228,1,8
2025-08-16 14:03:09.822246,529.97,44.34,63.61,0.0,6.24,14,5,228,1,8
2025-08-16 15:03:09.822246,483.55,25.08,55.96,0.0,9.75,15,5,228,1,8
2025-08-16 16:03:09.822246,538.32,36.84,67.07,0.0,7.36,16,5,228,1,8
2025-08-16 17:03:09.822246,434.2,34.25,66.31,0.0,5.77,17,5,228,1,8
2025-08-16 18:03:09.822246,356.12,26.23,56.66,0.0,2.18,18,5,228,1,8
2025-08-16 19:03:09.822246,474.92,31.48,75.73,0.0,2.92,19,5,228,1,8
2025-08-16 20:03:09.822246,470.03,31.7,74.1,0.0,7.93,20,5,228,1,8
2025-08-16 21:03:09.822246,433.21,38.63,76.23,0.0,6.98,21,5,228,1,8
2025-08-16 22:03:09.822246,494.86,28.53,61.59,0.0,11.53,22,5,228,1,8
2025-08-16 23:03:09.822246,481.41,30.79,49.44,0.0,14.8,23,5,228,1,8
2025-08-17 00:03:09.822246,358.81,20.26,74.25,0.0,19.92,0,6,229,1,8
2025-08-17 01:03:09.822246,466.18,40.62,62.93,28.63,22.91,1,6,229,1,8
2025-08-17 02:03:09.822246,433.47,26.59,60.67,0.0,20.86,2,6,229,1,8
2025-08-17 03:03:09.822246,419.25,33.58,57.0,0.0,16.48,3,6,229,1,8
2025-08-17 04:03:09.822246,381.35,31.44,66.82,0.0,30.03,4,6,229,1,8
2025-08-17 05:03:09.822246,320.32,31.45,85.35,0.0,26.41,5,6,229,1,8
2025-08-17 06:03:09.822246,489.46,35.99,64.52,0.0,29.24,6,6,229,1,8
2025-08-17 07:03:09.822246,423.45,40.3,58.68,0.0,27.08,7,6,229,1,8
2025-08-17 08:03:09.822246,532.29,33.2,76.09,0.0,22.67,8,6,229,1,8
2025-08-17 09:03:09.822246,517.18,35.22,71.3,0.0,20.52,9,6,229,1,8
2025-08-17 10:03:09.822246,512.16,33.59,48.38,0.0,28.13,10,6,229,1,8
2025-08-17 11:03:09.822246,513.68,37.03,76.2,0.0,18.22,11,6,229,1,8
2025-08-17 12:03:09.822246,510.29,29.63,90.86,0.0,14.94,12,6,229,1,8
2025-08-17 13:03:09.822246,629.22,37.32,43.57,0.0,8.57,13,6,229,1,8
2025-08-17 14:03:09.822246,418.81,37.5,57.22,0.0,8.8,14,6,229,1,8
2025-08-17 15:03:09.822246,578.96,37.36,41.09,0.0,12.97,15,6,229,1,8
2025-08-17 16:03:09.822246,474.39,28.64,68.82,0.0,6.84,16,6,229,1,8
2025-08-17 17:03:09.822246,390.18,31.1,79.48,0.0,12.1,17,6,229,1,8
2025-08-17 18:03:09.822246,416.98,33.14,70.63,0.0,6.95,18,6,229,1,8
2025-08-17 19:03:09.822246,480.15,25.09,83.49,0.0,6.12,19,6,229,1,8
2025-08-17 20:03:09.822246,434.25,39.92,77.88,0.0,4.35,20,6,229,1,8
2025-08-17 21:03:09.822246,387.61,31.88,86.6,0.0,8.47,21,6,229,1,8
2025-08-17 22:03:09.822246,492.76,33.36,81.18,2.22,5.99,22,6,229,1,8
2025-08-17 23:03:09.822246,458.22,29.06,65.55,0.0,15.81,23,6,229,1,8
2025-08-18 00:03:09.822246,394.38,25.15,70.54,0.0,14.98,0,0,230,0,8
2025-08-18 01:03:09.822246,510.05,28.76,61.19,0.0,16.63,1,0,230,0,8
2025-08-18 02:03:09.822246,484.4,32.88,67.57,0.0,18.94,2,0,230,0,8
2025-08-18 03:03:09.822246,590.26,35.15,70.49,0.0,25.74,3,0,230,0,8
2025-08-18 04:03:09.822246,529.43,32.59,69.03,0.0,20.76,4,0,230,0,8
2025-08-18 05:03:09.822246,549.12,33.52,83.3,0.0,30.0,5,0,230,0,8
2025-08-18 06:03:09.822246,516.92,30.1,66.57,0.0,23.07,6,0,230,0,8
2025-08-18 07:03:09.822246,635.79,34.27,60.55,0.0,28.03,7,0,230,0,8
2025-08-18 08:03:09.822246,588.83,39.2,61.18,0.0,21.53,8,0,230,0,8
2025-08-18 09:03:09.822246,554.2,35.31,76.43,0.0,19.38,9,0,230,0,8
2025-08-18 10:03:09.822246,634.54,35.83,55.84,0.0,27.6,10,0,230,0,8
2025-08-18 11:03:09.822246,741.95,33.25,67.86,0.0,21.11,11,0,230,0,8
2025-08-18 12:03:09.822246,522.83,24.27,83.15,0.0,15.63,12,0,230,0,8
2025-08-18 13:03:09.822246,548.59,26.56,72.8,0.0,5.21,13,0,230,0,8
2025-08-18 14:03:09.822246,665.5,34.06,69.13,0.0,12.19,14,0,230,0,8
2025-08-18 15:03:09.822246,560.01,31.73,69.52,0.0,13.11,15,0,230,0,8
2025-08-18 16:03:09.822246,513.26,33.98,59.58,0.0,7.36,16,0,230,0,8
2025-08-18 17:03:09.822246,638.55,40.17,61.3,0.0,5.52,17,0,230,0,8
2025-08-18 18:03:09.822246,612.56,35.41,67.92,0.0,6.02,18,0,230,0,8
2025-08-18 19:03:09.822246,553.37,38.08,72.59,0.0,7.58,19,0,230,0,8
2025-08-18 20:03:09.822246,453.36,32.26,79.36,0.0,3.5,20,0,230,0,8
2025-08-18 21:03:09.822246,455.71,27.75,70.8,0.0,7.89,21,0,230,0,8
2025-08-18 22:03:09.822246,514.7,31.5,83.4,0.0,10.69,22,0,230,0,8
2025-08-18 23:03:09.822246,523.04,27.76,85.93,0.0,17.22,23,0,230,0,8
2025-08-19 00:03:09.822246,577.49,39.41,78.13,0.0,4.35,0,1,231,0,8
2025-08-19 01:03:09.822246,529.57,35.58,82.42,0.0,22.53,1,1,231,0,8
2025-08-19 02:03:09.822246,507.59,34.23,60.27,0.0,12.38,2,1,231,0,8
2025-08-19 03:03:09.822246,466.85,37.8,58.68,0.0,18.84,3,1,231,0,8
2025-08-19 04:03:09.822246,529.75,21.52,75.35,0.0,23.67,4,1,231,0,8
2025-08-19 05:03:09.822246,575.58,34.56,56.76,0.0,28.3,5,1,231,0,8
2025-08-19 06:03:09.822246,383.19,25.07,67.27,0.0,30.55,6,1,231,0,8
2025-08-19 07:03:09.822246,615.36,31.59,77.89,0.0,21.35,7,1,231,0,8
2025-08-19 08:03:09.822246,591.52,30.06,84.31,0.0,26.71,8,1,231,0,8
2025-08-19 09:03:09.822246,674.97,34.93,67.63,3.79,17.84,9,1,231,0,8
2025-08-19 10:03:09.822246,508.77,32.76,63.67,0.0,14.36,10,1,231,0,8
2025-08-19 11:03:09.822246,531.07,38.35,73.38,0.0,25.44,11,1,231,0,8
2025-08-19 12:03:09.822246,558.09,28.61,59.44,0.0,22.63,12,1,231,0,8
2025-08-19 13:03:09.822246,651.63,35.17,68.44,0.0,10.89,13,1,231,0,8
2025-08-19 14:03:09.822246,695.88,32.43,70.09,0.0,2.97,14,1,231,0,8
2025-08-19 15:03:09.822246,519.64,23.45,69.89,0.0,2.36,15,1,231,0,8
2025-08-19 16:03:09.822246,528.39,27.03,71.06,0.0,11.9,16,1,231,0,8
2025-08-19 17:03:09.822246,463.81,30.87,61.83,0.0,7.44,17,1,231,0,8
2025-08-19 18:03:09.822246,572.79,37.18,62.9,0.0,0.0,18,1,231,0,8
2025-08-19 19:03:09.822246,458.73,33.94,62.7,0.0,6.25,19,1,231,0,8
2025-08-19 20:03:09.822246,561.18,25.79,53.97,0.0,2.47,20,1,231,0,8
2025-08-19 21:03:09.822246,488.23,30.92,73.59,8.06,0.18,21,1,231,0,8
2025-08-19 22:03:09.822246,593.03,41.71,79.12,0.0,4.74,22,1,231,0,8
2025-08-19 23:03:09.822246,573.56,32.18,78.14,0.0,17.81,23,1,231,0,8
2025-08-20 00:03:09.822246,505.46,29.82,67.84,0.0,6.62,0,2,232,0,8
2025-08-20 01:03:09.822246,496.93,33.92,62.36,0.0,16.91,1,2,232,0,8
2025-08-20 02:03:09.822246,475.47,35.28,77.91,0.0,14.5,2,2,232,0,8
2025-08-20 03:03:09.822246,501.1,29.18,76.86,0.0,28.0,3,2,232,0,8
2025-08-20 04:03:09.822246,522.65,33.97,72.64,0.0,22.71,4,2,232,0,8
2025-08-20 05:03:09.822246,485.13,29.81,87.91,0.0,29.78,5,2,232,0,8
2025-08-20 06:03:09.822246,538.87,35.05,70.2,0.0,21.38,6,2,232,0,8
2025-08-20 07:03:09.822246,591.67,32.31,67.9,0.0,25.72,7,2,232,0,8
2025-08-20 08:03:09.822246,466.19,33.87,66.47,0.0,20.35,8,2,232,0,8
2025-08-20 09:03:09.822246,569.14,27.66,54.86,0.0,15.28,9,2,232,0,8
2025-08-20 10:03:09.822246,539.66,27.35,77.08,0.0,15.76,10,2,232,0,8
2025-08-20 11:03:09.822246,550.34,36.19,69.41,0.0,15.46,11,2,232,0,8
2025-08-20 12:03:09.822246,528.36,31.06,75.57,0.0,8.5,12,2,232,0,8
2025-08-20 13:03:09.822246,564.54,32.88,88.89,0.0,16.38,13,2,232,0,8
2025-08-20 14:03:09.822246,512.61,29.93,66.56,0.0,5.75,14,2,232,0,8
2025-08-20 15:03:09.822246,552.65,35.95,47.09,0.0,13.14,15,2,232,0,8
2025-08-20 16:03:09.822246,612.25,28.42,75.28,0.0,2.54,16,2,232,0,8
2025-08-20 17:03:09.822246,506.69,30.78,72.14,0.0,3.54,17,2,232,0,8
2025-08-20 18:03:09.822246,506.15,35.39,63.14,0.0,0.89,18,2,232,0,8
2025-08-20 19:03:09.822246,534.85,37.32,74.44,0.0,5.26,19,2,232,0,8
2025-08-20 20:03:09.822246,474.08,28.84,78.33,0.0,2.31,20,2,232,0,8
2025-08-20 21:03:09.822246,573.7,41.26,61.0,0.0,3.45,21,2,232,0,8
2025-08-20 22:03:09.822246,452.4,33.02,67.45,0.0,17.44,22,2,232,0,8
2025-08-20 23:03:09.822246,581.31,26.24,85.24,0.0,18.33,23,2,232,0,8
2025-08-21 00:03:09.822246,611.22,33.14,63.54,0.0,24.83,0,3,233,0,8
2025-08-21 01:03:09.822246,404.55,29.38,71.43,0.0,16.98,1,3,233,0,8
2025-08-21 02:03:09.822246,479.35,33.46,44.52,0.0,10.6,2,3,233,0,8
2025-08-21 03:03:09.822246,505.08,31.08,55.94,26.17,21.72,3,3,233,0,8
2025-08-21 04:03:09.822246,484.91,31.66,72.34,0.0,19.88,4,3,233,0,8
2025-08-21 05:03:09.822246,492.15,26.73,83.04,0.0,22.32,5,3,233,0,8
2025-08-21 06:03:09.822246,495.97,36.24,57.14,0.0,24.79,6,3,233,0,8
2025-08-21 07:03:09.822246,589.36,25.51,71.51,0.0,33.26,7,3,233,0,8
2025-08-21 08:03:09.822246,593.98,25.75,67.0,0.0,24.16,8,3,233,0,8
2025-08-21 09:03:09.822246,543.88,33.13,80.29,0.0,32.4,9,3,233,0,8
2025-08-21 10:03:09.822246,665.47,39.3,58.58,0.0,16.62,10,3,233,0,8
2025-08-21 11:03:09.822246,635.21,29.53,75.06,0.0,24.99,11,3,233,0,8
2025-08-21 12:03:09.822246,596.24,34.79,64.22,5.27,15.84,12,3,233,0,8
2025-08-21 13:03:09.822246,610.47,36.66,72.99,0.0,2.04,13,3,233,0,8
2025-08-21 14:03:09.822246,583.35,35.36,71.45,0.0,10.89,14,3,233,0,8
2025-08-21 15:03:09.822246,630.34,29.73,68.24,1.84,11.45,15,3,233,0,8
2025-08-21 16:03:09.822246,543.72,25.83,75.54,0.0,0.0,16,3,233,0,8
2025-08-21 17:03:09.822246,407.44,20.25,71.2,0.0,3.95,17,3,233,0,8
2025-08-21 18:03:09.822246,455.04,29.98,69.43,0.0,2.42,18,3,233,0,8
2025-08-21 19:03:09.822246,547.46,37.18,67.2,0.0,10.18,19,3,233,0,8
2025-08-21 20:03:09.822246,471.72,25.67,71.54,0.0,4.15,20,3,233,0,8
2025-08-21 21:03:09.822246,605.61,34.79,72.98,0.0,6.0,21,3,233,0,8
2025-08-21 22:03:09.822246,410.26,26.54,60.87,0.0,5.63,22,3,233,0,8
2025-08-21 23:03:09.822246,537.5,31.82,67.27,0.0,7.65,23,3,233,0,8
2025-08-22 00:03:09.822246,578.46,34.66,60.5,0.0,10.09,0,4,234,0,8
2025-08-22 01:03:09.822246,555.53,27.82,70.65,0.0,11.62,1,4,234,0,8
2025-08-22 02:03:09.822246,504.39,31.97,65.13,2.73,13.76,2,4,234,0,8
2025-08-22 03:03:09.822246,506.14,29.04,78.76,4.03,29.54,3,4,234,0,8
2025-08-22 04:03:09.822246,502.2,34.64,77.78,0.0,30.63,4,4,234,0,8
2025-08-22 05:03:09.822246,525.07,32.29,61.82,0.0,30.4,5,4,234,0,8
2025-08-22 06:03:09.822246,500.27,31.4,71.03,0.0,25.37,6,4,234,0,8
2025-08-22 07:03:09.822246,566.54,38.91,77.43,0.0,22.53,7,4,234,0,8
2025-08-22 08:03:09.822246,433.93,34.43,69.3,0.0,26.26,8,4,234,0,8
2025-08-22 09:03:09.822246,613.95,27.67,63.77,0.0,29.43,9,4,234,0,8
2025-08-22 10:03:09.822246,566.38,30.69,60.12,0.0,21.13,10,4,234,0,8
2025-08-22 11:03:09.822246,579.67,30.74,79.59,3.29,15.62,11,4,234,0,8
2025-08-22 12:03:09.822246,720.09,31.52,80.08,0.0,17.95,12,4,234,0,8
2025-08-22 13:03:09.822246,602.38,43.74,68.97,0.0,29.18,13,4,234,0,8
2025-08-22 14:03:09.822246,619.31,32.97,78.71,0.0,6.05,14,4,234,0,8
2025-08-22 15:03:09.822246,643.65,20.94,41.4,0.0,2.72,15,4,234,0,8
2025-08-22 16:03:09.822246,536.1,28.4,84.32,9.66,12.46,16,4,234,0,8
2025-08-22 17:03:09.822246,456.66,21.46,69.48,0.0,10.52,17,4,234,0,8
2025-08-22 18:03:09.822246,521.87,29.47,72.47,0.0,0.0,18,4,234,0,8
2025-08-22 19:03:09.822246,501.97,21.18,67.84,0.0,6.89,19,4,234,0,8
2025-08-22 20:03:09.822246,489.97,26.76,85.01,0.0,4.63,20,4,234,0,8
2025-08-22 21:03:09.822246,381.85,23.51,60.44,0.0,1.7,21,4,234,0,8
2025-08-22 22:03:09.822246,495.25,33.04,85.79,0.0,4.04,22,4,234,0,8
2025-08-22 23:03:09.822246,463.31,31.12,75.01,0.0,9.54,23,4,234,0,8
2025-08-23 00:03:09.822246,416.23,32.46,77.56,0.0,15.8,0,5,235,1,8
2025-08-23 01:03:09.822246,448.22,30.42,68.04,0.0,21.11,1,5,235,1,8
2025-08-23 02:03:09.822246,447.67,23.97,58.25,0.0,18.02,2,5,235,1,8
2025-08-23 03:03:09.822246,377.13,33.51,80.64,0.0,20.72,3,5,235,1,8
2025-08-23 04:03:09.822246,544.4,40.55,74.45,0.0,26.56,4,5,235,1,8
2025-08-23 05:03:09.822246,448.73,32.99,84.95,0.0,23.13,5,5,235,1,8
2025-08-23 06:03:09.822246,487.04,28.81,69.4,0.0,23.69,6,5,235,1,8
2025-08-23 07:03:09.822246,468.41,23.8,67.14,0.0,30.5,7,5,235,1,8
2025-08-23 08:03:09.822246,519.22,26.4,85.21,0.0,21.77,8,5,235,1,8
2025-08-23 09:03:09.822246,478.84,33.21,90.45,0.0,19.0,9,5,235,1,8
2025-08-23 10:03:09.822246,656.49,36.31,71.43,0.0,16.99,10,5,235,1,8
2025-08-23 11:03:09.822246,555.4,32.25,63.81,0.0,16.74,11,5,235,1,8
2025-08-23 12:03:09.822246,542.93,34.94,79.44,0.0,21.36,12,5,235,1,8
2025-08-23 13:03:09.822246,658.69,34.48,68.79,0.0,14.58,13,5,235,1,8
2025-08-23 14:03:09.822246,571.81,33.48,77.33,0.0,9.38,14,5,235,1,8
2025-08-23 15:03:09.822246,505.71,27.65,68.74,0.0,7.39,15,5,235,1,8
2025-08-23 16:03:09.822246,387.37,31.81,86.97,0.0,10.2,16,5,235,1,8
2025-08-23 17:03:09.822246,341.84,26.7,64.34,0.0,4.77,17,5,235,1,8
2025-08-23 18:03:09.822246,476.15,31.03,76.14,0.0,4.36,18,5,235,1,8
2025-08-23 19:03:09.822246,427.93,32.6,66.45,0.0,7.01,19,5,235,1,8
2025-08-23 20:03:09.822246,460.15,39.34,68.52,0.0,2.76,20,5,235,1,8
2025-08-23 21:03:09.822246,406.8,24.39,67.21,0.0,17.71,21,5,235,1,8
2025-08-23 22:03:09.822246,471.93,33.35,78.72,0.0,19.44,22,5,235,1,8
2025-08-23 23:03:09.822246,473.39,38.35,80.52,0.0,12.85,23,5,235,1,8
2025-08-24 00:03:09.822246,372.29,34.56,77.19,0.0,14.41,0,6,236,1,8
2025-08-24 01:03:09.822246,456.09,34.93,70.54,0.0,13.17,1,6,236,1,8
2025-08-24 02:03:09.822246,395.89,33.7,73.02,0.0,20.38,2,6,236,1,8
2025-08-24 03:03:09.822246,454.13,37.26,80.59,0.0,17.11,3,6,236,1,8
2025-08-24 04:03:09.822246,372.94,25.33,80.91,0.0,22.9,4,6,236,1,8
2025-08-24 05:03:09.822246,380.45,23.84,44.71,0.0,28.38,5,6,236,1,8
2025-08-24 06:03:09.822246,342.29,30.73,68.89,0.0,30.18,6,6,236,1,8
2025-08-24 07:03:09.822246,382.56,19.96,69.37,0.0,31.95,7,6,236,1,8
2025-08-24 08:03:09.822246,485.47,36.92,78.31,0.0,25.97,8,6,236,1,8
2025-08-24 09:03:09.822246,375.31,36.87,70.95,0.0,17.68,9,6,236,1,8
2025-08-24 10:03:09.822246,605.48,28.6,78.81,0.0,27.36,10,6,236,1,8
2025-08-24 11:03:09.822246,569.18,28.91,60.83,0.0,22.4,11,6,236,1,8
2025-08-24 12:03:09.822246,521.54,30.4,74.22,0.0,12.97,12,6,236,1,8
2025-08-24 13:03:09.822246,526.26,31.03,80.62,0.0,7.44,13,6,236,1,8
2025-08-24 14:03:09.822246,455.46,31.4,56.87,0.0,10.98,14,6,236,1,8
2025-08-24 15:03:09.822246,602.57,33.56,96.75,0.0,14.46,15,6,236,1,8
2025-08-24 16:03:09.822246,577.78,29.9,83.52,0.0,4.21,16,6,236,1,8
2025-08-24 17:03:09.822246,486.22,35.48,71.63,0.0,6.12,17,6,236,1,8
2025-08-24 18:03:09.822246,466.88,32.99,63.33,0.0,7.98,18,6,236,1,8
2025-08-24 19:03:09.822246,436.65,27.73,69.87,0.0,0.0,19,6,236,1,8
2025-08-24 20:03:09.822246,405.89,37.44,72.45,0.0,3.26,20,6,236,1,8
2025-08-24 21:03:09.822246,365.39,23.97,76.02,0.0,16.05,21,6,236,1,8
2025-08-24 22:03:09.822246,441.32,30.3,86.62,0.0,0.35,22,6,236,1,8
2025-08-24 23:03:09.822246,466.04,35.6,66.86,0.0,18.43,23,6,236,1,8
2025-08-25 00:03:09.822246,471.94,26.97,77.52,0.0,20.96,0,0,237,0,8
2025-08-25 01:03:09.822246,508.63,32.13,58.97,0.0,19.72,1,0,237,0,8
2025-08-25 02:03:09.822246,521.06,33.3,67.76,0.0,20.73,2,0,237,0,8
2025-08-25 03:03:09.822246,545.78,26.28,75.66,0.0,13.87,3,0,237,0,8
2025-08-25 04:03:09.822246,455.08,30.22,78.81,0.0,26.1,4,0,237,0,8
2025-08-25 05:03:09.822246,453.69,29.8,64.36,0.0,22.51,5,0,237,0,8
2025-08-25 06:03:09.822246,402.32,27.83,67.49,0.0,31.06,6,0,237,0,8
2025-08-25 07:03:09.822246,631.69,42.09,86.5,0.0,26.34,7,0,237,0,8
2025-08-25 08:03:09.822246,430.96,26.77,83.51,0.0,15.92,8,0,237,0,8
2025-08-25 09:03:09.822246,671.93,35.61,73.98,0.0,18.24,9,0,237,0,8
2025-08-25 10:03:09.822246,652.69,28.62,49.53,0.0,12.21,10,0,237,0,8
2025-08-25 11:03:09.822246,561.77,25.15,97.01,0.26,10.93,11,0,237,0,8
2025-08-25 12:03:09.822246,482.51,31.1,71.7,0.0,19.31,12,0,237,0,8
2025-08-25 13:03:09.822246,604.17,33.83,68.77,0.0,11.19,13,0,237,0,8
2025-08-25 14:03:09.822246,637.12,35.19,66.67,0.0,6.38,14,0,237,0,8
2025-08-25 15:03:09.822246,546.68,38.4,75.66,0.0,7.79,15,0,237,0,8
2025-08-25 16:03:09.822246,641.73,45.31,75.76,0.0,4.43,16,0,237,0,8
2025-08-25 17:03:09.822246,642.22,31.84,81.4,0.0,6.12,17,0,237,0,8
2025-08-25 18:03:09.822246,543.26,27.27,62.63,0.0,15.63,18,0,237,0,8
2025-08-25 19:03:09.822246,454.48,32.85,68.77,0.0,5.25,19,0,237,0,8
2025-08-25 20:03:09.822246,416.84,29.25,92.2,0.0,11.94,20,0,237,0,8
2025-08-25 21:03:09.822246,498.4,35.21,74.14,0.0,0.0,21,0,237,0,8
2025-08-25 22:03:09.822246,446.14,24.1,70.17,0.0,8.11,22,0,237,0,8
2025-08-25 23:03:09.822246,584.73,42.43,62.48,0.0,6.16,23,0,237,0,8
2025-08-26 00:03:09.822246,497.88,34.68,77.23,0.0,16.19,0,1,238,0,8
2025-08-26 01:03:09.822246,482.2,21.98,82.48,0.0,21.44,1,1,238,0,8
2025-08-26 02:03:09.822246,585.63,26.85,80.92,0.0,24.38,2,1,238,0,8
2025-08-26 03:03:09.822246,583.74,34.48,69.58,0.0,21.41,3,1,238,0,8
2025-08-26 04:03:09.822246,548.27,36.28,75.78,0.0,29.73,4,1,238,0,8
2025-08-26 05:03:09.822246,472.65,24.04,88.89,2.85,26.25,5,1,238,0,8
2025-08-26 06:03:09.822246,504.37,33.96,82.88,0.0,27.86,6,1,238,0,8
2025-08-26 07:03:09.822246,534.34,20.66,64.33,0.0,22.29,7,1,238,0,8
2025-08-26 08:03:09.822246,528.29,29.95,46.71,0.0,21.0,8,1,238,0,8
2025-08-26 09:03:09.822246,626.49,35.96,75.14,0.0,20.55,9,1,238,0,8
2025-08-26 10:03:09.822246,607.58,27.64,80.16,0.0,26.43,10,1,238,0,8
2025-08-26 11:03:09.822246,514.55,22.86,61.28,0.0,15.22,11,1,238,0,8
2025-08-26 12:03:09.822246,539.4,31.13,72.08,0.0,7.33,12,1,238,0,8
2025-08-26 13:03:09.822246,585.86,27.38,69.53,0.0,11.39,13,1,238,0,8
2025-08-26 14:03:09.822246,576.03,33.55,73.21,0.0,7.02,14,1,238,0,8
2025-08-26 15:03:09.822246,602.56,25.97,66.72,0.0,13.16,15,1,238,0,8
2025-08-26 16:03:09.822246,535.01,26.54,85.07,0.0,7.14,16,1,238,0,8
2025-08-26 17:03:09.822246,538.46,20.29,73.65,0.0,7.64,17,1,238,0,8
2025-08-26 18:03:09.822246,457.22,31.25,63.38,0.0,10.42,18,1,238,0,8
2025-08-26 19:03:09.822246,580.04,29.59,81.34,0.0,6.9,19,1,238,0,8
2025-08-26 20:03:09.822246,353.65,24.46,59.53,0.0,1.47,20,1,238,0,8
2025-08-26 21:03:09.822246,554.41,31.37,85.01,0.0,9.87,21,1,238,0,8
2025-08-26 22:03:09.822246,545.82,35.53,82.08,0.0,16.05,22,1,238,0,8
2025-08-26 23:03:09.822246,456.24,29.32,86.07,0.0,12.42,23,1,238,0,8
2025-08-27 00:03:09.822246,539.63,31.55,70.86,0.0,15.4,0,2,239,0,8
2025-08-27 01:03:09.822246,535.62,31.58,67.48,0.0,15.02,1,2,239,0,8
2025-08-27 02:03:09.822246,365.13,24.19,73.28,0.0,21.03,2,2,239,0,8
2025-08-27 03:03:09.822246,584.9,40.49,71.6,0.0,24.39,3,2,239,0,8
2025-08-27 04:03:09.822246,358.2,27.86,65.91,0.0,29.5,4,2,239,0,8
2025-08-27 05:03:09.822246,516.42,33.49,66.9,0.0,33.41,5,2,239,0,8
2025-08-27 06:03:09.822246,582.23,34.06,68.78,0.0,27.57,6,2,239,0,8
2025-08-27 07:03:09.822246,508.55,29.51,60.74,0.0,32.24,7,2,239,0,8
2025-08-27 08:03:09.822246,491.55,33.25,79.22,0.0,25.38,8,2,239,0,8
2025-08-27 09:03:09.822246,578.16,31.44,71.92,0.0,25.17,9,2,239,0,8
2025-08-27 10:03:09.822246,638.19,23.12,69.36,0.0,32.91,10,2,239,0,8
2025-08-27 11:03:09.822246,521.21,28.55,61.34,0.0,17.16,11,2,239,0,8
2025-08-27 12:03:09.822246,544.82,27.15,60.84,0.0,9.43,12,2,239,0,8
2025-08-27 13:03:09.822246,632.98,27.9,91.8,0.0,23.5,13,2,239,0,8
2025-08-27 14:03:09.822246,655.43,23.69,66.17,0.62,13.4,14,2,239,0,8
2025-08-27 15:03:09.822246,589.0,35.84,78.55,0.0,2.15,15,2,239,0,8
2025-08-27 16:03:09.822246,530.67,38.22,74.07,0.0,5.62,16,2,239,0,8
2025-08-27 17:03:09.822246,627.49,35.1,44.69,0.0,7.67,17,2,239,0,8
2025-08-27 18:03:09.822246,645.17,36.56,90.37,0.0,1.32,18,2,239,0,8
2025-08-27 19:03:09.822246,511.83,28.49,79.28,0.0,0.0,19,2,239,0,8
2025-08-27 20:03:09.822246,444.44,27.03,64.76,0.0,10.46,20,2,239,0,8
2025-08-27 21:03:09.822246,466.17,26.32,72.16,0.0,0.0,21,2,239,0,8
2025-08-27 22:03:09.822246,508.81,33.43,60.95,0.0,7.42,22,2,239,0,8
2025-08-27 23:03:09.822246,525.7,31.35,90.7,0.0,9.71,23,2,239,0,8
2025-08-28 00:03:09.822246,574.38,29.63,63.63,0.0,10.04,0,3,240,0,8
2025-08-28 01:03:09.822246,609.92,36.5,67.48,0.0,15.84,1,3,240,0,8
2025-08-28 02:03:09.822246,459.68,32.05,65.41,0.0,19.01,2,3,240,0,8
2025-08-28 03:03:09.822246,585.2,25.83,73.51,0.0,6.91,3,3,240,0,8
2025-08-28 04:03:09.822246,475.76,26.62,86.41,0.0,25.04,4,3,240,0,8
2025-08-28 05:03:09.822246,580.67,33.43,90.6,0.0,28.78,5,3,240,0,8
2025-08-28 06:03:09.822246,624.53,35.23,68.72,0.0,32.35,6,3,240,0,8
2025-08-28 07:03:09.822246,511.44,32.78,76.49,0.0,24.41,7,3,240,0,8
2025-08-28 08:03:09.822246,643.79,39.51,73.53,0.0,12.89,8,3,240,0,8
2025-08-28 09:03:09.822246,539.76,38.2,62.89,0.0,26.26,9,3,240,0,8
2025-08-28 10:03:09.822246,483.17,32.23,96.93,0.0,20.36,10,3,240,0,8
2025-08-28 11:03:09.822246,599.56,25.83,86.34,0.0,21.35,11,3,240,0,8
2025-08-28 12:03:09.822246,656.43,23.47,74.6,0.0,15.55,12,3,240,0,8
2025-08-28 13:03:09.822246,460.4,28.08,88.53,0.0,15.18,13,3,240,0,8
2025-08-28 14:03:09.822246,604.64,33.79,84.83,0.0,5.47,14,3,240,0,8
2025-08-28 15:03:09.822246,644.0,39.15,73.53,0.0,2.17,15,3,240,0,8
2025-08-28 16:03:09.822246,535.7,32.11,75.97,0.0,5.7,16,3,240,0,8
2025-08-28 17:03:09.822246,542.43,35.86,87.83,5.05,5.16,17,3,240,0,8
2025-08-28 18:03:09.822246,449.34,28.79,63.25,0.0,0.98,18,3,240,0,8
2025-08-28 19:03:09.822246,542.26,33.13,89.45,0.0,1.4,19,3,240,0,8
2025-08-28 20:03:09.822246,503.0,34.14,70.46,0.0,2.22,20,3,240,0,8
2025-08-28 21:03:09.822246,337.04,20.12,87.96,0.0,13.76,21,3,240,0,8
2025-08-28 22:03:09.822246,578.88,27.95,72.66,0.0,5.2,22,3,240,0,8
2025-08-28 23:03:09.822246,613.52,34.77,76.08,0.0,14.98,23,3,240,0,8
2025-08-29 00:03:09.822246,518.51,31.2,72.63,0.0,11.04,0,4,241,0,8
2025-08-29 01:03:09.822246,477.49,23.84,67.65,0.0,19.87,1,4,241,0,8
2025-08-29 02:03:09.822246,520.64,17.68,70.27,0.0,26.82,2,4,241,0,8
2025-08-29 03:03:09.822246,482.3,28.0,86.76,0.0,27.62,3,4,241,0,8
2025-08-29 04:03:09.822246,541.68,29.47,49.83,0.0,22.19,4,4,241,0,8
2025-08-29 05:03:09.822246,480.48,25.41,60.58,0.0,26.02,5,4,241,0,8
2025-08-29 06:03:09.822246,581.43,30.54,65.72,0.0,22.79,6,4,241,0,8
2025-08-29 07:03:09.822246,569.67,32.36,62.19,0.0,29.36,7,4,241,0,8
2025-08-29 08:03:09.822246,549.22,33.18,88.07,0.0,23.28,8,4,241,0,8
2025-08-29 09:03:09.822246,486.93,18.05,85.55,0.0,28.88,9,4,241,0,8
2025-08-29 10:03:09.822246,562.3,23.26,78.89,0.0,15.22,10,4,241,0,8
2025-08-29 11:03:09.822246,548.07,28.3,66.59,0.0,13.6,11,4,241,0,8
2025-08-29 12:03:09.822246,573.01,32.69,86.32,0.0,18.18,12,4,241,0,8
2025-08-29 13:03:09.822246,603.46,32.27,57.09,0.0,14.59,13,4,241,0,8
2025-08-29 14:03:09.822246,523.77,32.19,94.39,0.0,19.13,14,4,241,0,8
2025-08-29 15:03:09.822246,670.5,27.91,66.13,0.0,6.65,15,4,241,0,8
2025-08-29 16:03:09.822246,587.18,28.19,70.35,0.0,3.57,16,4,241,0,8
2025-08-29 17:03:09.822246,628.2,26.19,68.68,0.0,2.47,17,4,241,0,8
2025-08-29 18:03:09.822246,465.82,33.67,62.24,0.0,3.57,18,4,241,0,8
2025-08-29 19:03:09.822246,463.75,25.22,92.22,0.0,7.15,19,4,241,0,8
2025-08-29 20:03:09.822246,463.35,34.08,80.86,0.0,0.0,20,4,241,0,8
2025-08-29 21:03:09.822246,459.05,30.87,85.13,0.0,1.76,21,4,241,0,8
2025-08-29 22:03:09.822246,474.84,29.6,60.74,0.0,11.13,22,4,241,0,8
2025-08-29 23:03:09.822246,591.34,26.54,74.78,0.0,14.27,23,4,241,0,8
2025-08-30 00:03:09.822246,344.64,22.85,78.44,0.0,13.38,0,5,242,1,8
2025-08-30 01:03:09.822246,490.16,26.39,75.94,0.0,19.86,1,5,242,1,8
2025-08-30 02:03:09.822246,471.32,27.98,61.63,0.0,12.4,2,5,242,1,8
2025-08-30 03:03:09.822246,496.42,17.79,83.99,0.0,18.35,3,5,242,1,8
2025-08-30 04:03:09.822246,360.27,28.64,74.45,0.0,19.83,4,5,242,1,8
2025-08-30 05:03:09.822246,515.88,34.25,63.68,0.0,20.27,5,5,242,1,8
2025-08-30 06:03:09.822246,495.56,32.47,54.68,0.0,29.16,6,5,242,1,8
2025-08-30 07:03:09.822246,380.0,27.15,79.3,0.0,29.41,7,5,242,1,8
2025-08-30 08:03:09.822246,540.46,29.87,97.74,0.0,12.42,8,5,242,1,8
2025-08-30 09:03:09.822246,488.0,26.85,63.08,0.0,12.19,9,5,242,1,8
2025-08-30 10:03:09.822246,523.82,30.37,74.94,0.0,20.64,10,5,242,1,8
2025-08-30 11:03:09.822246,501.6,37.33,84.34,0.0,14.6,11,5,242,1,8
2025-08-30 12:03:09.822246,554.96,34.47,60.54,0.93,14.33,12,5,242,1,8
2025-08-30 13:03:09.822246,614.26,32.23,68.43,0.0,14.02,13,5,242,1,8
2025-08-30 14:03:09.822246,555.85,27.17,64.63,0.0,18.88,14,5,242,1,8
2025-08-30 15:03:09.822246,546.43,33.38,83.08,0.0,7.56,15,5,242,1,8
2025-08-30 16:03:09.822246,408.76,21.2,86.49,0.0,10.63,16,5,242,1,8
2025-08-30 17:03:09.822246,425.24,28.37,74.82,0.0,3.17,17,5,242,1,8
2025-08-30 18:03:09.822246,497.24,32.55,64.82,0.0,7.29,18,5,242,1,8
2025-08-30 19:03:09.822246,398.43,33.33,68.8,0.0,8.88,19,5,242,1,8
2025-08-30 20:03:09.822246,408.86,32.98,66.93,0.0,3.76,20,5,242,1,8
2025-08-30 21:03:09.822246,409.41,31.1,63.46,0.0,4.54,21,5,242,1,8
2025-08-30 22:03:09.822246,426.62,28.65,72.21,0.0,7.61,22,5,242,1,8
2025-08-30 23:03:09.822246,444.88,32.32,78.98,0.0,16.76,23,5,242,1,8
2025-08-31 00:03:09.822246,408.94,24.67,78.39,0.0,18.63,0,6,243,1,8
2025-08-31 01:03:09.822246,443.89,25.21,73.41,0.0,5.13,1,6,243,1,8
2025-08-31 02:03:09.822246,436.66,29.74,74.06,0.0,17.89,2,6,243,1,8
2025-08-31 03:03:09.822246,384.68,30.3,72.67,0.0,24.22,3,6,243,1,8
2025-08-31 04:03:09.822246,356.18,20.3,60.52,0.0,31.45,4,6,243,1,8
2025-08-31 05:03:09.822246,499.44,31.71,75.09,0.0,24.16,5,6,243,1,8
2025-08-31 06:03:09.822246,491.04,33.3,67.65,0.0,26.87,6,6,243,1,8
2025-08-31 07:03:09.822246,361.1,29.05,60.02,0.0,25.17,7,6,243,1,8
2025-08-31 08:03:09.822246,554.51,41.3,77.2,0.0,21.05,8,6,243,1,8
2025-08-31 09:03:09.822246,368.87,26.02,67.37,0.0,15.35,9,6,243,1,8
2025-08-31 10:03:09.822246,523.05,27.63,75.77,0.0,13.74,10,6,243,1,8
2025-08-31 11:03:09.822246,624.97,27.46,81.97,4.28,21.52,11,6,243,1,8
2025-08-31 12:03:09.822246,479.45,29.05,63.99,0.0,15.6,12,6,243,1,8
2025-08-31 13:03:09.822246,473.22,27.79,74.41,0.0,8.73,13,6,243,1,8
2025-08-31 14:03:09.822246,529.19,22.4,55.38,0.0,2.86,14,6,243,1,8
2025-08-31 15:03:09.822246,423.48,26.7,88.81,0.0,11.8,15,6,243,1,8
2025-08-31 16:03:09.822246,471.66,28.94,59.9,0.0,1.37,16,6,243,1,8
2025-08-31 17:03:09.822246,506.13,35.57,68.34,13.48,8.72,17,6,243,1,8
2025-08-31 18:03:09.822246,422.83,40.44,86.87,0.0,4.35,18,6,243,1,8
2025-08-31 19:03:09.822246,465.46,36.11,71.14,0.0,5.13,19,6,243,1,8
2025-08-31 20:03:09.822246,474.1,25.55,61.51,0.0,15.09,20,6,243,1,8
2025-08-31 21:03:09.822246,429.74,25.95,80.62,0.0,0.0,21,6,243,1,8
2025-08-31 22:03:09.822246,433.01,28.63,80.39,0.0,5.61,22,6,243,1,8
2025-08-31 23:03:09.822246,484.3,38.35,67.16,0.0,20.41,23,6,243,1,8
2025-09-01 00:03:09.822246,497.16,28.4,68.49,0.0,19.67,0,0,244,0,9
2025-09-01 01:03:09.822246,458.97,22.59,69.39,0.0,16.38,1,0,244,0,9
2025-09-01 02:03:09.822246,502.01,26.72,71.67,0.0,29.34,2,0,244,0,9
2025-09-01 03:03:09.822246,499.02,33.01,54.81,0.0,27.09,3,0,244,0,9
2025-09-01 04:03:09.822246,533.21,32.68,71.93,0.0,21.05,4,0,244,0,9
2025-09-01 05:03:09.822246,424.98,28.23,91.58,0.0,19.29,5,0,244,0,9
2025-09-01 06:03:09.822246,540.36,32.65,64.78,0.0,32.0,6,0,244,0,9
2025-09-01 07:03:09.822246,437.59,17.86,67.91,0.0,20.59,7,0,244,0,9
2025-09-01 08:03:09.822246,510.08,29.75,61.9,0.0,24.91,8,0,244,0,9
2025-09-01 09:03:09.822246,563.92,33.53,79.86,0.0,29.56,9,0,244,0,9
2025-09-01 10:03:09.822246,539.81,25.06,85.77,0.0,20.9,10,0,244,0,9
2025-09-01 11:03:09.822246,616.17,25.05,85.54,0.0,17.64,11,0,244,0,9
2025-09-01 12:03:09.822246,562.53,19.9,61.26,0.0,6.65,12,0,244,0,9
2025-09-01 13:03:09.822246,682.26,37.18,78.74,0.0,17.4,13,0,244,0,9
2025-09-01 14:03:09.822246,568.71,25.63,88.08,0.0,0.92,14,0,244,0,9
2025-09-01 15:03:09.822246,625.52,30.43,78.84,0.0,14.69,15,0,244,0,9
2025-09-01 16:03:09.822246,538.7,32.25,78.53,0.0,0.0,16,0,244,0,9
2025-09-01 17:03:09.822246,584.28,36.79,69.02,0.0,1.2,17,0,244,0,9
2025-09-01 18:03:09.822246,564.45,28.46,75.94,0.0,10.84,18,0,244,0,9
2025-09-01 19:03:09.822246,478.75,26.53,86.1,0.0,12.58,19,0,244,0,9
2025-09-01 20:03:09.822246,423.84,30.09,77.02,0.0,6.81,20,0,244,0,9
2025-09-01 21:03:09.822246,545.26,35.65,61.26,0.0,6.12,21,0,244,0,9
2025-09-01 22:03:09.822246,643.26,28.38,69.18,0.0,10.77,22,0,244,0,9
2025-09-01 23:03:09.822246,469.47,24.45,85.83,0.0,2.59,23,0,244,0,9
2025-09-02 00:03:09.822246,418.78,21.32,77.24,0.0,20.46,0,1,245,0,9
2025-09-02 01:03:09.822246,479.13,22.92,75.18,0.0,14.49,1,1,245,0,9
2025-09-02 02:03:09.822246,545.97,33.35,68.45,0.0,18.73,2,1,245,0,9
2025-09-02 03:03:09.822246,539.87,27.42,85.88,0.0,22.5,3,1,245,0,9
2025-09-02 04:03:09.822246,367.8,25.99,90.61,0.0,25.05,4,1,245,0,9
2025-09-02 05:03:09.822246,549.08,25.44,86.62,0.0,26.89,5,1,245,0,9
2025-09-02 06:03:09.822246,558.37,29.45,88.42,0.0,31.13,6,1,245,0,9
2025-09-02 07:03:09.822246,516.9,27.83,70.4,0.0,31.01,7,1,245,0,9
2025-09-02 08:03:09.822246,578.41,27.66,68.99,0.0,23.51,8,1,245,0,9
2025-09-02 09:03:09.822246,675.32,35.77,72.43,0.0,25.75,9,1,245,0,9
2025-09-02 10:03:09.822246,673.78,36.71,74.37,0.0,24.35,10,1,245,0,9
2025-09-02 11:03:09.822246,468.38,20.97,88.3,0.0,8.9,11,1,245,0,9
2025-09-02 12:03:09.822246,660.21,30.66,85.65,0.0,12.81,12,1,245,0,9
2025-09-02 13:03:09.822246,572.86,25.14,79.37,0.0,7.88,13,1,245,0,9
2025-09-02 14:03:09.822246,628.33,27.78,59.68,0.0,10.13,14,1,245,0,9
2025-09-02 15:03:09.822246,599.37,30.57,57.11,0.0,14.21,15,1,245,0,9
2025-09-02 16:03:09.822246,554.52,27.96,76.39,0.0,10.23,16,1,245,0,9
2025-09-02 17:03:09.822246,625.07,30.18,82.79,0.0,9.44,17,1,245,0,9
2025-09-02 18:03:09.822246,518.95,32.39,73.19,0.0,3.03,18,1,245,0,9
2025-09-02 19:03:09.822246,495.32,30.5,93.14,0.0,3.38,19,1,245,0,9
2025-09-02 20:03:09.822246,447.77,25.79,63.16,0.0,3.32,20,1,245,0,9
2025-09-02 21:03:09.822246,495.04,25.88,61.91,0.0,3.45,21,1,245,0,9
2025-09-02 22:03:09.822246,556.36,21.83,67.35,0.0,12.88,22,1,245,0,9
2025-09-02 23:03:09.822246,488.32,24.75,66.97,0.0,9.67,23,1,245,0,9
2025-09-03 00:03:09.822246,503.28,38.63,79.5,0.0,8.5,0,2,246,0,9
2025-09-03 01:03:09.822246,617.98,24.86,70.02,0.0,19.03,1,2,246,0,9
2025-09-03 02:03:09.822246,497.87,22.85,58.75,0.0,20.34,2,2,246,0,9
2025-09-03 03:03:09.822246,562.79,30.42,83.15,0.0,23.56,3,2,246,0,9
2025-09-03 04:03:09.822246,522.6,28.26,56.63,0.0,30.89,4,2,246,0,9
2025-09-03 05:03:09.822246,505.63,27.84,63.52,0.0,24.78,5,2,246,0,9
2025-09-03 06:03:09.822246,585.42,35.86,58.01,0.0,21.79,6,2,246,0,9
2025-09-03 07:03:09.822246,591.15,31.56,76.3,0.0,21.41,7,2,246,0,9
2025-09-03 08:03:09.822246,556.54,26.17,76.09,0.0,18.85,8,2,246,0,9
2025-09-03 09:03:09.822246,593.55,26.69,93.4,0.0,18.24,9,2,246,0,9
2025-09-03 10:03:09.822246,555.77,26.3,83.37,0.0,13.75,10,2,246,0,9
2025-09-03 11:03:09.822246,567.77,33.19,88.65,0.0,18.18,11,2,246,0,9
2025-09-03 12:03:09.822246,637.56,27.28,77.12,0.0,11.62,12,2,246,0,9
2025-09-03 13:03:09.822246,607.14,19.85,64.46,0.0,13.05,13,2,246,0,9
2025-09-03 14:03:09.822246,583.97,28.58,75.51,0.0,8.18,14,2,246,0,9
2025-09-03 15:03:09.822246,587.61,21.13,80.16,0.0,7.4,15,2,246,0,9
2025-09-03 16:03:09.822246,678.83,39.74,81.27,0.0,15.11,16,2,246,0,9
2025-09-03 17:03:09.822246,471.13,23.99,69.51,0.0,11.06,17,2,246,0,9
2025-09-03 18:03:09.822246,448.01,28.01,79.12,0.0,0.0,18,2,246,0,9
2025-09-03 19:03:09.822246,457.99,30.11,64.9,0.0,2.29,19,2,246,0,9
2025-09-03 20:03:09.822246,474.88,27.37,63.8,0.0,0.0,20,2,246,0,9
2025-09-03 21:03:09.822246,476.58,27.37,63.08,0.0,5.92,21,2,246,0,9
2025-09-03 22:03:09.822246,576.27,30.93,74.48,0.0,11.66,22,2,246,0,9
2025-09-03 23:03:09.822246,616.28,36.45,62.45,0.0,17.78,23,2,246,0,9
2025-09-04 00:03:09.822246,542.73,32.44,70.23,0.0,20.12,0,3,247,0,9
2025-09-04 01:03:09.822246,476.65,36.0,83.5,0.0,19.18,1,3,247,0,9
2025-09-04 02:03:09.822246,379.11,23.37,64.18,0.0,15.34,2,3,247,0,9
2025-09-04 03:03:09.822246,512.35,30.19,69.43,0.0,26.29,3,3,247,0,9
2025-09-04 04:03:09.822246,420.53,29.38,75.19,0.0,23.9,4,3,247,0,9
2025-09-04 05:03:09.822246,567.05,30.36,76.94,0.0,25.61,5,3,247,0,9
2025-09-04 06:03:09.822246,511.12,35.49,69.48,0.0,34.76,6,3,247,0,9
2025-09-04 07:03:09.822246,662.37,27.5,82.34,0.0,19.94,7,3,247,0,9
2025-09-04 08:03:09.822246,669.58,26.58,80.38,0.0,34.03,8,3,247,0,9
2025-09-04 09:03:09.822246,565.81,31.28,85.87,0.0,31.06,9,3,247,0,9
2025-09-04 10:03:09.822246,533.98,19.72,73.66,0.0,20.34,10,3,247,0,9
2025-09-04 11:03:09.822246,640.01,27.42,69.34,0.0,18.56,11,3,247,0,9
2025-09-04 12:03:09.822246,713.05,27.94,67.65,0.0,11.46,12,3,247,0,9
2025-09-04 13:03:09.822246,490.45,24.0,77.54,0.0,13.36,13,3,247,0,9
2025-09-04 14:03:09.822246,555.3,33.89,70.7,0.0,10.47,14,3,247,0,9
2025-09-04 15:03:09.822246,508.81,23.3,68.78,0.0,4.49,15,3,247,0,9
2025-09-04 16:03:09.822246,550.33,27.93,69.99,0.0,2.77,16,3,247,0,9
2025-09-04 17:03:09.822246,556.25,30.07,67.64,0.0,4.15,17,3,247,0,9
2025-09-04 18:03:09.822246,590.71,35.37,76.46,0.0,4.95,18,3,247,0,9
2025-09-04 19:03:09.822246,411.0,28.55,60.35,0.0,0.0,19,3,247,0,9
2025-09-04 20:03:09.822246,390.52,33.29,77.5,0.0,11.98,20,3,247,0,9
2025-09-04 21:03:09.822246,575.41,32.11,81.24,0.0,5.44,21,3,247,0,9
2025-09-04 22:03:09.822246,455.31,29.22,68.66,0.0,8.5,22,3,247,0,9
2025-09-04 23:03:09.822246,392.23,23.16,93.69,0.0,13.3,23,3,247,0,9
2025-09-05 00:03:09.822246,446.75,21.22,74.88,0.0,13.66,0,4,248,0,9
2025-09-05 01:03:09.822246,528.7,28.93,59.09,0.0,23.29,1,4,248,0,9
2025-09-05 02:03:09.822246,498.16,25.68,71.9,0.0,18.58,2,4,248,0,9
2025-09-05 03:03:09.822246,505.55,32.99,75.33,0.0,19.15,3,4,248,0,9
2025-09-05 04:03:09.822246,480.42,32.12,79.2,0.0,26.76,4,4,248,0,9
2025-09-05 05:03:09.822246,485.38,27.47,72.13,0.0,28.46,5,4,248,0,9
2025-09-05 06:03:09.822246,435.26,22.61,64.59,0.0,37.52,6,4,248,0,9
2025-09-05 07:03:09.822246,502.29,30.95,63.76,0.0,15.18,7,4,248,0,9
2025-09-05 08:03:09.822246,542.61,23.3,68.17,0.0,24.04,8,4,248,0,9
2025-09-05 09:03:09.822246,591.91,24.6,69.13,0.0,25.48,9,4,248,0,9
2025-09-05 10:03:09.822246,562.3,23.5,63.36,0.0,15.45,10,4,248,0,9
2025-09-05 11:03:09.822246,557.75,27.7,67.38,0.0,24.62,11,4,248,0,9
2025-09-05 12:03:09.822246,617.59,34.24,81.3,0.0,11.58,12,4,248,0,9
2025-09-05 13:03:09.822246,469.63,28.37,91.19,10.02,13.0,13,4,248,0,9
2025-09-05 14:03:09.822246,576.24,26.18,82.26,0.0,15.44,14,4,248,0,9
2025-09-05 15:03:09.822246,562.24,20.77,87.77,0.0,2.47,15,4,248,0,9
2025-09-05 16:03:09.822246,509.17,31.15,84.45,0.0,5.67,16,4,248,0,9
2025-09-05 17:03:09.822246,493.66,24.49,83.04,0.0,9.18,17,4,248,0,9
2025-09-05 18:03:09.822246,527.38,28.98,71.33,0.0,5.75,18,4,248,0,9
2025-09-05 19:03:09.822246,545.13,26.62,76.12,0.0,8.68,19,4,248,0,9
2025-09-05 20:03:09.822246,517.4,32.58,70.5,0.0,10.34,20,4,248,0,9
2025-09-05 21:03:09.822246,477.15,27.61,72.52,0.0,5.28,21,4,248,0,9
2025-09-05 22:03:09.822246,419.07,28.1,75.39,0.0,18.09,22,4,248,0,9
2025-09-05 23:03:09.822246,528.35,30.82,81.84,0.0,8.21,23,4,248,0,9
2025-09-06 00:03:09.822246,573.02,38.71,79.17,0.0,21.78,0,5,249,1,9
2025-09-06 01:03:09.822246,454.57,32.62,73.32,0.0,19.35,1,5,249,1,9
2025-09-06 02:03:09.822246,379.38,27.74,75.49,0.0,16.92,2,5,249,1,9
2025-09-06 03:03:09.822246,414.62,28.19,79.27,0.0,17.76,3,5,249,1,9
2025-09-06 04:03:09.822246,417.97,25.55,81.61,0.0,25.06,4,5,249,1,9
2025-09-06 05:03:09.822246,389.21,23.43,59.75,0.0,23.56,5,5,249,1,9
2025-09-06 06:03:09.822246,466.84,25.41,64.17,0.0,27.44,6,5,249,1,9
2025-09-06 07:03:09.822246,435.87,24.32,86.01,0.0,23.53,7,5,249,1,9
2025-09-06 08:03:09.822246,473.8,31.45,74.33,0.0,24.03,8,5,249,1,9
2025-09-06 09:03:09.822246,431.87,22.82,70.7,0.0,24.63,9,5,249,1,9
2025-09-06 10:03:09.822246,611.69,34.84,72.3,0.0,19.69,10,5,249,1,9
2025-09-06 11:03:09.822246,555.15,31.94,72.3,0.0,16.3,11,5,249,1,9
2025-09-06 12:03:09.822246,500.35,28.28,80.52,0.0,16.78,12,5,249,1,9
2025-09-06 13:03:09.822246,584.79,28.18,63.86,0.0,10.58,13,5,249,1,9
2025-09-06 14:03:09.822246,438.7,25.39,75.19,0.0,13.36,14,5,249,1,9
2025-09-06 15:03:09.822246,459.25,29.53,77.4,0.0,10.2,15,5,249,1,9
2025-09-06 16:03:09.822246,487.88,33.62,78.9,0.0,9.83,16,5,249,1,9
2025-09-06 17:03:09.822246,363.52,24.66,77.17,0.0,8.8,17,5,249,1,9
2025-09-06 18:03:09.822246,407.76,20.51,80.1,0.0,3.75,18,5,249,1,9
2025-09-06 19:03:09.822246,328.94,31.69,69.21,0.0,0.0,19,5,249,1,9
2025-09-06 20:03:09.822246,341.27,29.8,65.52,0.0,5.53,20,5,249,1,9
2025-09-06 21:03:09.822246,308.93,22.58,99.51,0.0,9.12,21,5,249,1,9
2025-09-06 22:03:09.822246,389.67,24.51,71.93,0.0,9.4,22,5,249,1,9
2025-09-06 23:03:09.822246,406.58,23.88,73.09,0.0,8.81,23,5,249,1,9
2025-09-07 00:03:09.822246,411.4,24.34,81.94,0.0,21.2,0,6,250,1,9
2025-09-07 01:03:09.822246,347.11,26.34,91.13,0.0,13.58,1,6,250,1,9
2025-09-07 02:03:09.822246,350.52,26.63,69.72,0.0,16.58,2,6,250,1,9
2025-09-07 03:03:09.822246,452.64,24.71,65.18,0.0,19.83,3,6,250,1,9
2025-09-07 04:03:09.822246,372.33,24.17,62.74,0.0,22.19,4,6,250,1,9
2025-09-07 05:03:09.822246,444.3,26.82,91.1,0.0,21.74,5,6,250,1,9
2025-09-07 06:03:09.822246,376.09,28.8,64.79,0.0,24.9,6,6,250,1,9
2025-09-07 07:03:09.822246,426.54,26.38,74.89,0.0,25.18,7,6,250,1,9
2025-09-07 08:03:09.822246,577.12,33.75,65.39,0.0,18.85,8,6,250,1,9
2025-09-07 09:03:09.822246,565.74,30.5,60.68,0.0,16.52,9,6,250,1,9
2025-09-07 10:03:09.822246,457.1,20.01,72.24,0.0,23.6,10,6,250,1,9
2025-09-07 11:03:09.822246,557.54,30.58,65.79,0.0,17.35,11,6,250,1,9
2025-09-07 12:03:09.822246,538.41,30.99,68.25,0.0,20.01,12,6,250,1,9
2025-09-07 13:03:09.822246,542.07,25.79,95.23,0.0,15.61,13,6,250,1,9
2025-09-07 14:03:09.822246,449.31,20.48,79.42,0.0,8.53,14,6,250,1,9
2025-09-07 15:03:09.822246,441.02,28.0,84.48,0.0,10.11,15,6,250,1,9
2025-09-07 16:03:09.822246,508.32,27.92,83.41,0.0,10.06,16,6,250,1,9
2025-09-07 17:03:09.822246,341.37,22.35,74.16,0.0,1.33,17,6,250,1,9
2025-09-07 18:03:09.822246,325.98,20.7,70.77,0.0,0.0,18,6,250,1,9
2025-09-07 19:03:09.822246,335.17,27.52,77.66,0.0,0.59,19,6,250,1,9
2025-09-07 20:03:09.822246,320.96,26.8,76.85,0.0,9.2,20,6,250,1,9
2025-09-07 21:03:09.822246,369.61,25.87,69.48,0.0,16.55,21,6,250,1,9
2025-09-07 22:03:09.822246,442.55,27.54,76.46,0.0,9.82,22,6,250,1,9
2025-09-07 23:03:09.822246,333.54,22.45,68.1,0.0,18.78,23,6,250,1,9
2025-09-08 00:03:09.822246,541.98,25.57,73.67,0.0,19.57,0,0,251,0,9
2025-09-08 01:03:09.822246,512.51,30.41,72.04,0.0,14.09,1,0,251,0,9
2025-09-08 02:03:09.822246,432.61,25.99,62.7,0.0,19.67,2,0,251,0,9
2025-09-08 03:03:09.822246,491.88,19.38,51.88,0.0,25.28,3,0,251,0,9
2025-09-08 04:03:09.822246,522.22,25.38,66.0,0.0,17.79,4,0,251,0,9
2025-09-08 05:03:09.822246,418.72,22.39,93.43,0.0,28.9,5,0,251,0,9
2025-09-08 06:03:09.822246,512.03,29.08,72.29,0.0,30.36,6,0,251,0,9
2025-09-08 07:03:09.822246,504.6,29.34,83.15,9.09,28.72,7,0,251,0,9
2025-09-08 08:03:09.822246,507.71,19.45,54.14,0.0,23.06,8,0,251,0,9
2025-09-08 09:03:09.822246,523.46,31.54,65.31,0.0,24.49,9,0,251,0,9
2025-09-08 10:03:09.822246,481.09,22.18,61.84,0.0,24.91,10,0,251,0,9
2025-09-08 11:03:09.822246,658.47,35.54,73.37,0.0,10.23,11,0,251,0,9
2025-09-08 12:03:09.822246,581.61,27.5,99.61,0.0,3.01,12,0,251,0,9
2025-09-08 13:03:09.822246,537.08,21.51,79.99,0.0,14.99,13,0,251,0,9
2025-09-08 14:03:09.822246,489.1,22.03,92.34,0.0,7.02,14,0,251,0,9
2025-09-08 15:03:09.822246,570.86,29.48,72.84,0.0,8.83,15,0,251,0,9
2025-09-08 16:03:09.822246,546.44,25.78,89.04,0.0,7.35,16,0,251,0,9
2025-09-08 17:03:09.822246,505.78,27.26,96.12,0.0,11.46,17,0,251,0,9
2025-09-08 18:03:09.822246,553.9,35.8,74.29,0.0,5.85,18,0,251,0,9
2025-09-08 19:03:09.822246,463.04,24.24,70.0,0.0,8.0,19,0,251,0,9
2025-09-08 20:03:09.822246,552.79,28.04,62.21,0.0,8.66,20,0,251,0,9
2025-09-08 21:03:09.822246,481.05,34.84,72.3,0.0,11.89,21,0,251,0,9
2025-09-08 22:03:09.822246,538.82,29.09,76.21,0.0,7.17,22,0,251,0,9
2025-09-08 23:03:09.822246,524.2,19.71,95.7,0.0,13.93,23,0,251,0,9
2025-09-09 00:03:09.822246,545.23,30.05,62.66,0.0,3.34,0,1,252,0,9
2025-09-09 01:03:09.822246,445.92,21.7,76.2,0.0,14.43,1,1,252,0,9
2025-09-09 02:03:09.822246,489.91,34.55,57.46,0.0,25.11,2,1,252,0,9
2025-09-09 03:03:09.822246,517.25,23.4,71.34,0.0,15.44,3,1,252,0,9
2025-09-09 04:03:09.822246,458.49,42.37,78.72,0.0,17.58,4,1,252,0,9
2025-09-09 05:03:09.822246,466.54,34.86,80.73,0.0,27.91,5,1,252,0,9
2025-09-09 06:03:09.822246,476.34,23.54,81.5,0.0,21.93,6,1,252,0,9
2025-09-09 07:03:09.822246,603.69,27.62,79.58,0.0,30.93,7,1,252,0,9
2025-09-09 08:03:09.822246,563.71,31.29,81.41,0.0,24.03,8,1,252,0,9
2025-09-09 09:03:09.822246,509.9,31.44,76.06,0.0,29.68,9,1,252,0,9
2025-09-09 10:03:09.822246,584.74,29.73,65.13,0.0,28.51,10,1,252,0,9
2025-09-09 11:03:09.822246,609.85,33.78,57.09,0.0,23.97,11,1,252,0,9
2025-09-09 12:03:09.822246,547.82,26.9,70.14,0.0,12.45,12,1,252,0,9
2025-09-09 13:03:09.822246,626.64,25.69,74.26,0.0,6.81,13,1,252,0,9
2025-09-09 14:03:09.822246,527.01,25.78,88.15,0.0,16.36,14,1,252,0,9
2025-09-09 15:03:09.822246,708.32,31.81,74.6,0.0,7.85,15,1,252,0,9
2025-09-09 16:03:09.822246,590.84,29.34,73.64,0.0,7.34,16,1,252,0,9
2025-09-09 17:03:09.822246,601.0,28.98,79.46,0.0,11.08,17,1,252,0,9
2025-09-09 18:03:09.822246,498.11,31.49,72.91,0.0,0.0,18,1,252,0,9
2025-09-09 19:03:09.822246,492.55,17.26,83.71,0.0,8.28,19,1,252,0,9
2025-09-09 20:03:09.822246,415.57,29.07,95.4,0.0,3.87,20,1,252,0,9
2025-09-09 21:03:09.822246,481.74,28.61,97.51,0.0,11.89,21,1,252,0,9
2025-09-09 22:03:09.822246,555.55,35.86,76.58,0.0,11.93,22,1,252,0,9
2025-09-09 23:03:09.822246,528.66,19.88,78.97,0.0,16.82,23,1,252,0,9
2025-09-10 00:03:09.822246,503.0,35.08,91.61,0.0,12.87,0,2,253,0,9
2025-09-10 01:03:09.822246,485.05,27.67,74.32,0.0,14.04,1,2,253,0,9
2025-09-10 02:03:09.822246,491.24,29.74,82.61,2.24,20.01,2,2,253,0,9
2025-09-10 03:03:09.822246,492.13,35.67,64.47,2.18,19.17,3,2,253,0,9
2025-09-10 04:03:09.822246,555.63,30.1,72.71,0.0,20.51,4,2,253,0,9
2025-09-10 05:03:09.822246,480.41,29.3,87.38,0.0,21.15,5,2,253,0,9
2025-09-10 06:03:09.822246,474.07,28.51,68.64,0.0,28.17,6,2,253,0,9
2025-09-10 07:03:09.822246,502.92,24.88,74.54,0.0,34.43,7,2,253,0,9
2025-09-10 08:03:09.822246,498.61,27.15,60.08,0.0,27.62,8,2,253,0,9
2025-09-10 09:03:09.822246,534.47,23.72,95.88,0.0,25.58,9,2,253,0,9
2025-09-10 10:03:09.822246,558.07,27.07,88.45,0.0,23.38,10,2,253,0,9
2025-09-10 11:03:09.822246,576.95,15.61,77.7,0.0,13.02,11,2,253,0,9
2025-09-10 12:03:09.822246,585.33,29.44,80.89,0.0,18.46,12,2,253,0,9
2025-09-10 13:03:09.822246,611.66,26.69,79.78,0.0,3.4,13,2,253,0,9
2025-09-10 14:03:09.822246,619.62,25.61,89.66,0.0,11.87,14,2,253,0,9
2025-09-10 15:03:09.822246,606.57,28.39,70.63,0.0,11.6,15,2,253,0,9
2025-09-10 16:03:09.822246,582.8,20.13,83.14,0.0,10.41,16,2,253,0,9
2025-09-10 17:03:09.822246,495.39,36.94,86.59,0.0,8.6,17,2,253,0,9
2025-09-10 18:03:09.822246,534.38,26.78,87.97,0.0,0.0,18,2,253,0,9
2025-09-10 19:03:09.822246,423.69,26.56,53.23,0.0,2.13,19,2,253,0,9
2025-09-10 20:03:09.822246,405.68,22.47,69.83,0.0,12.22,20,2,253,0,9
2025-09-10 21:03:09.822246,467.58,27.41,65.63,0.0,9.78,21,2,253,0,9
2025-09-10 22:03:09.822246,600.82,34.23,77.31,0.0,11.58,22,2,253,0,9
2025-09-10 23:03:09.822246,547.39,32.47,55.66,0.0,9.76,23,2,253,0,9
2025-09-11 00:03:09.822246,503.67,31.34,55.57,0.0,9.49,0,3,254,0,9
2025-09-11 01:03:09.822246,436.73,29.8,97.73,0.0,13.93,1,3,254,0,9
2025-09-11 02:03:09.822246,465.24,25.27,82.2,0.0,13.05,2,3,254,0,9
2025-09-11 03:03:09.822246,488.84,19.82,77.24,0.0,24.82,3,3,254,0,9
2025-09-11 04:03:09.822246,507.83,26.06,79.66,0.0,9.0,4,3,254,0,9
2025-09-11 05:03:09.822246,430.01,25.89,77.49,0.0,21.02,5,3,254,0,9
2025-09-11 06:03:09.822246,509.25,32.31,86.0,0.0,34.87,6,3,254,0,9
2025-09-11 07:03:09.822246,532.98,28.61,69.7,0.0,23.59,7,3,254,0,9
2025-09-11 08:03:09.822246,648.49,35.13,77.89,0.0,19.8,8,3,254,0,9
2025-09-11 09:03:09.822246,496.56,33.05,78.3,0.0,33.24,9,3,254,0,9
2025-09-11 10:03:09.822246,567.79,24.78,65.56,0.0,17.98,10,3,254,0,9
2025-09-11 11:03:09.822246,613.64,18.09,88.8,0.0,27.53,11,3,254,0,9
2025-09-11 12:03:09.822246,659.68,34.0,71.57,0.0,13.61,12,3,254,0,9
2025-09-11 13:03:09.822246,635.77,33.86,86.2,0.0,16.98,13,3,254,0,9
2025-09-11 14:03:09.822246,578.48,20.24,77.18,0.0,21.46,14,3,254,0,9
2025-09-11 15:03:09.822246,573.7,34.61,92.36,0.0,8.68,15,3,254,0,9
2025-09-11 16:03:09.822246,478.26,28.98,65.61,0.0,4.63,16,3,254,0,9
2025-09-11 17:03:09.822246,489.02,27.87,65.18,0.0,8.92,17,3,254,0,9
2025-09-11 18:03:09.822246,588.83,35.14,66.97,0.0,0.06,18,3,254,0,9
2025-09-11 19:03:09.822246,580.43,33.79,77.36,0.0,11.65,19,3,254,0,9
2025-09-11 20:03:09.822246,547.62,30.32,91.44,0.0,3.13,20,3,254,0,9
2025-09-11 21:03:09.822246,561.63,29.43,91.96,0.0,0.22,21,3,254,0,9
2025-09-11 22:03:09.822246,538.86,30.15,52.93,3.11,9.51,22,3,254,0,9
2025-09-11 23:03:09.822246,444.71,25.07,78.52,5.29,10.23,23,3,254,0,9
2025-09-12 00:03:09.822246,454.05,26.56,44.1,0.0,2.73,0,4,255,0,9
2025-09-12 01:03:09.822246,554.77,22.33,84.18,0.0,17.67,1,4,255,0,9
2025-09-12 02:03:09.822246,445.4,25.17,87.41,0.0,14.56,2,4,255,0,9
2025-09-12 03:03:09.822246,572.91,25.01,75.83,0.0,19.83,3,4,255,0,9
2025-09-12 04:03:09.822246,442.83,23.66,77.07,0.0,18.21,4,4,255,0,9
2025-09-12 05:03:09.822246,574.74,27.52,76.97,0.0,27.98,5,4,255,0,9
2025-09-12 06:03:09.822246,386.96,25.22,68.39,0.0,24.94,6,4,255,0,9
2025-09-12 07:03:09.822246,571.38,29.35,80.55,0.0,17.39,7,4,255,0,9
2025-09-12 08:03:09.822246,483.51,18.73,73.92,0.0,30.73,8,4,255,0,9
2025-09-12 09:03:09.822246,511.59,26.27,85.53,0.0,23.64,9,4,255,0,9
2025-09-12 10:03:09.822246,624.15,27.5,75.09,0.0,17.54,10,4,255,0,9
2025-09-12 11:03:09.822246,593.87,25.29,67.62,0.0,13.81,11,4,255,0,9
2025-09-12 12:03:09.822246,568.04,25.98,60.87,0.0,14.71,12,4,255,0,9
2025-09-12 13:03:09.822246,515.33,18.91,57.59,0.0,6.1,13,4,255,0,9
2025-09-12 14:03:09.822246,605.91,28.62,89.36,0.0,16.61,14,4,255,0,9
2025-09-12 15:03:09.822246,572.97,30.08,71.65,0.0,13.62,15,4,255,0,9
2025-09-12 16:03:09.822246,612.93,29.31,79.62,0.0,4.72,16,4,255,0,9
2025-09-12 17:03:09.822246,589.38,32.03,94.06,0.0,3.4,17,4,255,0,9
2025-09-12 18:03:09.822246,481.64,27.85,70.6,0.0,0.59,18,4,255,0,9
2025-09-12 19:03:09.822246,605.64,29.23,69.96,0.0,6.7,19,4,255,0,9
2025-09-12 20:03:09.822246,514.02,27.62,74.91,0.0,7.74,20,4,255,0,9
2025-09-12 21:03:09.822246,518.58,30.28,76.53,0.0,11.51,21,4,255,0,9
2025-09-12 22:03:09.822246,378.1,18.95,95.11,0.0,11.45,22,4,255,0,9
2025-09-12 23:03:09.822246,468.51,22.37,91.89,0.0,7.97,23,4,255,0,9
2025-09-13 00:03:09.822246,420.89,34.54,82.64,0.0,11.39,0,5,256,1,9
2025-09-13 01:03:09.822246,491.14,14.31,90.92,0.0,18.33,1,5,256,1,9
2025-09-13 02:03:09.822246,452.33,25.91,74.65,0.0,16.54,2,5,256,1,9
2025-09-13 03:03:09.822246,345.9,32.47,79.42,3.45,28.97,3,5,256,1,9
2025-09-13 04:03:09.822246,451.08,26.14,73.41,4.82,23.58,4,5,256,1,9
2025-09-13 05:03:09.822246,447.68,24.58,63.53,0.0,17.46,5,5,256,1,9
2025-09-13 06:03:09.822246,502.39,27.25,88.47,0.0,24.55,6,5,256,1,9
2025-09-13 07:03:09.822246,518.31,24.84,81.75,7.08,23.68,7,5,256,1,9
2025-09-13 08:03:09.822246,477.09,26.76,76.61,0.0,30.44,8,5,256,1,9
2025-09-13 09:03:09.822246,486.28,23.19,76.4,0.0,22.3,9,5,256,1,9
2025-09-13 10:03:09.822246,547.6,32.15,61.37,0.0,22.99,10,5,256,1,9
2025-09-13 11:03:09.822246,597.34,33.72,66.65,0.0,16.85,11,5,256,1,9
2025-09-13 12:03:09.822246,477.88,25.94,79.79,0.0,20.13,12,5,256,1,9
2025-09-13 13:03:09.822246,451.15,19.68,71.14,0.0,19.02,13,5,256,1,9
2025-09-13 14:03:09.822246,444.02,23.99,74.25,0.0,5.45,14,5,256,1,9
2025-09-13 15:03:09.822246,511.99,25.69,75.38,0.0,5.0,15,5,256,1,9
2025-09-13 16:03:09.822246,569.05,29.14,69.6,0.0,5.28,16,5,256,1,9
2025-09-13 17:03:09.822246,385.38,21.57,66.75,21.25,9.95,17,5,256,1,9
2025-09-13 18:03:09.822246,298.44,22.76,60.31,0.0,1.78,18,5,256,1,9
2025-09-13 19:03:09.822246,446.83,29.16,74.96,0.0,0.0,19,5,256,1,9
2025-09-13 20:03:09.822246,525.58,31.3,82.62,0.0,10.39,20,5,256,1,9
2025-09-13 21:03:09.822246,457.1,23.5,59.99,0.0,4.06,21,5,256,1,9
2025-09-13 22:03:09.822246,434.41,19.94,76.19,0.0,8.33,22,5,256,1,9
2025-09-13 23:03:09.822246,508.74,43.03,79.24,2.11,10.47,23,5,256,1,9
2025-09-14 00:03:09.822246,349.77,30.29,66.73,0.0,4.6,0,6,257,1,9
2025-09-14 01:03:09.822246,447.97,25.04,90.84,0.0,11.7,1,6,257,1,9
2025-09-14 02:03:09.822246,409.4,30.72,72.77,0.0,24.28,2,6,257,1,9
2025-09-14 03:03:09.822246,538.33,25.75,75.61,0.0,21.89,3,6,257,1,9
2025-09-14 04:03:09.822246,453.47,30.71,75.01,0.0,28.44,4,6,257,1,9
2025-09-14 05:03:09.822246,407.24,27.17,58.92,0.0,32.75,5,6,257,1,9
2025-09-14 06:03:09.822246,412.88,26.83,86.71,0.0,16.84,6,6,257,1,9
2025-09-14 07:03:09.822246,444.74,25.81,67.07,0.0,23.0,7,6,257,1,9
2025-09-14 08:03:09.822246,409.89,19.14,74.26,0.0,23.11,8,6,257,1,9
2025-09-14 09:03:09.822246,583.88,36.07,82.6,0.0,29.64,9,6,257,1,9
2025-09-14 10:03:09.822246,501.16,21.67,91.23,0.0,14.6,10,6,257,1,9
2025-09-14 11:03:09.822246,453.91,19.57,65.82,0.0,19.23,11,6,257,1,9
2025-09-14 12:03:09.822246,581.29,25.31,72.16,0.0,21.42,12,6,257,1,9
2025-09-14 13:03:09.822246,502.39,21.57,90.45,0.0,16.86,13,6,257,1,9
2025-09-14 14:03:09.822246,522.48,26.12,81.26,0.0,12.56,14,6,257,1,9
2025-09-14 15:03:09.822246,457.89,29.81,83.34,0.0,4.34,15,6,257,1,9
2025-09-14 16:03:09.822246,491.31,31.35,66.11,0.0,11.78,16,6,257,1,9
2025-09-14 17:03:09.822246,452.89,30.45,72.83,0.0,0.0,17,6,257,1,9
2025-09-14 18:03:09.822246,275.82,24.85,74.95,7.11,7.51,18,6,257,1,9
2025-09-14 19:03:09.822246,495.52,26.62,68.04,0.0,0.0,19,6,257,1,9
2025-09-14 20:03:09.822246,498.39,28.41,59.88,0.0,15.27,20,6,257,1,9
2025-09-14 21:03:09.822246,385.36,17.59,71.52,0.0,2.19,21,6,257,1,9
2025-09-14 22:03:09.822246,373.26,29.23,90.17,0.0,7.69,22,6,257,1,9
2025-09-14 23:03:09.822246,404.24,19.09,77.22,0.0,20.74,23,6,257,1,9
2025-09-15 00:03:09.822246,556.78,36.34,90.56,0.0,17.24,0,0,258,0,9
2025-09-15 01:03:09.822246,495.07,24.12,78.6,0.0,13.96,1,0,258,0,9
2025-09-15 02:03:09.822246,490.7,25.22,69.17,0.0,20.6,2,0,258,0,9
2025-09-15 03:03:09.822246,511.78,22.29,89.59,0.0,23.53,3,0,258,0,9
2025-09-15 04:03:09.822246,579.45,22.99,78.94,0.0,25.77,4,0,258,0,9
2025-09-15 05:03:09.822246,568.52,37.51,86.43,6.8,23.61,5,0,258,0,9
2025-09-15 06:03:09.822246,473.15,30.84,66.13,0.0,23.39,6,0,258,0,9
2025-09-15 07:03:09.822246,552.51,18.39,87.2,0.0,28.1,7,0,258,0,9
2025-09-15 08:03:09.822246,678.81,33.66,87.5,18.07,22.39,8,0,258,0,9
2025-09-15 09:03:09.822246,808.71,32.11,79.71,0.0,16.7,9,0,258,0,9
2025-09-15 10:03:09.822246,535.57,24.73,68.74,0.0,18.42,10,0,258,0,9
2025-09-15 11:03:09.822246,624.61,27.67,76.35,0.0,17.49,11,0,258,0,9
2025-09-15 12:03:09.822246,504.62,26.07,82.93,0.0,16.73,12,0,258,0,9
2025-09-15 13:03:09.822246,676.95,36.0,79.16,0.0,13.39,13,0,258,0,9
2025-09-15 14:03:09.822246,533.83,22.16,82.82,0.0,3.4,14,0,258,0,9
2025-09-15 15:03:09.822246,644.69,26.87,86.93,0.0,10.42,15,0,258,0,9
2025-09-15 16:03:09.822246,500.99,24.0,70.33,0.0,5.3,16,0,258,0,9
2025-09-15 17:03:09.822246,414.58,18.98,65.26,0.0,2.53,17,0,258,0,9
2025-09-15 18:03:09.822246,529.1,37.1,76.44,2.97,9.68,18,0,258,0,9
2025-09-15 19:03:09.822246,376.77,20.23,73.51,0.3,1.73,19,0,258,0,9
2025-09-15 20:03:09.822246,554.55,27.24,84.67,0.0,15.26,20,0,258,0,9
2025-09-15 21:03:09.822246,387.5,17.44,66.07,0.0,16.37,21,0,258,0,9
2025-09-15 22:03:09.822246,486.46,24.14,87.02,0.0,15.04,22,0,258,0,9
2025-09-15 23:03:09.822246,415.29,28.25,90.35,0.0,9.05,23,0,258,0,9
2025-09-16 00:03:09.822246,447.61,21.78,77.0,0.0,17.87,0,1,259,0,9
2025-09-16 01:03:09.822246,564.69,28.84,77.6,0.0,18.93,1,1,259,0,9
2025-09-16 02:03:09.822246,500.96,24.56,69.32,0.0,16.39,2,1,259,0,9
2025-09-16 03:03:09.822246,486.06,31.7,71.57,0.0,27.42,3,1,259,0,9
2025-09-16 04:03:09.822246,498.11,32.71,72.91,0.0,23.66,4,1,259,0,9
2025-09-16 05:03:09.822246,488.34,22.97,91.43,0.0,12.4,5,1,259,0,9
2025-09-16 06:03:09.822246,529.21,26.29,76.28,0.0,32.39,6,1,259,0,9
2025-09-16 07:03:09.822246,478.7,26.82,63.77,0.0,32.21,7,1,259,0,9
2025-09-16 08:03:09.822246,602.33,29.0,79.55,0.0,23.34,8,1,259,0,9
2025-09-16 09:03:09.822246,409.55,25.98,85.26,0.0,25.17,9,1,259,0,9
2025-09-16 10:03:09.822246,566.01,26.85,76.74,0.0,21.72,10,1,259,0,9
2025-09-16 11:03:09.822246,566.82,24.69,91.69,0.0,15.21,11,1,259,0,9
2025-09-16 12:03:09.822246,643.04,26.48,84.77,2.32,28.35,12,1,259,0,9
2025-09-16 13:03:09.822246,651.46,32.39,66.51,0.0,9.33,13,1,259,0,9
2025-09-16 14:03:09.822246,518.53,29.13,71.48,0.0,10.26,14,1,259,0,9
2025-09-16 15:03:09.822246,533.12,29.41,79.26,0.0,2.34,15,1,259,0,9
2025-09-16 16:03:09.822246,577.69,29.52,60.33,0.0,10.62,16,1,259,0,9
2025-09-16 17:03:09.822246,508.98,25.13,80.36,0.0,8.8,17,1,259,0,9
2025-09-16 18:03:09.822246,440.34,27.5,59.38,0.0,9.31,18,1,259,0,9
2025-09-16 19:03:09.822246,466.05,20.48,87.23,0.0,0.0,19,1,259,0,9
2025-09-16 20:03:09.822246,524.54,32.25,86.07,0.0,7.72,20,1,259,0,9
2025-09-16 21:03:09.822246,490.63,11.99,82.04,0.0,9.9,21,1,259,0,9
2025-09-16 22:03:09.822246,467.93,25.47,70.24,0.0,3.42,22,1,259,0,9
2025-09-16 23:03:09.822246,616.94,31.61,78.7,0.0,14.36,23,1,259,0,9
2025-09-17 00:03:09.822246,418.54,18.85,72.04,0.0,11.77,0,2,260,0,9
2025-09-17 01:03:09.822246,442.22,27.66,66.87,8.61,16.1,1,2,260,0,9
2025-09-17 02:03:09.822246,528.38,22.26,73.79,0.0,22.89,2,2,260,0,9
2025-09-17 03:03:09.822246,451.37,23.82,84.16,0.0,23.06,3,2,260,0,9
2025-09-17 04:03:09.822246,504.23,30.4,77.61,0.0,19.94,4,2,260,0,9
2025-09-17 05:03:09.822246,490.99,26.66,91.68,0.0,18.99,5,2,260,0,9
2025-09-17 06:03:09.822246,504.59,15.49,84.83,0.0,24.18,6,2,260,0,9
2025-09-17 07:03:09.822246,591.3,20.78,83.76,1.16,25.78,7,2,260,0,9
2025-09-17 08:03:09.822246,637.97,30.54,61.09,0.0,23.73,8,2,260,0,9
2025-09-17 09:03:09.822246,615.52,27.91,74.32,0.0,21.44,9,2,260,0,9
2025-09-17 10:03:09.822246,573.25,34.41,66.53,0.0,18.85,10,2,260,0,9
2025-09-17 11:03:09.822246,555.36,34.08,75.35,0.0,24.77,11,2,260,0,9
2025-09-17 12:03:09.822246,439.28,23.95,70.24,0.0,15.95,12,2,260,0,9
2025-09-17 13:03:09.822246,610.68,38.18,73.4,0.0,13.42,13,2,260,0,9
2025-09-17 14:03:09.822246,657.98,25.79,87.79,0.0,8.9,14,2,260,0,9
2025-09-17 15:03:09.822246,568.15,20.85,81.93,0.0,5.8,15,2,260,0,9
2025-09-17 16:03:09.822246,541.96,22.5,87.25,0.0,15.75,16,2,260,0,9
2025-09-17 17:03:09.822246,512.88,14.38,61.17,0.0,8.16,17,2,260,0,9
2025-09-17 18:03:09.822246,520.52,33.7,77.76,0.88,8.89,18,2,260,0,9
2025-09-17 19:03:09.822246,560.72,33.64,86.84,0.0,1.34,19,2,260,0,9
2025-09-17 20:03:09.822246,468.6,20.59,92.24,0.65,11.28,20,2,260,0,9
2025-09-17 21:03:09.822246,433.36,24.53,61.69,0.0,2.92,21,2,260,0,9
2025-09-17 22:03:09.822246,506.45,26.14,73.66,0.0,11.67,22,2,260,0,9
2025-09-17 23:03:09.822246,497.8,20.86,87.52,0.0,12.96,23,2,260,0,9
2025-09-18 00:03:09.822246,450.85,16.65,75.43,0.0,21.61,0,3,261,0,9
2025-09-18 01:03:09.822246,518.16,24.37,68.24,0.0,15.1,1,3,261,0,9
2025-09-18 02:03:09.822246,615.52,23.82,61.85,0.0,22.8,2,3,261,0,9
2025-09-18 03:03:09.822246,466.95,23.48,67.86,0.0,24.03,3,3,261,0,9
2025-09-18 04:03:09.822246,519.85,26.54,60.46,0.0,19.82,4,3,261,0,9
2025-09-18 05:03:09.822246,506.98,32.57,77.93,0.0,27.34,5,3,261,0,9
2025-09-18 06:03:09.822246,524.17,23.91,86.31,0.0,24.25,6,3,261,0,9
2025-09-18 07:03:09.822246,584.72,26.28,64.74,0.0,24.45,7,3,261,0,9
2025-09-18 08:03:09.822246,621.75,29.06,79.93,0.0,21.82,8,3,261,0,9
2025-09-18 09:03:09.822246,539.34,28.2,85.8,0.0,22.37,9,3,261,0,9
2025-09-18 10:03:09.822246,578.12,22.35,77.32,0.0,20.21,10,3,261,0,9
2025-09-18 11:03:09.822246,686.04,25.91,61.24,0.0,20.24,11,3,261,0,9
2025-09-18 12:03:09.822246,612.8,28.16,81.21,0.0,16.61,12,3,261,0,9
2025-09-18 13:03:09.822246,613.62,19.78,76.8,0.0,16.81,13,3,261,0,9
2025-09-18 14:03:09.822246,613.87,31.74,75.78,0.0,14.13,14,3,261,0,9
2025-09-18 15:03:09.822246,624.83,32.58,71.88,0.0,15.43,15,3,261,0,9
2025-09-18 16:03:09.822246,565.14,21.81,78.22,0.0,9.77,16,3,261,0,9
2025-09-18 17:03:09.822246,492.12,26.39,82.45,0.0,6.06,17,3,261,0,9
2025-09-18 18:03:09.822246,524.08,28.64,100.0,0.0,10.66,18,3,261,0,9
2025-09-18 19:03:09.822246,444.43,22.7,78.47,0.0,5.97,19,3,261,0,9
2025-09-18 20:03:09.822246,475.58,27.83,92.46,0.0,7.79,20,3,261,0,9
2025-09-18 21:03:09.822246,478.22,26.24,80.93,0.0,0.0,21,3,261,0,9
2025-09-18 22:03:09.822246,518.81,18.09,76.35,0.0,5.5,22,3,261,0,9
2025-09-18 23:03:09.822246,450.2,27.72,78.83,0.0,15.91,23,3,261,0,9
2025-09-19 00:03:09.822246,533.35,19.68,65.3,0.0,21.71,0,4,262,0,9
2025-09-19 01:03:09.822246,564.34,29.88,80.58,0.0,20.28,1,4,262,0,9
2025-09-19 02:03:09.822246,410.9,21.83,57.6,0.0,23.04,2,4,262,0,9
2025-09-19 03:03:09.822246,415.67,24.38,68.89,0.0,25.43,3,4,262,0,9
2025-09-19 04:03:09.822246,512.0,32.05,78.62,0.0,23.84,4,4,262,0,9
2025-09-19 05:03:09.822246,517.31,27.67,89.46,0.0,19.97,5,4,262,0,9
2025-09-19 06:03:09.822246,479.06,19.79,91.82,0.0,28.2,6,4,262,0,9
2025-09-19 07:03:09.822246,478.68,20.11,75.15,0.0,18.47,7,4,262,0,9
2025-09-19 08:03:09.822246,425.65,22.19,79.08,0.0,26.12,8,4,262,0,9
2025-09-19 09:03:09.822246,591.76,27.16,87.36,0.0,29.17,9,4,262,0,9
2025-09-19 10:03:09.822246,565.18,26.98,64.22,0.0,21.44,10,4,262,0,9
2025-09-19 11:03:09.822246,586.06,20.97,81.57,0.0,20.22,11,4,262,0,9
2025-09-19 12:03:09.822246,525.27,19.35,69.24,0.0,20.44,12,4,262,0,9
2025-09-19 13:03:09.822246,674.24,26.59,75.8,0.0,11.68,13,4,262,0,9
2025-09-19 14:03:09.822246,484.94,24.27,72.93,0.0,17.47,14,4,262,0,9
2025-09-19 15:03:09.822246,703.18,35.97,81.87,0.0,13.05,15,4,262,0,9
2025-09-19 16:03:09.822246,522.51,25.37,83.02,0.0,7.02,16,4,262,0,9
2025-09-19 17:03:09.822246,643.01,34.26,86.43,0.0,0.0,17,4,262,0,9
2025-09-19 18:03:09.822246,486.93,19.33,81.0,0.0,4.49,18,4,262,0,9
2025-09-19 19:03:09.822246,514.87,17.32,79.23,0.0,4.77,19,4,262,0,9
2025-09-19 20:03:09.822246,417.64,19.58,96.06,0.0,7.96,20,4,262,0,9
2025-09-19 21:03:09.822246,474.4,31.13,62.27,0.0,15.23,21,4,262,0,9
2025-09-19 22:03:09.822246,600.75,33.96,94.47,0.63,15.1,22,4,262,0,9
2025-09-19 23:03:09.822246,456.39,21.27,74.62,0.0,13.54,23,4,262,0,9
2025-09-20 00:03:09.822246,406.34,22.64,83.39,0.0,13.73,0,5,263,1,9
2025-09-20 01:03:09.822246,448.51,19.1,74.42,0.0,8.43,1,5,263,1,9
2025-09-20 02:03:09.822246,368.19,15.88,70.66,0.0,23.84,2,5,263,1,9
2025-09-20 03:03:09.822246,475.97,28.53,82.53,0.0,23.9,3,5,263,1,9
2025-09-20 04:03:09.822246,393.07,26.06,88.1,0.0,28.77,4,5,263,1,9
2025-09-20 05:03:09.822246,417.13,24.99,82.41,0.0,26.55,5,5,263,1,9
2025-09-20 06:03:09.822246,388.18,17.94,72.26,0.0,22.2,6,5,263,1,9
2025-09-20 07:03:09.822246,404.13,33.14,100.0,0.0,27.2,7,5,263,1,9
2025-09-20 08:03:09.822246,421.13,22.42,89.67,0.0,25.41,8,5,263,1,9
2025-09-20 09:03:09.822246,571.07,27.61,87.01,0.0,27.13,9,5,263,1,9
2025-09-20 10:03:09.822246,551.87,17.67,74.15,0.0,18.74,10,5,263,1,9
2025-09-20 11:03:09.822246,509.15,23.99,71.43,0.0,14.61,11,5,263,1,9
2025-09-20 12:03:09.822246,497.55,26.4,74.88,0.0,15.97,12,5,263,1,9
2025-09-20 13:03:09.822246,497.41,26.58,88.5,0.0,12.31,13,5,263,1,9
2025-09-20 14:03:09.822246,609.08,25.71,67.78,0.0,7.47,14,5,263,1,9
2025-09-20 15:03:09.822246,479.54,27.41,67.0,0.0,5.32,15,5,263,1,9
2025-09-20 16:03:09.822246,455.04,19.29,83.08,0.0,12.78,16,5,263,1,9
2025-09-20 17:03:09.822246,464.15,25.93,80.87,0.0,5.21,17,5,263,1,9
2025-09-20 18:03:09.822246,361.79,25.51,69.98,0.0,10.92,18,5,263,1,9
2025-09-20 19:03:09.822246,488.29,26.1,66.77,0.0,16.27,19,5,263,1,9
2025-09-20 20:03:09.822246,382.69,25.3,92.06,0.0,5.58,20,5,263,1,9
2025-09-20 21:03:09.822246,482.76,18.58,81.25,0.0,4.76,21,5,263,1,9
2025-09-20 22:03:09.822246,380.38,18.35,64.05,0.0,5.3,22,5,263,1,9
2025-09-20 23:03:09.822246,406.17,13.87,64.75,0.0,18.22,23,5,263,1,9
2025-09-21 00:03:09.822246,318.41,28.78,74.22,0.0,14.74,0,6,264,1,9
2025-09-21 01:03:09.822246,437.87,28.83,85.17,0.0,18.53,1,6,264,1,9
2025-09-21 02:03:09.822246,352.8,28.91,83.79,0.0,18.67,2,6,264,1,9
2025-09-21 03:03:09.822246,393.09,26.23,89.16,0.0,22.01,3,6,264,1,9
2025-09-21 04:03:09.822246,375.33,14.03,62.94,0.0,37.23,4,6,264,1,9
2025-09-21 05:03:09.822246,433.48,19.56,80.08,0.0,21.96,5,6,264,1,9
2025-09-21 06:03:09.822246,386.84,25.55,92.1,0.0,15.28,6,6,264,1,9
2025-09-21 07:03:09.822246,447.22,25.37,91.17,0.0,24.79,7,6,264,1,9
2025-09-21 08:03:09.822246,426.31,23.58,81.43,0.0,21.44,8,6,264,1,9
2025-09-21 09:03:09.822246,425.14,26.54,100.0,0.0,25.95,9,6,264,1,9
2025-09-21 10:03:09.822246,583.42,24.75,83.93,5.38,20.43,10,6,264,1,9
2025-09-21 11:03:09.822246,499.05,25.3,88.27,0.0,23.73,11,6,264,1,9
2025-09-21 12:03:09.822246,628.84,21.5,78.28,0.0,5.25,12,6,264,1,9
2025-09-21 13:03:09.822246,532.31,29.61,70.03,0.0,15.7,13,6,264,1,9
2025-09-21 14:03:09.822246,485.13,22.54,69.09,0.0,17.29,14,6,264,1,9
2025-09-21 15:03:09.822246,522.88,18.04,79.66,0.0,6.38,15,6,264,1,9
2025-09-21 16:03:09.822246,498.94,20.84,75.72,0.0,4.71,16,6,264,1,9
2025-09-21 17:03:09.822246,425.71,22.95,60.15,4.6,3.54,17,6,264,1,9
2025-09-21 18:03:09.822246,483.33,29.67,67.58,0.0,2.69,18,6,264,1,9
2025-09-21 19:03:09.822246,433.84,24.49,74.66,0.0,11.25,19,6,264,1,9
2025-09-21 20:03:09.822246,442.79,23.77,85.11,0.0,2.11,20,6,264,1,9
2025-09-21 21:03:09.822246,454.69,18.45,77.68,0.0,11.38,21,6,264,1,9
2025-09-21 22:03:09.822246,440.74,28.62,77.12,0.0,2.77,22,6,264,1,9
2025-09-21 23:03:09.822246,435.88,21.44,67.97,0.0,6.51,23,6,264,1,9
2025-09-22 00:03:09.822246,610.47,23.95,78.22,0.0,15.9,0,0,265,0,9
2025-09-22 01:03:09.822246,557.34,31.85,91.18,0.0,12.56,1,0,265,0,9
2025-09-22 02:03:09.822246,522.3,26.99,79.55,0.0,14.75,2,0,265,0,9
2025-09-22 03:03:09.822246,397.77,16.31,62.92,0.0,28.34,3,0,265,0,9
2025-09-22 04:03:09.822246,369.36,15.6,65.48,0.0,26.35,4,0,265,0,9
2025-09-22 05:03:09.822246,504.16,24.13,83.88,0.0,25.14,5,0,265,0,9
2025-09-22 06:03:09.822246,476.02,18.39,75.75,0.0,28.45,6,0,265,0,9
2025-09-22 07:03:09.822246,495.57,27.69,77.25,0.0,17.9,7,0,265,0,9
2025-09-22 08:03:09.822246,562.91,24.66,71.87,0.0,19.17,8,0,265,0,9
2025-09-22 09:03:09.822246,557.06,25.28,83.03,0.0,23.46,9,0,265,0,9
2025-09-22 10:03:09.822246,598.32,20.92,74.98,0.0,12.91,10,0,265,0,9
2025-09-22 11:03:09.822246,668.08,33.16,76.13,0.0,10.67,11,0,265,0,9
2025-09-22 12:03:09.822246,603.08,38.66,69.48,0.0,13.51,12,0,265,0,9
2025-09-22 13:03:09.822246,621.87,23.06,87.21,0.53,13.5,13,0,265,0,9
2025-09-22 14:03:09.822246,590.54,26.22,75.78,0.0,9.04,14,0,265,0,9
2025-09-22 15:03:09.822246,617.87,24.94,84.07,0.0,3.53,15,0,265,0,9
2025-09-22 16:03:09.822246,517.46,23.15,66.06,0.0,2.18,16,0,265,0,9
2025-09-22 17:03:09.822246,468.53,20.29,95.33,0.0,4.26,17,0,265,0,9
2025-09-22 18:03:09.822246,458.98,19.03,90.77,0.0,8.87,18,0,265,0,9
2025-09-22 19:03:09.822246,469.13,18.77,58.89,0.0,13.07,19,0,265,0,9
2025-09-22 20:03:09.822246,498.67,26.48,69.97,0.0,6.82,20,0,265,0,9
2025-09-22 21:03:09.822246,468.52,21.85,82.77,0.0,0.0,21,0,265,0,9
2025-09-22 22:03:09.822246,436.14,11.56,64.8,0.0,14.51,22,0,265,0,9
2025-09-22 23:03:09.822246,495.64,26.67,76.68,5.03,15.84,23,0,265,0,9
2025-09-23 00:03:09.822246,501.46,24.01,82.41,0.0,12.34,0,1,266,0,9
2025-09-23 01:03:09.822246,529.29,30.94,76.29,0.0,16.65,1,1,266,0,9
2025-09-23 02:03:09.822246,520.9,26.07,83.53,0.0,27.29,2,1,266,0,9
2025-09-23 03:03:09.822246,534.83,16.81,71.21,0.0,30.1,3,1,266,0,9
2025-09-23 04:03:09.822246,507.74,13.06,55.7,0.0,19.78,4,1,266,0,9
2025-09-23 05:03:09.822246,393.94,20.61,87.96,0.0,35.84,5,1,266,0,9
2025-09-23 06:03:09.822246,443.49,21.08,87.9,0.0,27.42,6,1,266,0,9
2025-09-23 07:03:09.822246,520.37,28.92,100.0,0.0,37.35,7,1,266,0,9
2025-09-23 08:03:09.822246,493.56,24.16,56.07,0.0,17.05,8,1,266,0,9
2025-09-23 09:03:09.822246,609.53,29.87,85.65,0.0,19.53,9,1,266,0,9
2025-09-23 10:03:09.822246,580.44,17.58,58.45,0.0,9.27,10,1,266,0,9
2025-09-23 11:03:09.822246,626.29,29.03,95.71,0.0,16.69,11,1,266,0,9
2025-09-23 12:03:09.822246,597.06,27.81,83.02,0.0,19.22,12,1,266,0,9
2025-09-23 13:03:09.822246,682.86,14.11,68.62,0.0,21.69,13,1,266,0,9
2025-09-23 14:03:09.822246,593.04,30.82,85.94,0.0,6.49,14,1,266,0,9
2025-09-23 15:03:09.822246,574.98,24.67,72.61,0.0,9.77,15,1,266,0,9
2025-09-23 16:03:09.822246,501.16,26.16,81.14,0.0,4.89,16,1,266,0,9
2025-09-23 17:03:09.822246,450.37,19.88,80.2,0.0,8.97,17,1,266,0,9
2025-09-23 18:03:09.822246,501.35,30.58,95.58,0.0,4.39,18,1,266,0,9
2025-09-23 19:03:09.822246,483.06,18.27,96.29,0.0,4.03,19,1,266,0,9
2025-09-23 20:03:09.822246,521.58,28.36,72.17,0.24,0.0,20,1,266,0,9
2025-09-23 21:03:09.822246,615.69,28.31,88.72,0.0,9.41,21,1,266,0,9
2025-09-23 22:03:09.822246,489.91,19.33,81.69,0.0,17.38,22,1,266,0,9
2025-09-23 23:03:09.822246,484.3,34.12,64.01,0.0,6.13,23,1,266,0,9
2025-09-24 00:03:09.822246,485.19,25.11,71.32,0.0,19.62,0,2,267,0,9
2025-09-24 01:03:09.822246,512.82,27.22,100.0,0.0,18.05,1,2,267,0,9
2025-09-24 02:03:09.822246,476.02,16.32,81.86,0.0,9.67,2,2,267,0,9
2025-09-24 03:03:09.822246,613.14,34.54,88.28,0.0,20.4,3,2,267,0,9
2025-09-24 04:03:09.822246,389.4,17.83,76.16,0.0,22.33,4,2,267,0,9
2025-09-24 05:03:09.822246,424.93,29.08,72.88,0.0,26.89,5,2,267,0,9
2025-09-24 06:03:09.822246,469.81,18.98,78.56,0.0,27.79,6,2,267,0,9
2025-09-24 07:03:09.822246,586.91,20.86,75.62,0.0,25.36,7,2,267,0,9
2025-09-24 08:03:09.822246,484.49,27.9,63.35,0.0,27.15,8,2,267,0,9
2025-09-24 09:03:09.822246,443.89,29.09,68.25,0.0,17.57,9,2,267,0,9
2025-09-24 10:03:09.822246,610.08,17.6,85.36,0.0,19.1,10,2,267,0,9
2025-09-24 11:03:09.822246,659.25,29.41,74.48,0.0,16.86,11,2,267,0,9
2025-09-24 12:03:09.822246,561.37,29.18,78.54,0.0,20.85,12,2,267,0,9
2025-09-24 13:03:09.822246,553.01,19.27,80.63,0.0,3.22,13,2,267,0,9
2025-09-24 14:03:09.822246,607.49,31.95,81.41,0.0,13.01,14,2,267,0,9
2025-09-24 15:03:09.822246,577.21,16.67,89.75,0.0,15.45,15,2,267,0,9
2025-09-24 16:03:09.822246,517.1,20.83,67.3,0.0,6.98,16,2,267,0,9
2025-09-24 17:03:09.822246,536.79,26.35,83.99,0.0,21.94,17,2,267,0,9
2025-09-24 18:03:09.822246,348.29,19.69,85.83,0.0,2.57,18,2,267,0,9
2025-09-24 19:03:09.822246,472.91,25.27,88.14,0.0,4.65,19,2,267,0,9
2025-09-24 20:03:09.822246,452.72,25.16,64.15,0.0,3.56,20,2,267,0,9
2025-09-24 21:03:09.822246,497.79,23.02,80.83,0.0,6.82,21,2,267,0,9
2025-09-24 22:03:09.822246,495.04,28.12,95.44,0.0,13.13,22,2,267,0,9
2025-09-24 23:03:09.822246,525.37,22.81,77.29,0.0,10.58,23,2,267,0,9
2025-09-25 00:03:09.822246,408.04,24.86,83.25,0.0,10.89,0,3,268,0,9
2025-09-25 01:03:09.822246,526.77,29.44,86.22,0.0,9.63,1,3,268,0,9
2025-09-25 02:03:09.822246,545.04,27.66,68.16,0.0,19.22,2,3,268,0,9
2025-09-25 03:03:09.822246,602.69,27.64,96.76,0.0,21.97,3,3,268,0,9
2025-09-25 04:03:09.822246,456.94,17.96,83.41,0.0,22.14,4,3,268,0,9
2025-09-25 05:03:09.822246,539.67,26.33,83.61,0.0,35.78,5,3,268,0,9
2025-09-25 06:03:09.822246,393.23,19.31,61.8,0.0,28.25,6,3,268,0,9
2025-09-25 07:03:09.822246,375.62,17.3,86.36,7.29,21.97,7,3,268,0,9
2025-09-25 08:03:09.822246,599.25,23.35,83.48,0.0,27.22,8,3,268,0,9
2025-09-25 09:03:09.822246,535.44,19.18,94.66,1.08,26.18,9,3,268,0,9
2025-09-25 10:03:09.822246,700.55,27.66,75.31,0.0,19.97,10,3,268,0,9
2025-09-25 11:03:09.822246,525.63,27.78,68.54,0.0,15.53,11,3,268,0,9
2025-09-25 12:03:09.822246,672.58,14.19,71.6,0.0,10.12,12,3,268,0,9
2025-09-25 13:03:09.822246,680.36,19.56,73.37,0.0,19.27,13,3,268,0,9
2025-09-25 14:03:09.822246,596.12,16.41,67.23,0.0,9.2,14,3,268,0,9
2025-09-25 15:03:09.822246,554.86,21.39,91.32,0.0,6.98,15,3,268,0,9
2025-09-25 16:03:09.822246,571.18,25.98,91.7,0.0,11.91,16,3,268,0,9
2025-09-25 17:03:09.822246,431.53,22.49,76.46,0.0,5.51,17,3,268,0,9
2025-09-25 18:03:09.822246,535.94,20.76,74.49,0.0,17.3,18,3,268,0,9
2025-09-25 19:03:09.822246,487.01,30.21,60.26,0.0,2.71,19,3,268,0,9
2025-09-25 20:03:09.822246,542.84,12.18,85.38,0.0,4.49,20,3,268,0,9
2025-09-25 21:03:09.822246,451.79,29.89,94.95,0.0,4.42,21,3,268,0,9
2025-09-25 22:03:09.822246,449.17,20.98,72.05,0.0,5.85,22,3,268,0,9
2025-09-25 23:03:09.822246,562.6,23.31,77.25,0.0,14.44,23,3,268,0,9
2025-09-26 00:03:09.822246,478.16,20.82,82.89,0.0,18.54,0,4,269,0,9
2025-09-26 01:03:09.822246,599.9,31.17,95.8,0.0,15.68,1,4,269,0,9
2025-09-26 02:03:09.822246,471.25,17.3,80.55,0.0,20.21,2,4,269,0,9
2025-09-26 03:03:09.822246,391.21,23.51,80.51,11.27,23.13,3,4,269,0,9
2025-09-26 04:03:09.822246,491.95,26.09,80.34,0.0,30.13,4,4,269,0,9
2025-09-26 05:03:09.822246,473.98,15.4,64.3,0.0,21.63,5,4,269,0,9
2025-09-26 06:03:09.822246,512.04,18.86,64.08,0.0,25.89,6,4,269,0,9
2025-09-26 07:03:09.822246,516.16,22.71,70.47,0.0,26.82,7,4,269,0,9
2025-09-26 08:03:09.822246,446.63,19.02,88.68,0.0,25.71,8,4,269,0,9
2025-09-26 09:03:09.822246,562.94,19.38,75.2,0.0,22.45,9,4,269,0,9
2025-09-26 10:03:09.822246,712.29,21.71,73.25,0.0,25.11,10,4,269,0,9
2025-09-26 11:03:09.822246,647.8,26.7,73.08,0.0,14.12,11,4,269,0,9
2025-09-26 12:03:09.822246,568.32,21.74,77.17,0.0,14.14,12,4,269,0,9
2025-09-26 13:03:09.822246,704.03,28.85,95.57,0.0,9.46,13,4,269,0,9
2025-09-26 14:03:09.822246,633.95,18.47,77.04,0.0,6.71,14,4,269,0,9
2025-09-26 15:03:09.822246,574.5,17.19,70.69,0.0,8.51,15,4,269,0,9
2025-09-26 16:03:09.822246,538.84,33.09,78.8,0.0,11.3,16,4,269,0,9
2025-09-26 17:03:09.822246,534.98,20.16,96.1,0.0,1.43,17,4,269,0,9
2025-09-26 18:03:09.822246,560.42,16.9,73.52,0.0,9.6,18,4,269,0,9
2025-09-26 19:03:09.822246,456.02,14.74,66.74,0.0,3.68,19,4,269,0,9
2025-09-26 20:03:09.822246,585.23,28.83,73.54,0.0,1.55,20,4,269,0,9
2025-09-26 21:03:09.822246,475.3,21.75,79.84,0.0,4.62,21,4,269,0,9
2025-09-26 22:03:09.822246,471.66,22.19,85.43,0.0,14.79,22,4,269,0,9
2025-09-26 23:03:09.822246,536.17,22.66,88.62,0.0,7.22,23,4,269,0,9
2025-09-27 00:03:09.822246,427.92,28.27,68.22,0.0,25.03,0,5,270,1,9
2025-09-27 01:03:09.822246,470.29,22.31,69.17,0.0,18.28,1,5,270,1,9
2025-09-27 02:03:09.822246,486.31,34.92,75.44,0.0,11.51,2,5,270,1,9
2025-09-27 03:03:09.822246,399.22,23.87,85.52,0.0,16.89,3,5,270,1,9
2025-09-27 04:03:09.822246,443.56,28.51,66.08,0.0,27.78,4,5,270,1,9
2025-09-27 05:03:09.822246,458.42,27.23,72.6,0.0,17.37,5,5,270,1,9
2025-09-27 06:03:09.822246,318.25,23.02,72.75,0.0,28.31,6,5,270,1,9
2025-09-27 07:03:09.822246,387.37,20.27,88.09,0.0,18.81,7,5,270,1,9
2025-09-27 08:03:09.822246,493.05,24.86,83.96,0.0,25.49,8,5,270,1,9
2025-09-27 09:03:09.822246,487.19,25.75,87.71,0.0,28.66,9,5,270,1,9
2025-09-27 10:03:09.822246,467.33,20.34,92.06,0.0,21.89,10,5,270,1,9
2025-09-27 11:03:09.822246,430.27,24.03,75.62,0.0,21.85,11,5,270,1,9
2025-09-27 12:03:09.822246,503.76,29.38,66.8,0.0,18.63,12,5,270,1,9
2025-09-27 13:03:09.822246,488.35,33.55,66.87,0.0,6.71,13,5,270,1,9
2025-09-27 14:03:09.822246,500.7,27.47,60.3,0.0,3.95,14,5,270,1,9
2025-09-27 15:03:09.822246,520.26,32.52,74.09,0.0,0.0,15,5,270,1,9
2025-09-27 16:03:09.822246,400.65,20.06,74.83,0.0,7.89,16,5,270,1,9
2025-09-27 17:03:09.822246,444.78,26.71,86.55,0.0,4.84,17,5,270,1,9
2025-09-27 18:03:09.822246,459.51,29.9,78.85,6.28,0.01,18,5,270,1,9
2025-09-27 19:03:09.822246,530.33,18.72,73.77,0.0,7.01,19,5,270,1,9
2025-09-27 20:03:09.822246,320.78,20.77,77.52,0.0,14.37,20,5,270,1,9
2025-09-27 21:03:09.822246,510.71,31.89,68.29,0.0,11.38,21,5,270,1,9
2025-09-27 22:03:09.822246,478.42,18.33,88.93,0.0,16.86,22,5,270,1,9
2025-09-27 23:03:09.822246,395.45,16.5,70.82,0.0,10.48,23,5,270,1,9
2025-09-28 00:03:09.822246,455.87,30.59,67.4,0.0,15.88,0,6,271,1,9
2025-09-28 01:03:09.822246,460.85,28.93,86.98,0.0,19.19,1,6,271,1,9
2025-09-28 02:03:09.822246,454.41,25.11,84.54,0.0,24.23,2,6,271,1,9
2025-09-28 03:03:09.822246,521.87,22.72,61.56,0.0,14.41,3,6,271,1,9
2025-09-28 04:03:09.822246,471.47,20.76,87.35,0.0,31.18,4,6,271,1,9
2025-09-28 05:03:09.822246,437.8,24.36,71.38,0.0,25.83,5,6,271,1,9
2025-09-28 06:03:09.822246,421.1,30.85,75.06,0.0,31.53,6,6,271,1,9
2025-09-28 07:03:09.822246,337.99,24.14,80.67,0.0,29.94,7,6,271,1,9
2025-09-28 08:03:09.822246,539.97,33.78,84.66,0.0,12.97,8,6,271,1,9
2025-09-28 09:03:09.822246,507.85,18.46,83.25,0.0,23.74,9,6,271,1,9
2025-09-28 10:03:09.822246,431.95,22.85,78.3,0.0,22.46,10,6,271,1,9
2025-09-28 11:03:09.822246,428.25,21.08,74.55,0.0,16.5,11,6,271,1,9
2025-09-28 12:03:09.822246,518.31,17.52,82.92,0.0,15.05,12,6,271,1,9
2025-09-28 13:03:09.822246,459.92,22.18,77.61,0.0,8.01,13,6,271,1,9
2025-09-28 14:03:09.822246,510.05,25.04,96.85,0.0,9.23,14,6,271,1,9
2025-09-28 15:03:09.822246,492.2,25.57,84.66,2.66,6.28,15,6,271,1,9
2025-09-28 16:03:09.822246,511.41,33.8,69.56,0.0,3.76,16,6,271,1,9
2025-09-28 17:03:09.822246,409.61,25.27,74.02,0.0,3.51,17,6,271,1,9
2025-09-28 18:03:09.822246,486.64,28.7,79.28,0.0,0.0,18,6,271,1,9
2025-09-28 19:03:09.822246,331.21,23.28,91.79,0.0,2.75,19,6,271,1,9
2025-09-28 20:03:09.822246,365.25,31.34,92.91,0.0,1.79,20,6,271,1,9
2025-09-28 21:03:09.822246,416.36,34.94,74.84,0.0,3.76,21,6,271,1,9
2025-09-28 22:03:09.822246,465.61,25.61,69.46,0.0,3.09,22,6,271,1,9
2025-09-28 23:03:09.822246,386.49,17.99,68.18,0.0,11.25,23,6,271,1,9
2025-09-29 00:03:09.822246,451.92,19.95,81.44,0.0,10.57,0,0,272,0,9
2025-09-29 01:03:09.822246,480.01,24.11,100.0,0.0,13.08,1,0,272,0,9
2025-09-29 02:03:09.822246,404.81,24.98,84.3,0.0,20.61,2,0,272,0,9
2025-09-29 03:03:09.822246,539.1,26.19,62.97,0.0,30.21,3,0,272,0,9
2025-09-29 04:03:09.822246,487.37,25.0,71.65,0.0,24.32,4,0,272,0,9
2025-09-29 05:03:09.822246,512.48,22.73,72.67,0.0,30.02,5,0,272,0,9
2025-09-29 06:03:09.822246,562.84,19.52,70.69,0.0,24.52,6,0,272,0,9
2025-09-29 07:03:09.822246,522.41,24.7,75.03,0.0,37.04,7,0,272,0,9
2025-09-29 08:03:09.822246,629.52,31.97,82.61,0.0,18.05,8,0,272,0,9
2025-09-29 09:03:09.822246,590.41,27.8,85.73,0.0,12.11,9,0,272,0,9
2025-09-29 10:03:09.822246,620.91,25.37,89.83,0.0,24.48,10,0,272,0,9
2025-09-29 11:03:09.822246,653.09,27.84,84.15,0.0,21.26,11,0,272,0,9
2025-09-29 12:03:09.822246,572.46,20.84,59.37,0.0,5.96,12,0,272,0,9
2025-09-29 13:03:09.822246,618.01,20.16,68.34,15.34,11.67,13,0,272,0,9
2025-09-29 14:03:09.822246,558.12,18.96,77.33,0.0,18.98,14,0,272,0,9
2025-09-29 15:03:09.822246,511.62,22.07,80.38,0.0,12.39,15,0,272,0,9
2025-09-29 16:03:09.822246,600.65,20.59,87.53,0.0,0.0,16,0,272,0,9
2025-09-29 17:03:09.822246,534.79,28.74,79.34,0.0,0.0,17,0,272,0,9
2025-09-29 18:03:09.822246,523.2,20.32,79.42,0.0,13.09,18,0,272,0,9
2025-09-29 19:03:09.822246,549.0,18.68,81.29,0.0,1.1,19,0,272,0,9
2025-09-29 20:03:09.822246,546.56,32.41,76.36,0.0,11.18,20,0,272,0,9
2025-09-29 21:03:09.822246,492.44,20.44,79.78,0.0,11.48,21,0,272,0,9
2025-09-29 22:03:09.822246,412.56,23.46,90.17,0.0,9.88,22,0,272,0,9
2025-09-29 23:03:09.822246,546.41,24.95,78.07,0.0,8.67,23,0,272,0,9
2025-09-30 00:03:09.822246,482.83,16.76,78.72,0.0,22.45,0,1,273,0,9
2025-09-30 01:03:09.822246,557.97,28.62,78.69,0.0,6.37,1,1,273,0,9
2025-09-30 02:03:09.822246,510.02,25.63,92.0,0.0,25.48,2,1,273,0,9
2025-09-30 03:03:09.822246,472.98,30.23,67.94,0.0,20.45,3,1,273,0,9
2025-09-30 04:03:09.822246,548.09,19.05,96.78,0.0,19.85,4,1,273,0,9
2025-09-30 05:03:09.822246,411.36,22.94,67.26,0.0,24.05,5,1,273,0,9
2025-09-30 06:03:09.822246,475.14,22.64,72.48,0.0,30.64,6,1,273,0,9
2025-09-30 07:03:09.822246,549.14,23.76,86.47,0.0,18.42,7,1,273,0,9
2025-09-30 08:03:09.822246,544.45,15.17,89.32,0.0,25.32,8,1,273,0,9
2025-09-30 09:03:09.822246,681.15,23.0,64.99,0.0,25.06,9,1,273,0,9
2025-09-30 10:03:09.822246,660.02,15.31,68.09,0.0,19.0,10,1,273,0,9
2025-09-30 11:03:09.822246,554.89,24.23,81.8,0.0,12.06,11,1,273,0,9
2025-09-30 12:03:09.822246,622.41,11.8,100.0,0.0,10.88,12,1,273,0,9
2025-09-30 13:03:09.822246,625.65,13.18,91.48,0.0,21.32,13,1,273,0,9
2025-09-30 14:03:09.822246,515.11,26.53,76.54,0.0,14.72,14,1,273,0,9
2025-09-30 15:03:09.822246,545.08,19.71,54.83,0.0,10.92,15,1,273,0,9
2025-09-30 16:03:09.822246,524.38,17.5,79.84,0.0,16.99,16,1,273,0,9
2025-09-30 17:03:09.822246,466.85,28.8,82.64,0.0,1.4,17,1,273,0,9
2025-09-30 18:03:09.822246,505.11,24.08,75.19,0.0,4.92,18,1,273,0,9
2025-09-30 19:03:09.822246,513.9,26.8,70.51,0.0,5.58,19,1,273,0,9
2025-09-30 20:03:09.822246,378.11,21.61,80.61,0.0,12.52,20,1,273,0,9
2025-09-30 21:03:09.822246,582.65,35.84,69.6,0.0,0.0,21,1,273,0,9
2025-09-30 22:03:09.822246,507.27,19.42,97.75,0.0,10.41,22,1,273,0,9
2025-09-30 23:03:09.822246,601.35,31.16,94.19,0.0,12.4,23,1,273,0,9
2025-10-01 00:03:09.822246,481.43,21.88,85.7,0.0,19.12,0,2,274,0,10
2025-10-01 01:03:09.822246,541.23,13.91,80.02,2.04,15.42,1,2,274,0,10
2025-10-01 02:03:09.822246,549.82,24.6,72.52,0.0,26.07,2,2,274,0,10
2025-10-01 03:03:09.822246,525.54,23.76,78.92,0.0,24.09,3,2,274,0,10
2025-10-01 04:03:09.822246,459.08,16.93,95.52,0.0,19.76,4,2,274,0,10
2025-10-01 05:03:09.822246,524.28,17.58,87.81,0.0,27.55,5,2,274,0,10
2025-10-01 06:03:09.822246,566.64,22.06,81.16,0.8,24.4,6,2,274,0,10
2025-10-01 07:03:09.822246,502.3,23.94,88.36,0.0,27.11,7,2,274,0,10
2025-10-01 08:03:09.822246,720.98,9.83,84.58,0.0,17.73,8,2,274,0,10
2025-10-01 09:03:09.822246,534.81,27.45,83.09,0.0,20.72,9,2,274,0,10
2025-10-01 10:03:09.822246,566.06,19.71,88.93,0.0,25.09,10,2,274,0,10
2025-10-01 11:03:09.822246,562.34,15.53,84.29,0.0,24.62,11,2,274,0,10
2025-10-01 12:03:09.822246,629.99,26.89,87.71,0.0,17.2,12,2,274,0,10
2025-10-01 13:03:09.822246,499.06,22.07,80.74,0.0,11.23,13,2,274,0,10
2025-10-01 14:03:09.822246,574.78,28.27,76.58,0.0,7.26,14,2,274,0,10
2025-10-01 15:03:09.822246,547.71,24.38,73.64,0.0,4.43,15,2,274,0,10
2025-10-01 16:03:09.822246,532.71,22.18,72.45,0.0,2.83,16,2,274,0,10
2025-10-01 17:03:09.822246,577.05,21.42,63.07,0.0,1.11,17,2,274,0,10
2025-10-01 18:03:09.822246,529.79,24.6,70.01,0.0,4.58,18,2,274,0,10
2025-10-01 19:03:09.822246,374.55,20.12,69.72,0.0,2.41,19,2,274,0,10
2025-10-01 20:03:09.822246,623.7,17.92,74.05,0.0,9.1,20,2,274,0,10
2025-10-01 21:03:09.822246,462.31,25.24,94.75,4.95,9.73,21,2,274,0,10
2025-10-01 22:03:09.822246,436.85,21.46,77.55,0.0,15.49,22,2,274,0,10
2025-10-01 23:03:09.822246,488.05,22.35,81.54,0.0,15.24,23,2,274,0,10
2025-10-02 00:03:09.822246,528.44,27.38,81.96,0.0,19.19,0,3,275,0,10
2025-10-02 01:03:09.822246,477.72,21.36,95.1,0.0,13.5,1,3,275,0,10
2025-10-02 02:03:09.822246,542.7,22.01,73.47,0.0,22.45,2,3,275,0,10
2025-10-02 03:03:09.822246,478.89,18.93,77.0,0.0,23.32,3,3,275,0,10
2025-10-02 04:03:09.822246,483.28,24.08,78.16,0.0,13.79,4,3,275,0,10
2025-10-02 05:03:09.822246,459.71,23.68,90.59,0.0,24.38,5,3,275,0,10
2025-10-02 06:03:09.822246,476.8,26.44,92.66,0.0,19.97,6,3,275,0,10
2025-10-02 07:03:09.822246,494.17,19.04,83.97,0.0,17.05,7,3,275,0,10
2025-10-02 08:03:09.822246,574.89,19.64,91.55,0.0,22.11,8,3,275,0,10
2025-10-02 09:03:09.822246,635.8,25.89,81.0,0.0,18.9,9,3,275,0,10
2025-10-02 10:03:09.822246,623.51,23.19,77.5,0.0,16.23,10,3,275,0,10
2025-10-02 11:03:09.822246,618.04,17.4,91.01,0.0,10.39,11,3,275,0,10
2025-10-02 12:03:09.822246,574.78,28.46,84.1,0.0,23.89,12,3,275,0,10
2025-10-02 13:03:09.822246,667.23,13.44,71.87,0.0,6.18,13,3,275,0,10
2025-10-02 14:03:09.822246,535.21,25.85,89.2,0.0,8.32,14,3,275,0,10
2025-10-02 15:03:09.822246,544.46,15.61,77.14,0.0,11.34,15,3,275,0,10
2025-10-02 16:03:09.822246,535.61,31.36,75.91,0.0,11.23,16,3,275,0,10
2025-10-02 17:03:09.822246,572.54,14.21,88.15,0.0,0.0,17,3,275,0,10
2025-10-02 18:03:09.822246,593.6,27.69,78.33,0.0,3.91,18,3,275,0,10
2025-10-02 19:03:09.822246,540.44,21.52,83.11,0.0,8.11,19,3,275,0,10
2025-10-02 20:03:09.822246,551.32,20.1,85.84,0.0,7.83,20,3,275,0,10
2025-10-02 21:03:09.822246,464.15,22.86,71.39,0.0,9.83,21,3,275,0,10
2025-10-02 22:03:09.822246,480.65,25.09,83.07,0.0,4.03,22,3,275,0,10
2025-10-02 23:03:09.822246,516.75,17.41,92.72,0.0,8.28,23,3,275,0,10
2025-10-03 00:03:09.822246,550.75,17.6,69.75,0.0,14.24,0,4,276,0,10
2025-10-03 01:03:09.822246,531.12,24.92,83.81,0.0,16.03,1,4,276,0,10
2025-10-03 02:03:09.822246,478.32,13.14,71.02,0.0,20.82,2,4,276,0,10
2025-10-03 03:03:09.822246,533.34,18.75,89.53,0.0,16.79,3,4,276,0,10
2025-10-03 04:03:09.822246,626.99,36.88,89.43,0.0,28.54,4,4,276,0,10
2025-10-03 05:03:09.822246,400.88,16.83,75.77,0.0,18.7,5,4,276,0,10
2025-10-03 06:03:09.822246,519.0,27.41,100.0,0.0,26.15,6,4,276,0,10
2025-10-03 07:03:09.822246,466.06,18.75,90.38,0.0,20.59,7,4,276,0,10
2025-10-03 08:03:09.822246,413.76,24.22,86.38,0.0,22.33,8,4,276,0,10
2025-10-03 09:03:09.822246,601.89,24.95,85.82,11.69,14.7,9,4,276,0,10
2025-10-03 10:03:09.822246,645.14,27.32,89.15,0.0,19.16,10,4,276,0,10
2025-10-03 11:03:09.822246,587.02,20.67,69.36,0.0,20.92,11,4,276,0,10
2025-10-03 12:03:09.822246,536.91,31.62,81.26,0.0,21.33,12,4,276,0,10
2025-10-03 13:03:09.822246,538.98,18.73,83.15,0.0,11.92,13,4,276,0,10
2025-10-03 14:03:09.822246,485.73,22.85,75.31,0.0,3.91,14,4,276,0,10
2025-10-03 15:03:09.822246,646.92,22.9,83.96,0.0,12.01,15,4,276,0,10
2025-10-03 16:03:09.822246,499.76,16.07,91.63,0.0,8.07,16,4,276,0,10
2025-10-03 17:03:09.822246,571.24,20.25,75.1,0.0,4.5,17,4,276,0,10
2025-10-03 18:03:09.822246,561.5,22.48,78.77,0.0,2.3,18,4,276,0,10
2025-10-03 19:03:09.822246,447.36,19.51,71.11,0.0,4.74,19,4,276,0,10
2025-10-03 20:03:09.822246,516.13,33.88,61.44,0.0,6.48,20,4,276,0,10
2025-10-03 21:03:09.822246,521.18,17.48,87.1,0.0,11.98,21,4,276,0,10
2025-10-03 22:03:09.822246,501.07,27.57,79.06,0.0,5.76,22,4,276,0,10
2025-10-03 23:03:09.822246,538.99,25.96,79.79,0.0,9.03,23,4,276,0,10
2025-10-04 00:03:09.822246,409.65,21.35,69.53,0.0,13.83,0,5,277,1,10
2025-10-04 01:03:09.822246,321.3,17.09,77.55,0.0,10.8,1,5,277,1,10
2025-10-04 02:03:09.822246,322.09,17.58,90.37,0.0,23.44,2,5,277,1,10
2025-10-04 03:03:09.822246,425.19,18.83,79.41,0.0,25.03,3,5,277,1,10
2025-10-04 04:03:09.822246,414.84,12.49,79.69,0.0,25.15,4,5,277,1,10
2025-10-04 05:03:09.822246,388.79,16.4,81.48,0.0,36.76,5,5,277,1,10
2025-10-04 06:03:09.822246,479.44,14.01,67.04,0.0,28.4,6,5,277,1,10
2025-10-04 07:03:09.822246,494.33,28.15,85.65,0.0,31.38,7,5,277,1,10
2025-10-04 08:03:09.822246,473.74,24.51,66.85,0.0,23.97,8,5,277,1,10
2025-10-04 09:03:09.822246,495.17,25.35,70.01,0.0,19.33,9,5,277,1,10
2025-10-04 10:03:09.822246,562.74,24.36,68.91,0.0,12.81,10,5,277,1,10
2025-10-04 11:03:09.822246,450.64,22.25,77.65,0.0,19.12,11,5,277,1,10
2025-10-04 12:03:09.822246,590.21,28.72,75.88,0.0,17.71,12,5,277,1,10
2025-10-04 13:03:09.822246,532.46,18.36,79.39,0.0,17.06,13,5,277,1,10
2025-10-04 14:03:09.822246,528.1,21.95,70.35,0.0,7.49,14,5,277,1,10
2025-10-04 15:03:09.822246,439.53,25.15,89.46,0.0,11.26,15,5,277,1,10
2025-10-04 16:03:09.822246,434.35,14.81,87.74,0.0,0.0,16,5,277,1,10
2025-10-04 17:03:09.822246,430.06,36.9,77.66,0.0,5.79,17,5,277,1,10
2025-10-04 18:03:09.822246,453.0,21.56,74.62,4.5,7.75,18,5,277,1,10
2025-10-04 19:03:09.822246,476.5,22.13,73.61,7.61,8.56,19,5,277,1,10
2025-10-04 20:03:09.822246,518.14,27.7,76.3,0.0,10.44,20,5,277,1,10
2025-10-04 21:03:09.822246,411.93,25.99,65.4,0.0,10.61,21,5,277,1,10
2025-10-04 22:03:09.822246,381.09,21.61,69.81,0.0,10.56,22,5,277,1,10
2025-10-04 23:03:09.822246,513.31,22.07,88.0,0.0,18.61,23,5,277,1,10
2025-10-05 00:03:09.822246,486.35,13.64,82.5,0.0,14.74,0,6,278,1,10
2025-10-05 01:03:09.822246,469.59,18.38,95.82,0.0,17.54,1,6,278,1,10
2025-10-05 02:03:09.822246,445.02,23.75,76.49,0.0,27.9,2,6,278,1,10
2025-10-05 03:03:09.822246,403.98,23.38,75.87,0.0,8.1,3,6,278,1,10
2025-10-05 04:03:09.822246,419.88,27.27,75.4,0.0,26.54,4,6,278,1,10
2025-10-05 05:03:09.822246,342.63,20.56,76.29,0.0,27.7,5,6,278,1,10
2025-10-05 06:03:09.822246,482.48,14.22,72.88,0.0,22.9,6,6,278,1,10
2025-10-05 07:03:09.822246,527.63,26.44,82.19,2.53,24.75,7,6,278,1,10
2025-10-05 08:03:09.822246,583.62,28.34,79.77,0.0,23.59,8,6,278,1,10
2025-10-05 09:03:09.822246,564.62,25.65,74.38,0.0,21.0,9,6,278,1,10
2025-10-05 10:03:09.822246,590.05,20.34,91.99,0.0,19.68,10,6,278,1,10
2025-10-05 11:03:09.822246,493.5,26.38,98.45,1.86,19.49,11,6,278,1,10
2025-10-05 12:03:09.822246,549.55,38.31,91.15,0.0,12.04,12,6,278,1,10
2025-10-05 13:03:09.822246,562.75,21.74,85.06,0.0,12.39,13,6,278,1,10
2025-10-05 14:03:09.822246,519.43,14.6,87.1,0.0,3.25,14,6,278,1,10
2025-10-05 15:03:09.822246,497.38,18.23,98.05,0.0,4.86,15,6,278,1,10
2025-10-05 16:03:09.822246,499.32,24.29,87.09,0.0,0.91,16,6,278,1,10
2025-10-05 17:03:09.822246,479.54,13.14,73.63,0.0,6.12,17,6,278,1,10
2025-10-05 18:03:09.822246,514.02,22.01,83.4,0.0,0.0,18,6,278,1,10
2025-10-05 19:03:09.822246,483.73,23.06,85.74,0.0,0.0,19,6,278,1,10
2025-10-05 20:03:09.822246,465.24,28.84,69.53,0.0,0.0,20,6,278,1,10
2025-10-05 21:03:09.822246,506.44,27.71,76.63,0.0,2.77,21,6,278,1,10
2025-10-05 22:03:09.822246,470.76,25.48,90.49,0.0,15.16,22,6,278,1,10
2025-10-05 23:03:09.822246,438.75,10.35,61.25,0.0,20.09,23,6,278,1,10
2025-10-06 00:03:09.822246,572.39,25.51,67.05,0.0,13.31,0,0,279,0,10
2025-10-06 01:03:09.822246,442.78,24.43,77.79,0.0,10.12,1,0,279,0,10
2025-10-06 02:03:09.822246,550.29,22.18,83.09,0.0,18.5,2,0,279,0,10
2025-10-06 03:03:09.822246,456.74,12.25,65.98,0.0,29.0,3,0,279,0,10
2025-10-06 04:03:09.822246,539.14,17.02,78.29,0.0,24.81,4,0,279,0,10
2025-10-06 05:03:09.822246,503.77,15.07,91.09,0.0,17.35,5,0,279,0,10
2025-10-06 06:03:09.822246,613.02,10.83,80.24,0.0,34.12,6,0,279,0,10
2025-10-06 07:03:09.822246,534.99,20.89,88.95,0.0,22.87,7,0,279,0,10
2025-10-06 08:03:09.822246,514.0,16.91,73.64,0.0,20.99,8,0,279,0,10
2025-10-06 09:03:09.822246,641.88,34.03,71.46,0.0,27.93,9,0,279,0,10
2025-10-06 10:03:09.822246,533.16,20.06,88.05,0.0,21.38,10,0,279,0,10
2025-10-06 11:03:09.822246,646.57,27.37,83.25,0.0,24.03,11,0,279,0,10
2025-10-06 12:03:09.822246,627.83,13.06,67.7,0.0,14.31,12,0,279,0,10
2025-10-06 13:03:09.822246,611.09,18.25,71.55,0.0,12.04,13,0,279,0,10
2025-10-06 14:03:09.822246,572.24,21.39,95.2,0.0,7.62,14,0,279,0,10
2025-10-06 15:03:09.822246,544.19,16.36,70.31,0.0,8.7,15,0,279,0,10
2025-10-06 16:03:09.822246,519.51,18.79,88.9,0.0,6.14,16,0,279,0,10
2025-10-06 17:03:09.822246,579.04,19.81,74.78,8.51,1.82,17,0,279,0,10
2025-10-06 18:03:09.822246,600.12,19.73,79.53,0.0,0.0,18,0,279,0,10
2025-10-06 19:03:09.822246,514.05,30.18,82.5,0.0,7.72,19,0,279,0,10
2025-10-06 20:03:09.822246,576.05,22.79,58.55,0.76,7.96,20,0,279,0,10
2025-10-06 21:03:09.822246,416.59,23.3,64.93,0.0,6.61,21,0,279,0,10
2025-10-06 22:03:09.822246,490.56,23.6,80.42,0.0,14.73,22,0,279,0,10
2025-10-06 23:03:09.822246,427.48,23.97,72.31,0.0,13.16,23,0,279,0,10
2025-10-07 00:03:09.822246,414.63,20.23,89.59,0.0,17.18,0,1,280,0,10
2025-10-07 01:03:09.822246,450.25,19.04,63.56,0.0,17.56,1,1,280,0,10
2025-10-07 02:03:09.822246,520.28,21.48,85.28,0.0,12.07,2,1,280,0,10
2025-10-07 03:03:09.822246,529.98,26.43,65.86,0.0,28.6,3,1,280,0,10
2025-10-07 04:03:09.822246,494.69,26.28,76.11,0.0,25.56,4,1,280,0,10
2025-10-07 05:03:09.822246,515.84,19.44,68.98,0.0,18.03,5,1,280,0,10
2025-10-07 06:03:09.822246,492.01,24.48,98.65,0.0,22.74,6,1,280,0,10
2025-10-07 07:03:09.822246,539.6,19.67,66.23,0.0,27.53,7,1,280,0,10
2025-10-07 08:03:09.822246,536.42,20.81,78.41,0.0,31.22,8,1,280,0,10
2025-10-07 09:03:09.822246,518.42,18.28,62.36,0.0,23.51,9,1,280,0,10
2025-10-07 10:03:09.822246,659.6,19.74,95.62,0.0,23.69,10,1,280,0,10
2025-10-07 11:03:09.822246,610.87,27.35,83.64,0.0,25.83,11,1,280,0,10
2025-10-07 12:03:09.822246,563.79,21.11,81.0,0.0,23.0,12,1,280,0,10
2025-10-07 13:03:09.822246,577.44,21.32,94.37,0.0,13.73,13,1,280,0,10
2025-10-07 14:03:09.822246,542.45,13.41,81.1,0.0,13.29,14,1,280,0,10
2025-10-07 15:03:09.822246,543.76,19.1,81.82,0.0,3.04,15,1,280,0,10
2025-10-07 16:03:09.822246,545.42,19.44,80.94,0.0,6.08,16,1,280,0,10
2025-10-07 17:03:09.822246,534.2,16.5,85.26,0.0,7.37,17,1,280,0,10
2025-10-07 18:03:09.822246,422.1,20.75,74.7,0.0,2.9,18,1,280,0,10
2025-10-07 19:03:09.822246,476.08,18.5,77.48,0.0,0.0,19,1,280,0,10
2025-10-07 20:03:09.822246,553.79,21.05,87.73,0.0,6.14,20,1,280,0,10
2025-10-07 21:03:09.822246,547.3,21.25,82.4,0.0,0.0,21,1,280,0,10
2025-10-07 22:03:09.822246,641.39,15.87,78.48,0.0,17.55,22,1,280,0,10
2025-10-07 23:03:09.822246,570.2,18.65,65.62,0.0,12.13,23,1,280,0,10
2025-10-08 00:03:09.822246,610.52,20.77,94.67,0.0,20.31,0,2,281,0,10
2025-10-08 01:03:09.822246,442.58,26.31,73.07,3.34,13.19,1,2,281,0,10
2025-10-08 02:03:09.822246,532.37,21.67,89.56,0.0,17.48,2,2,281,0,10
2025-10-08 03:03:09.822246,500.43,17.08,81.45,0.0,25.01,3,2,281,0,10
2025-10-08 04:03:09.822246,471.75,22.38,66.75,0.0,31.12,4,2,281,0,10
2025-10-08 05:03:09.822246,513.13,28.93,92.21,0.0,25.59,5,2,281,0,10
2025-10-08 06:03:09.822246,552.93,24.97,82.23,0.0,20.87,6,2,281,0,10
2025-10-08 07:03:09.822246,567.59,23.12,93.04,0.0,29.03,7,2,281,0,10
2025-10-08 08:03:09.822246,541.32,24.02,77.87,0.0,18.3,8,2,281,0,10
2025-10-08 09:03:09.822246,613.0,27.59,86.73,0.0,28.58,9,2,281,0,10
2025-10-08 10:03:09.822246,552.89,25.77,62.06,0.0,25.31,10,2,281,0,10
2025-10-08 11:03:09.822246,597.0,23.22,74.69,0.0,13.8,11,2,281,0,10
2025-10-08 12:03:09.822246,615.85,25.73,66.96,0.0,14.38,12,2,281,0,10
2025-10-08 13:03:09.822246,585.01,14.98,75.94,0.0,9.86,13,2,281,0,10
2025-10-08 14:03:09.822246,625.96,12.88,84.41,0.0,11.9,14,2,281,0,10
2025-10-08 15:03:09.822246,489.48,21.17,73.64,11.04,10.28,15,2,281,0,10
2025-10-08 16:03:09.822246,638.96,20.73,88.33,0.0,0.0,16,2,281,0,10
2025-10-08 17:03:09.822246,439.5,17.67,71.12,0.0,7.93,17,2,281,0,10
2025-10-08 18:03:09.822246,502.08,24.52,88.54,7.51,4.51,18,2,281,0,10
2025-10-08 19:03:09.822246,569.94,11.07,92.79,0.0,0.0,19,2,281,0,10
2025-10-08 20:03:09.822246,555.22,17.71,89.82,0.0,9.39,20,2,281,0,10
2025-10-08 21:03:09.822246,497.86,17.96,76.25,0.0,15.85,21,2,281,0,10
2025-10-08 22:03:09.822246,512.04,12.21,58.43,0.0,10.55,22,2,281,0,10
2025-10-08 23:03:09.822246,558.55,27.86,85.51,21.83,19.4,23,2,281,0,10
2025-10-09 00:03:09.822246,489.64,13.33,78.49,0.0,19.1,0,3,282,0,10
2025-10-09 01:03:09.822246,587.42,17.19,69.96,0.0,21.75,1,3,282,0,10
2025-10-09 02:03:09.822246,567.1,24.67,74.18,0.71,22.33,2,3,282,0,10
2025-10-09 03:03:09.822246,579.07,23.36,94.09,0.0,20.97,3,3,282,0,10
2025-10-09 04:03:09.822246,492.1,14.59,68.37,0.0,19.95,4,3,282,0,10
2025-10-09 05:03:09.822246,518.52,23.54,84.43,0.0,40.03,5,3,282,0,10
2025-10-09 06:03:09.822246,452.35,21.58,81.93,0.0,25.86,6,3,282,0,10
2025-10-09 07:03:09.822246,519.84,31.79,76.17,0.86,25.43,7,3,282,0,10
2025-10-09 08:03:09.822246,585.53,22.15,86.19,0.0,29.09,8,3,282,0,10
2025-10-09 09:03:09.822246,570.22,19.42,96.07,0.0,12.6,9,3,282,0,10
2025-10-09 10:03:09.822246,647.93,15.85,76.79,0.0,22.88,10,3,282,0,10
2025-10-09 11:03:09.822246,528.49,16.41,77.32,0.0,24.33,11,3,282,0,10
2025-10-09 12:03:09.822246,733.49,16.0,85.97,0.0,21.61,12,3,282,0,10
2025-10-09 13:03:09.822246,582.62,26.98,88.93,0.0,15.28,13,3,282,0,10
2025-10-09 14:03:09.822246,603.09,20.22,78.47,0.0,4.97,14,3,282,0,10
2025-10-09 15:03:09.822246,631.21,22.96,76.69,0.0,12.42,15,3,282,0,10
2025-10-09 16:03:09.822246,541.23,27.7,57.57,0.0,0.79,16,3,282,0,10
2025-10-09 17:03:09.822246,604.4,8.34,71.97,0.0,12.88,17,3,282,0,10
2025-10-09 18:03:09.822246,470.38,26.52,68.35,3.29,8.91,18,3,282,0,10
2025-10-09 19:03:09.822246,552.51,20.41,86.59,0.0,3.45,19,3,282,0,10
2025-10-09 20:03:09.822246,495.43,22.3,77.31,0.0,11.74,20,3,282,0,10
2025-10-09 21:03:09.822246,477.95,15.99,76.92,0.0,7.16,21,3,282,0,10
2025-10-09 22:03:09.822246,460.91,16.35,79.66,0.0,10.5,22,3,282,0,10
2025-10-09 23:03:09.822246,560.98,22.57,71.05,0.0,16.02,23,3,282,0,10
2025-10-10 00:03:09.822246,549.14,31.79,95.33,0.0,14.74,0,4,283,0,10
2025-10-10 01:03:09.822246,493.23,24.89,92.78,0.0,16.48,1,4,283,0,10
2025-10-10 02:03:09.822246,475.19,26.2,95.98,0.0,16.87,2,4,283,0,10
2025-10-10 03:03:09.822246,449.87,18.91,86.63,0.0,26.79,3,4,283,0,10
2025-10-10 04:03:09.822246,624.08,16.87,79.5,0.0,23.88,4,4,283,0,10
2025-10-10 05:03:09.822246,477.81,15.97,95.95,0.0,29.91,5,4,283,0,10
2025-10-10 06:03:09.822246,555.72,17.43,72.99,0.0,22.14,6,4,283,0,10
2025-10-10 07:03:09.822246,594.67,9.61,71.09,0.22,19.79,7,4,283,0,10
2025-10-10 08:03:09.822246,497.93,16.25,73.78,0.0,29.17,8,4,283,0,10
2025-10-10 09:03:09.822246,562.77,17.07,85.03,0.0,16.71,9,4,283,0,10
2025-10-10 10:03:09.822246,586.05,18.99,72.18,0.0,17.24,10,4,283,0,10
2025-10-10 11:03:09.822246,573.44,20.53,78.24,0.0,20.54,11,4,283,0,10
2025-10-10 12:03:09.822246,645.14,21.68,63.78,0.0,24.02,12,4,283,0,10
2025-10-10 13:03:09.822246,638.09,19.8,84.61,0.0,14.25,13,4,283,0,10
2025-10-10 14:03:09.822246,660.64,16.96,64.63,0.0,4.71,14,4,283,0,10
2025-10-10 15:03:09.822246,607.93,10.05,70.48,0.0,3.4,15,4,283,0,10
2025-10-10 16:03:09.822246,482.31,16.99,91.97,0.0,6.32,16,4,283,0,10
2025-10-10 17:03:09.822246,508.28,15.01,91.6,0.0,8.55,17,4,283,0,10
2025-10-10 18:03:09.822246,517.53,22.2,83.54,0.0,0.27,18,4,283,0,10
2025-10-10 19:03:09.822246,492.05,24.42,82.56,0.0,0.87,19,4,283,0,10
2025-10-10 20:03:09.822246,407.25,24.56,74.49,0.0,6.04,20,4,283,0,10
2025-10-10 21:03:09.822246,507.21,23.66,72.07,0.0,11.48,21,4,283,0,10
2025-10-10 22:03:09.822246,501.28,19.2,76.18,0.0,3.55,22,4,283,0,10
2025-10-10 23:03:09.822246,500.5,17.26,64.66,0.0,0.59,23,4,283,0,10
2025-10-11 00:03:09.822246,477.73,15.88,82.37,0.0,14.52,0,5,284,1,10
2025-10-11 01:03:09.822246,485.78,12.08,80.33,0.0,31.19,1,5,284,1,10
2025-10-11 02:03:09.822246,507.21,24.57,70.51,0.0,17.68,2,5,284,1,10
2025-10-11 03:03:09.822246,440.59,18.74,95.53,0.0,27.97,3,5,284,1,10
2025-10-11 04:03:09.822246,495.31,13.38,85.91,0.0,18.54,4,5,284,1,10
2025-10-11 05:03:09.822246,547.72,15.48,86.76,0.0,25.28,5,5,284,1,10
2025-10-11 06:03:09.822246,534.56,15.28,74.97,0.0,30.46,6,5,284,1,10
2025-10-11 07:03:09.822246,394.76,19.83,79.83,0.0,24.0,7,5,284,1,10
2025-10-11 08:03:09.822246,475.44,24.95,86.12,0.0,17.68,8,5,284,1,10
2025-10-11 09:03:09.822246,465.48,17.87,81.37,0.0,22.38,9,5,284,1,10
2025-10-11 10:03:09.822246,590.32,8.35,95.86,0.0,24.1,10,5,284,1,10
2025-10-11 11:03:09.822246,588.74,18.67,77.81,0.0,27.46,11,5,284,1,10
2025-10-11 12:03:09.822246,485.2,18.83,74.8,0.0,8.32,12,5,284,1,10
2025-10-11 13:03:09.822246,530.02,18.49,86.19,0.0,14.14,13,5,284,1,10
2025-10-11 14:03:09.822246,449.37,16.48,67.2,2.72,5.77,14,5,284,1,10
2025-10-11 15:03:09.822246,598.27,20.7,89.09,0.0,8.74,15,5,284,1,10
2025-10-11 16:03:09.822246,439.87,19.94,66.84,0.0,2.05,16,5,284,1,10
2025-10-11 17:03:09.822246,454.98,19.49,86.23,0.0,2.0,17,5,284,1,10
2025-10-11 18:03:09.822246,390.99,21.68,73.36,33.73,13.1,18,5,284,1,10
2025-10-11 19:03:09.822246,489.86,17.46,84.61,0.0,5.67,19,5,284,1,10
2025-10-11 20:03:09.822246,298.27,17.18,88.92,0.0,0.0,20,5,284,1,10
2025-10-11 21:03:09.822246,447.0,26.51,81.38,0.0,7.09,21,5,284,1,10
2025-10-11 22:03:09.822246,409.36,22.41,67.85,0.0,13.3,22,5,284,1,10
2025-10-11 23:03:09.822246,395.33,23.75,70.88,0.0,13.47,23,5,284,1,10
2025-10-12 00:03:09.822246,548.86,25.49,72.6,0.0,17.33,0,6,285,1,10
2025-10-12 01:03:09.822246,390.64,21.98,60.93,0.0,27.12,1,6,285,1,10
2025-10-12 02:03:09.822246,476.41,24.0,91.16,0.0,24.87,2,6,285,1,10
2025-10-12 03:03:09.822246,450.17,11.46,80.99,0.0,29.06,3,6,285,1,10
2025-10-12 04:03:09.822246,480.38,20.38,68.53,0.0,25.6,4,6,285,1,10
2025-10-12 05:03:09.822246,383.82,18.44,94.44,0.0,29.04,5,6,285,1,10
2025-10-12 06:03:09.822246,390.43,27.74,72.87,0.0,21.55,6,6,285,1,10
2025-10-12 07:03:09.822246,536.88,23.99,82.39,0.0,28.39,7,6,285,1,10
2025-10-12 08:03:09.822246,521.48,16.2,71.63,0.0,31.46,8,6,285,1,10
2025-10-12 09:03:09.822246,419.53,21.22,59.7,0.0,23.17,9,6,285,1,10
2025-10-12 10:03:09.822246,446.55,20.19,66.24,0.0,17.91,10,6,285,1,10
2025-10-12 11:03:09.822246,558.2,21.63,75.4,0.0,24.26,11,6,285,1,10
2025-10-12 12:03:09.822246,590.92,14.26,88.87,0.0,11.05,12,6,285,1,10
2025-10-12 13:03:09.822246,487.73,21.15,83.35,0.0,23.87,13,6,285,1,10
2025-10-12 14:03:09.822246,369.74,18.21,81.29,0.0,11.68,14,6,285,1,10
2025-10-12 15:03:09.822246,501.95,20.77,59.78,0.0,0.0,15,6,285,1,10
2025-10-12 16:03:09.822246,427.02,15.73,92.59,0.0,8.59,16,6,285,1,10
2025-10-12 17:03:09.822246,381.35,16.43,82.12,0.0,12.41,17,6,285,1,10
2025-10-12 18:03:09.822246,270.24,25.22,78.69,0.0,10.63,18,6,285,1,10
2025-10-12 19:03:09.822246,506.28,14.1,91.21,0.0,5.53,19,6,285,1,10
2025-10-12 20:03:09.822246,458.09,14.47,92.36,0.0,7.1,20,6,285,1,10
2025-10-12 21:03:09.822246,421.48,19.1,91.43,0.0,13.55,21,6,285,1,10
2025-10-12 22:03:09.822246,504.76,15.5,77.41,0.0,0.26,22,6,285,1,10
2025-10-12 23:03:09.822246,470.31,14.93,69.85,0.0,9.64,23,6,285,1,10
2025-10-13 00:03:09.822246,553.83,19.62,89.81,0.0,11.48,0,0,286,0,10
2025-10-13 01:03:09.822246,462.83,11.57,66.27,0.0,21.81,1,0,286,0,10
2025-10-13 02:03:09.822246,531.53,14.06,99.39,0.0,15.62,2,0,286,0,10
2025-10-13 03:03:09.822246,493.1,29.37,80.2,0.0,18.55,3,0,286,0,10
2025-10-13 04:03:09.822246,497.88,21.39,69.31,0.0,21.41,4,0,286,0,10
2025-10-13 05:03:09.822246,480.97,15.36,67.6,0.0,20.54,5,0,286,0,10
2025-10-13 06:03:09.822246,533.63,21.19,67.14,0.0,30.35,6,0,286,0,10
2025-10-13 07:03:09.822246,523.32,21.93,81.32,0.0,22.33,7,0,286,0,10
2025-10-13 08:03:09.822246,597.41,24.07,79.85,0.0,26.4,8,0,286,0,10
2025-10-13 09:03:09.822246,612.8,18.46,67.56,0.0,19.46,9,0,286,0,10
2025-10-13 10:03:09.822246,751.03,23.98,76.35,0.34,19.96,10,0,286,0,10
2025-10-13 11:03:09.822246,641.12,8.9,66.24,0.0,16.66,11,0,286,0,10
2025-10-13 12:03:09.822246,588.49,13.82,85.81,0.0,5.64,12,0,286,0,10
2025-10-13 13:03:09.822246,615.8,19.92,79.37,0.0,6.52,13,0,286,0,10
2025-10-13 14:03:09.822246,535.54,20.74,76.13,0.0,3.8,14,0,286,0,10
2025-10-13 15:03:09.822246,699.65,14.54,67.04,0.0,13.39,15,0,286,0,10
2025-10-13 16:03:09.822246,542.69,20.39,76.92,0.0,12.78,16,0,286,0,10
2025-10-13 17:03:09.822246,510.12,15.98,75.77,0.0,2.88,17,0,286,0,10
2025-10-13 18:03:09.822246,497.12,17.71,83.1,0.0,7.24,18,0,286,0,10
2025-10-13 19:03:09.822246,582.3,24.22,81.59,2.67,1.86,19,0,286,0,10
2025-10-13 20:03:09.822246,514.41,23.64,87.84,0.0,7.77,20,0,286,0,10
2025-10-13 21:03:09.822246,494.77,14.11,75.07,0.0,6.16,21,0,286,0,10
2025-10-13 22:03:09.822246,612.45,13.81,61.31,0.0,7.43,22,0,286,0,10
2025-10-13 23:03:09.822246,484.07,17.04,89.83,0.0,15.42,23,0,286,0,10
2025-10-14 00:03:09.822246,515.98,18.71,70.59,0.0,16.61,0,1,287,0,10
2025-10-14 01:03:09.822246,557.98,15.55,68.88,0.0,13.84,1,1,287,0,10
2025-10-14 02:03:09.822246,433.58,24.04,79.52,0.0,28.58,2,1,287,0,10
2025-10-14 03:03:09.822246,531.29,20.58,82.97,0.0,31.3,3,1,287,0,10
2025-10-14 04:03:09.822246,421.88,20.87,74.64,0.0,24.25,4,1,287,0,10
2025-10-14 05:03:09.822246,602.32,12.51,74.56,0.0,27.69,5,1,287,0,10
2025-10-14 06:03:09.822246,475.2,24.68,76.04,0.0,36.66,6,1,287,0,10
2025-10-14 07:03:09.822246,614.0,4.74,94.11,0.0,27.68,7,1,287,0,10
2025-10-14 08:03:09.822246,612.55,23.01,79.92,0.0,16.87,8,1,287,0,10
2025-10-14 09:03:09.822246,645.56,23.51,70.27,0.0,22.29,9,1,287,0,10
2025-10-14 10:03:09.822246,645.07,16.68,70.37,0.0,18.27,10,1,287,0,10
2025-10-14 11:03:09.822246,619.81,25.2,77.44,0.0,15.37,11,1,287,0,10
2025-10-14 12:03:09.822246,590.12,18.52,82.33,0.0,17.22,12,1,287,0,10
2025-10-14 13:03:09.822246,665.43,19.15,84.79,0.0,10.01,13,1,287,0,10
2025-10-14 14:03:09.822246,591.29,20.54,81.19,0.0,14.17,14,1,287,0,10
2025-10-14 15:03:09.822246,587.64,34.77,71.53,0.0,4.8,15,1,287,0,10
2025-10-14 16:03:09.822246,610.96,25.56,75.71,0.0,0.85,16,1,287,0,10
2025-10-14 17:03:09.822246,498.07,22.34,87.29,0.0,11.68,17,1,287,0,10
2025-10-14 18:03:09.822246,511.87,14.28,68.49,0.0,3.64,18,1,287,0,10
2025-10-14 19:03:09.822246,435.71,19.56,75.29,0.0,9.33,19,1,287,0,10
2025-10-14 20:03:09.822246,517.41,14.77,85.92,0.0,1.63,20,1,287,0,10
2025-10-14 21:03:09.822246,498.58,22.95,88.7,0.0,7.01,21,1,287,0,10
2025-10-14 22:03:09.822246,521.93,19.54,78.02,0.0,13.26,22,1,287,0,10
2025-10-14 23:03:09.822246,569.91,13.22,75.83,0.0,8.54,23,1,287,0,10
2025-10-15 00:03:09.822246,519.58,18.99,66.75,0.0,17.3,0,2,288,0,10
2025-10-15 01:03:09.822246,531.53,14.33,85.23,0.0,23.56,1,2,288,0,10
2025-10-15 02:03:09.822246,487.05,19.34,93.16,0.0,21.78,2,2,288,0,10
2025-10-15 03:03:09.822246,540.89,14.29,100.0,0.0,19.38,3,2,288,0,10
2025-10-15 04:03:09.822246,594.4,18.72,83.83,0.0,20.56,4,2,288,0,10
2025-10-15 05:03:09.822246,501.5,22.33,79.46,0.0,20.87,5,2,288,0,10
2025-10-15 06:03:09.822246,522.84,18.32,70.77,0.0,20.6,6,2,288,0,10
2025-10-15 07:03:09.822246,513.61,16.63,61.18,0.0,28.8,7,2,288,0,10
2025-10-15 08:03:09.822246,513.6,19.6,81.74,0.0,19.0,8,2,288,0,10
2025-10-15 09:03:09.822246,599.92,22.07,100.0,0.0,20.6,9,2,288,0,10
2025-10-15 10:03:09.822246,663.53,13.05,92.68,0.0,20.88,10,2,288,0,10
2025-10-15 11:03:09.822246,629.73,19.89,91.13,0.0,15.73,11,2,288,0,10
2025-10-15 12:03:09.822246,637.39,25.17,82.42,0.0,11.57,12,2,288,0,10
2025-10-15 13:03:09.822246,662.46,21.45,83.56,0.0,18.39,13,2,288,0,10
2025-10-15 14:03:09.822246,589.28,18.87,55.73,0.0,6.94,14,2,288,0,10
2025-10-15 15:03:09.822246,639.15,21.78,87.59,0.0,8.82,15,2,288,0,10
2025-10-15 16:03:09.822246,548.41,20.84,74.18,0.0,3.75,16,2,288,0,10
2025-10-15 17:03:09.822246,476.26,22.35,72.95,0.0,2.46,17,2,288,0,10
2025-10-15 18:03:09.822246,606.73,8.46,76.74,0.0,0.0,18,2,288,0,10
2025-10-15 19:03:09.822246,563.09,10.81,76.4,0.0,5.42,19,2,288,0,10
2025-10-15 20:03:09.822246,518.94,23.61,72.79,0.0,0.0,20,2,288,0,10
2025-10-15 21:03:09.822246,538.9,11.06,80.11,0.0,9.37,21,2,288,0,10
2025-10-15 22:03:09.822246,513.08,20.59,74.39,0.0,8.53,22,2,288,0,10
2025-10-15 23:03:09.822246,631.59,16.82,80.97,0.0,7.63,23,2,288,0,10
2025-10-16 00:03:09.822246,595.88,13.34,65.11,0.0,9.32,0,3,289,0,10
2025-10-16 01:03:09.822246,542.39,20.07,77.84,0.0,6.08,1,3,289,0,10
2025-10-16 02:03:09.822246,489.52,19.33,69.02,0.0,23.27,2,3,289,0,10
2025-10-16 03:03:09.822246,606.78,28.88,73.57,0.0,21.8,3,3,289,0,10
2025-10-16 04:03:09.822246,562.96,15.2,81.42,0.0,24.45,4,3,289,0,10
2025-10-16 05:03:09.822246,571.61,25.53,63.95,0.0,27.14,5,3,289,0,10
2025-10-16 06:03:09.822246,498.85,20.09,71.76,0.0,32.91,6,3,289,0,10
2025-10-16 07:03:09.822246,553.95,15.02,85.67,0.0,19.87,7,3,289,0,10
2025-10-16 08:03:09.822246,370.5,22.32,65.85,0.0,20.56,8,3,289,0,10
2025-10-16 09:03:09.822246,600.72,21.15,97.76,0.0,24.71,9,3,289,0,10
2025-10-16 10:03:09.822246,606.96,18.5,92.03,0.0,23.68,10,3,289,0,10
2025-10-16 11:03:09.822246,667.53,19.66,75.04,0.0,17.89,11,3,289,0,10
2025-10-16 12:03:09.822246,594.87,15.34,72.11,0.0,4.85,12,3,289,0,10
2025-10-16 13:03:09.822246,552.33,14.2,82.0,0.0,1.28,13,3,289,0,10
2025-10-16 14:03:09.822246,610.13,22.12,65.51,0.0,9.61,14,3,289,0,10
2025-10-16 15:03:09.822246,524.84,17.21,59.96,0.0,13.35,15,3,289,0,10
2025-10-16 16:03:09.822246,569.3,17.92,75.39,0.0,13.52,16,3,289,0,10
2025-10-16 17:03:09.822246,547.93,19.72,78.64,0.0,0.0,17,3,289,0,10
2025-10-16 18:03:09.822246,554.4,19.65,80.93,0.0,7.33,18,3,289,0,10
2025-10-16 19:03:09.822246,532.71,11.18,73.84,0.0,7.56,19,3,289,0,10
2025-10-16 20:03:09.822246,517.25,24.76,92.72,0.0,3.68,20,3,289,0,10
2025-10-16 21:03:09.822246,439.54,18.93,65.03,0.0,8.63,21,3,289,0,10
2025-10-16 22:03:09.822246,507.06,17.31,68.6,0.0,8.79,22,3,289,0,10
2025-10-16 23:03:09.822246,517.91,20.48,84.85,0.0,6.68,23,3,289,0,10
2025-10-17 00:03:09.822246,535.67,19.25,68.38,0.0,11.88,0,4,290,0,10
2025-10-17 01:03:09.822246,505.7,21.9,67.99,0.0,27.68,1,4,290,0,10
2025-10-17 02:03:09.822246,481.27,20.76,81.23,8.21,21.45,2,4,290,0,10
2025-10-17 03:03:09.822246,602.18,21.66,69.46,0.0,16.01,3,4,290,0,10
2025-10-17 04:03:09.822246,521.65,24.82,78.66,0.0,18.04,4,4,290,0,10
2025-10-17 05:03:09.822246,502.42,22.49,73.0,0.0,32.45,5,4,290,0,10
2025-10-17 06:03:09.822246,474.72,17.27,71.38,0.0,22.55,6,4,290,0,10
2025-10-17 07:03:09.822246,495.88,12.45,58.97,0.0,22.79,7,4,290,0,10
2025-10-17 08:03:09.822246,573.66,26.41,81.39,0.0,27.62,8,4,290,0,10
2025-10-17 09:03:09.822246,670.72,16.88,67.52,0.0,20.37,9,4,290,0,10
2025-10-17 10:03:09.822246,622.56,15.7,78.31,0.0,17.34,10,4,290,0,10
2025-10-17 11:03:09.822246,652.83,9.39,74.87,0.0,18.7,11,4,290,0,10
2025-10-17 12:03:09.822246,569.87,19.76,77.93,0.0,11.46,12,4,290,0,10
2025-10-17 13:03:09.822246,586.08,18.81,78.5,0.0,10.07,13,4,290,0,10
2025-10-17 14:03:09.822246,660.26,10.49,81.93,0.53,17.97,14,4,290,0,10
2025-10-17 15:03:09.822246,463.98,20.34,72.72,0.0,3.81,15,4,290,0,10
2025-10-17 16:03:09.822246,616.35,15.58,92.42,0.0,5.09,16,4,290,0,10
2025-10-17 17:03:09.822246,573.19,31.52,61.52,0.0,16.02,17,4,290,0,10
2025-10-17 18:03:09.822246,509.63,15.22,77.73,0.0,0.0,18,4,290,0,10
2025-10-17 19:03:09.822246,459.99,15.89,88.36,0.0,14.84,19,4,290,0,10
2025-10-17 20:03:09.822246,565.3,13.69,84.76,0.0,8.97,20,4,290,0,10
2025-10-17 21:03:09.822246,541.27,24.46,70.25,0.0,10.26,21,4,290,0,10
2025-10-17 22:03:09.822246,539.63,16.2,71.91,0.0,12.26,22,4,290,0,10
2025-10-17 23:03:09.822246,479.26,14.44,69.93,0.0,10.26,23,4,290,0,10
2025-10-18 00:03:09.822246,444.39,21.35,85.99,0.0,9.98,0,5,291,1,10
2025-10-18 01:03:09.822246,405.87,10.91,72.6,0.0,17.46,1,5,291,1,10
2025-10-18 02:03:09.822246,425.56,20.94,82.55,0.0,19.44,2,5,291,1,10
2025-10-18 03:03:09.822246,522.15,26.72,82.64,0.0,23.2,3,5,291,1,10
2025-10-18 04:03:09.822246,448.24,20.65,100.0,7.36,22.14,4,5,291,1,10
2025-10-18 05:03:09.822246,447.99,21.0,83.13,0.0,28.86,5,5,291,1,10
2025-10-18 06:03:09.822246,380.88,22.16,71.89,0.0,29.09,6,5,291,1,10
2025-10-18 07:03:09.822246,471.21,26.36,65.4,0.0,17.42,7,5,291,1,10
2025-10-18 08:03:09.822246,483.58,23.86,77.24,0.0,15.18,8,5,291,1,10
2025-10-18 09:03:09.822246,375.97,20.01,78.81,0.0,18.18,9,5,291,1,10
2025-10-18 10:03:09.822246,530.65,22.33,57.89,0.0,13.34,10,5,291,1,10
2025-10-18 11:03:09.822246,548.36,13.38,72.86,0.0,22.91,11,5,291,1,10
2025-10-18 12:03:09.822246,584.36,21.69,82.97,0.0,11.77,12,5,291,1,10
2025-10-18 13:03:09.822246,506.92,12.79,74.68,0.0,15.01,13,5,291,1,10
2025-10-18 14:03:09.822246,361.47,15.98,89.69,0.0,9.32,14,5,291,1,10
2025-10-18 15:03:09.822246,592.37,2.4,64.42,0.0,12.47,15,5,291,1,10
2025-10-18 16:03:09.822246,507.15,19.82,86.77,0.0,4.16,16,5,291,1,10
2025-10-18 17:03:09.822246,396.75,14.59,89.14,0.0,0.0,17,5,291,1,10
2025-10-18 18:03:09.822246,395.97,23.37,89.56,0.0,1.53,18,5,291,1,10
2025-10-18 19:03:09.822246,554.52,19.76,64.34,0.0,0.0,19,5,291,1,10
2025-10-18 20:03:09.822246,404.45,23.43,83.15,0.0,0.0,20,5,291,1,10
2025-10-18 21:03:09.822246,508.09,12.4,73.31,0.0,9.63,21,5,291,1,10
2025-10-18 22:03:09.822246,384.29,23.0,65.94,0.0,10.97,22,5,291,1,10
2025-10-18 23:03:09.822246,391.13,28.34,75.86,0.0,9.56,23,5,291,1,10
2025-10-19 00:03:09.822246,400.51,21.38,70.95,0.0,14.14,0,6,292,1,10
2025-10-19 01:03:09.822246,413.02,21.51,89.21,0.0,9.62,1,6,292,1,10
2025-10-19 02:03:09.822246,431.17,18.41,85.13,2.73,23.38,2,6,292,1,10
2025-10-19 03:03:09.822246,441.44,14.93,68.47,0.0,21.05,3,6,292,1,10
2025-10-19 04:03:09.822246,451.18,21.36,72.76,0.0,26.3,4,6,292,1,10
2025-10-19 05:03:09.822246,468.74,10.03,76.19,0.0,27.01,5,6,292,1,10
2025-10-19 06:03:09.822246,353.23,15.47,79.27,0.0,26.42,6,6,292,1,10
2025-10-19 07:03:09.822246,510.62,8.7,90.06,0.0,19.92,7,6,292,1,10
2025-10-19 08:03:09.822246,400.46,14.04,86.91,0.0,25.05,8,6,292,1,10
2025-10-19 09:03:09.822246,393.39,20.77,80.51,0.0,24.26,9,6,292,1,10
2025-10-19 10:03:09.822246,561.89,20.08,77.39,0.0,16.64,10,6,292,1,10
2025-10-19 11:03:09.822246,557.8,17.81,62.26,4.05,19.18,11,6,292,1,10
2025-10-19 12:03:09.822246,525.62,18.41,92.92,0.0,7.74,12,6,292,1,10
2025-10-19 13:03:09.822246,501.69,8.13,75.53,0.0,15.16,13,6,292,1,10
2025-10-19 14:03:09.822246,512.42,15.7,95.55,0.0,11.54,14,6,292,1,10
2025-10-19 15:03:09.822246,496.76,14.15,81.96,0.0,15.38,15,6,292,1,10
2025-10-19 16:03:09.822246,399.37,14.26,100.0,0.0,15.96,16,6,292,1,10
2025-10-19 17:03:09.822246,411.7,20.56,86.06,0.0,4.07,17,6,292,1,10
2025-10-19 18:03:09.822246,506.46,13.26,65.68,0.0,7.55,18,6,292,1,10
2025-10-19 19:03:09.822246,510.19,14.53,73.85,0.0,7.07,19,6,292,1,10
2025-10-19 20:03:09.822246,471.06,7.12,78.31,0.0,4.97,20,6,292,1,10
2025-10-19 21:03:09.822246,462.03,16.09,71.26,0.0,0.0,21,6,292,1,10
2025-10-19 22:03:09.822246,352.03,12.12,76.23,0.0,4.32,22,6,292,1,10
2025-10-19 23:03:09.822246,495.39,17.95,66.33,0.0,9.74,23,6,292,1,10
2025-10-20 00:03:09.822246,459.99,12.55,80.05,0.0,16.35,0,0,293,0,10
2025-10-20 01:03:09.822246,515.74,17.83,82.37,0.0,24.5,1,0,293,0,10
2025-10-20 02:03:09.822246,474.34,16.58,69.95,0.0,19.49,2,0,293,0,10
2025-10-20 03:03:09.822246,582.88,25.66,99.39,0.0,27.27,3,0,293,0,10
2025-10-20 04:03:09.822246,477.98,19.79,80.63,0.0,30.9,4,0,293,0,10
2025-10-20 05:03:09.822246,625.28,8.11,71.82,0.0,21.8,5,0,293,0,10
2025-10-20 06:03:09.822246,510.49,10.98,63.7,0.0,17.98,6,0,293,0,10
2025-10-20 07:03:09.822246,548.79,17.58,80.59,0.0,24.85,7,0,293,0,10
2025-10-20 08:03:09.822246,555.41,12.65,77.39,0.0,16.97,8,0,293,0,10
2025-10-20 09:03:09.822246,607.35,2.46,87.82,0.0,31.16,9,0,293,0,10
2025-10-20 10:03:09.822246,615.8,24.05,78.56,0.0,25.83,10,0,293,0,10
2025-10-20 11:03:09.822246,566.88,20.9,68.05,0.0,24.63,11,0,293,0,10
2025-10-20 12:03:09.822246,603.2,19.91,96.7,0.0,6.35,12,0,293,0,10
2025-10-20 13:03:09.822246,632.17,14.27,84.35,0.0,10.59,13,0,293,0,10
2025-10-20 14:03:09.822246,592.11,19.44,77.45,0.0,10.27,14,0,293,0,10
2025-10-20 15:03:09.822246,635.78,13.78,81.64,0.0,9.94,15,0,293,0,10
2025-10-20 16:03:09.822246,499.87,18.33,84.73,0.0,4.53,16,0,293,0,10
2025-10-20 17:03:09.822246,595.53,12.7,65.7,0.0,0.0,17,0,293,0,10
2025-10-20 18:03:09.822246,458.88,24.88,81.57,0.0,7.31,18,0,293,0,10
2025-10-20 19:03:09.822246,592.94,9.45,75.49,0.0,14.18,19,0,293,0,10
2025-10-20 20:03:09.822246,556.76,23.46,85.06,0.0,16.39,20,0,293,0,10
2025-10-20 21:03:09.822246,446.65,17.5,72.59,0.0,6.6,21,0,293,0,10
2025-10-20 22:03:09.822246,529.62,14.86,73.94,0.0,10.39,22,0,293,0,10
2025-10-20 23:03:09.822246,459.87,18.14,96.62,0.0,7.38,23,0,293,0,10
2025-10-21 00:03:09.822246,428.67,20.72,92.29,0.0,15.4,0,1,294,0,10
2025-10-21 01:03:09.822246,619.01,23.88,47.02,0.0,15.44,1,1,294,0,10
2025-10-21 02:03:09.822246,478.41,18.62,91.55,0.0,17.41,2,1,294,0,10
2025-10-21 03:03:09.822246,508.11,12.6,79.24,0.0,14.59,3,1,294,0,10
2025-10-21 04:03:09.822246,538.89,17.33,72.9,0.0,31.37,4,1,294,0,10
2025-10-21 05:03:09.822246,574.41,26.13,69.91,0.0,23.44,5,1,294,0,10
2025-10-21 06:03:09.822246,541.4,23.79,70.49,5.56,22.61,6,1,294,0,10
2025-10-21 07:03:09.822246,612.45,21.59,73.18,0.0,25.78,7,1,294,0,10
2025-10-21 08:03:09.822246,606.85,21.03,68.71,0.0,20.77,8,1,294,0,10
2025-10-21 09:03:09.822246,453.54,20.55,66.43,0.0,11.59,9,1,294,0,10
2025-10-21 10:03:09.822246,595.17,22.84,69.57,0.0,26.53,10,1,294,0,10
2025-10-21 11:03:09.822246,608.61,14.77,83.21,0.0,17.76,11,1,294,0,10
2025-10-21 12:03:09.822246,658.71,10.27,80.48,0.0,18.94,12,1,294,0,10
2025-10-21 13:03:09.822246,515.58,17.39,85.54,0.0,13.38,13,1,294,0,10
2025-10-21 14:03:09.822246,752.6,12.96,79.31,0.0,14.74,14,1,294,0,10
2025-10-21 15:03:09.822246,608.59,11.77,66.91,0.0,11.44,15,1,294,0,10
2025-10-21 16:03:09.822246,610.0,13.45,84.92,0.0,0.0,16,1,294,0,10
2025-10-21 17:03:09.822246,647.7,29.48,69.93,0.0,7.58,17,1,294,0,10
2025-10-21 18:03:09.822246,628.37,17.73,86.44,0.0,0.53,18,1,294,0,10
2025-10-21 19:03:09.822246,566.17,18.86,68.32,0.0,0.85,19,1,294,0,10
2025-10-21 20:03:09.822246,581.47,10.94,73.1,0.0,0.0,20,1,294,0,10
2025-10-21 21:03:09.822246,582.2,7.83,76.36,0.0,16.97,21,1,294,0,10
2025-10-21 22:03:09.822246,548.62,12.95,86.72,0.0,9.32,22,1,294,0,10
2025-10-21 23:03:09.822246,509.75,24.24,81.74,0.0,10.33,23,1,294,0,10
2025-10-22 00:03:09.822246,473.16,18.47,80.16,0.0,11.17,0,2,295,0,10
2025-10-22 01:03:09.822246,470.06,19.79,98.82,0.0,29.32,1,2,295,0,10
2025-10-22 02:03:09.822246,469.88,20.49,61.59,0.0,25.07,2,2,295,0,10
2025-10-22 03:03:09.822246,522.5,13.84,69.57,0.0,10.06,3,2,295,0,10
2025-10-22 04:03:09.822246,442.9,23.74,69.15,0.0,30.48,4,2,295,0,10
2025-10-22 05:03:09.822246,545.82,13.63,62.25,0.0,20.07,5,2,295,0,10
2025-10-22 06:03:09.822246,530.56,23.83,72.76,0.0,28.29,6,2,295,0,10
2025-10-22 07:03:09.822246,569.8,19.01,86.84,0.0,22.44,7,2,295,0,10
2025-10-22 08:03:09.822246,615.43,7.85,74.04,0.0,14.98,8,2,295,0,10
2025-10-22 09:03:09.822246,778.99,13.06,76.63,0.0,19.5,9,2,295,0,10
2025-10-22 10:03:09.822246,726.72,7.87,62.73,0.0,21.21,10,2,295,0,10
2025-10-22 11:03:09.822246,562.04,22.61,71.99,0.0,18.88,11,2,295,0,10
2025-10-22 12:03:09.822246,663.1,16.67,75.34,0.0,13.25,12,2,295,0,10
2025-10-22 13:03:09.822246,622.54,5.66,86.38,0.0,12.68,13,2,295,0,10
2025-10-22 14:03:09.822246,542.94,18.68,63.21,0.0,10.66,14,2,295,0,10
2025-10-22 15:03:09.822246,525.88,14.11,75.41,0.0,12.49,15,2,295,0,10
2025-10-22 16:03:09.822246,644.6,9.38,90.83,0.0,12.89,16,2,295,0,10
2025-10-22 17:03:09.822246,519.52,25.19,75.51,0.0,5.35,17,2,295,0,10
2025-10-22 18:03:09.822246,536.35,17.33,58.8,0.0,0.0,18,2,295,0,10
2025-10-22 19:03:09.822246,567.09,15.33,92.75,0.0,8.54,19,2,295,0,10
2025-10-22 20:03:09.822246,604.28,14.8,87.31,0.0,9.75,20,2,295,0,10
2025-10-22 21:03:09.822246,527.04,9.23,88.65,0.0,12.39,21,2,295,0,10
2025-10-22 22:03:09.822246,575.55,10.27,62.52,0.0,5.2,22,2,295,0,10
2025-10-22 23:03:09.822246,535.3,23.22,95.08,0.0,16.44,23,2,295,0,10
2025-10-23 00:03:09.822246,541.48,14.18,72.2,0.0,16.58,0,3,296,0,10
2025-10-23 01:03:09.822246,495.84,16.66,74.84,0.0,20.49,1,3,296,0,10
2025-10-23 02:03:09.822246,665.18,6.32,72.91,0.0,16.17,2,3,296,0,10
2025-10-23 03:03:09.822246,574.63,9.95,89.4,0.0,12.69,3,3,296,0,10
2025-10-23 04:03:09.822246,518.94,19.59,78.14,0.0,16.85,4,3,296,0,10
2025-10-23 05:03:09.822246,476.56,18.43,84.75,0.0,29.08,5,3,296,0,10
2025-10-23 06:03:09.822246,427.15,25.31,80.69,0.0,33.56,6,3,296,0,10
2025-10-23 07:03:09.822246,529.35,23.26,78.98,0.0,28.56,7,3,296,0,10
2025-10-23 08:03:09.822246,508.18,15.39,70.47,0.0,17.53,8,3,296,0,10
2025-10-23 09:03:09.822246,515.06,18.91,98.05,0.0,21.85,9,3,296,0,10
2025-10-23 10:03:09.822246,619.55,14.96,65.3,0.0,21.46,10,3,296,0,10
2025-10-23 11:03:09.822246,558.94,26.82,84.06,0.0,17.81,11,3,296,0,10
2025-10-23 12:03:09.822246,537.57,22.29,83.7,0.0,15.79,12,3,296,0,10
2025-10-23 13:03:09.822246,637.08,17.39,91.48,0.0,7.09,13,3,296,0,10
2025-10-23 14:03:09.822246,610.9,17.55,93.81,0.0,2.55,14,3,296,0,10
2025-10-23 15:03:09.822246,600.57,23.77,78.56,0.0,3.02,15,3,296,0,10
2025-10-23 16:03:09.822246,495.23,19.44,85.24,0.0,0.12,16,3,296,0,10
2025-10-23 17:03:09.822246,502.37,24.34,97.58,0.0,5.91,17,3,296,0,10
2025-10-23 18:03:09.822246,565.18,5.58,79.28,0.0,6.16,18,3,296,0,10
2025-10-23 19:03:09.822246,558.8,18.85,69.27,0.0,0.0,19,3,296,0,10
2025-10-23 20:03:09.822246,594.16,13.97,76.09,0.0,5.92,20,3,296,0,10
2025-10-23 21:03:09.822246,520.99,25.33,66.89,0.0,17.16,21,3,296,0,10
2025-10-23 22:03:09.822246,447.76,24.28,83.65,0.0,10.71,22,3,296,0,10
2025-10-23 23:03:09.822246,545.58,16.71,90.58,0.0,10.26,23,3,296,0,10
2025-10-24 00:03:09.822246,459.53,23.97,78.69,0.0,19.34,0,4,297,0,10
2025-10-24 01:03:09.822246,516.62,25.21,63.69,0.0,29.47,1,4,297,0,10
2025-10-24 02:03:09.822246,616.63,16.67,90.12,0.0,21.04,2,4,297,0,10
2025-10-24 03:03:09.822246,571.2,28.65,62.14,0.0,19.1,3,4,297,0,10
2025-10-24 04:03:09.822246,507.18,16.14,64.44,0.0,24.25,4,4,297,0,10
2025-10-24 05:03:09.822246,502.02,15.22,78.12,0.0,31.58,5,4,297,0,10
2025-10-24 06:03:09.822246,510.45,20.62,82.42,0.0,24.63,6,4,297,0,10
2025-10-24 07:03:09.822246,626.42,14.53,84.12,0.0,24.83,7,4,297,0,10
2025-10-24 08:03:09.822246,523.74,16.72,79.24,0.0,30.75,8,4,297,0,10
2025-10-24 09:03:09.822246,681.76,23.34,97.5,0.0,22.64,9,4,297,0,10
2025-10-24 10:03:09.822246,699.13,16.39,80.55,0.0,28.6,10,4,297,0,10
2025-10-24 11:03:09.822246,780.83,7.82,90.25,0.0,10.6,11,4,297,0,10
2025-10-24 12:03:09.822246,668.75,18.13,87.77,0.0,17.29,12,4,297,0,10
2025-10-24 13:03:09.822246,651.97,12.81,66.97,0.0,22.29,13,4,297,0,10
2025-10-24 14:03:09.822246,693.68,20.62,78.2,0.0,22.3,14,4,297,0,10
2025-10-24 15:03:09.822246,612.79,19.78,100.0,0.0,5.87,15,4,297,0,10
2025-10-24 16:03:09.822246,550.61,23.65,74.86,0.0,5.01,16,4,297,0,10
2025-10-24 17:03:09.822246,520.98,20.83,73.16,0.0,15.05,17,4,297,0,10
2025-10-24 18:03:09.822246,570.44,21.75,81.61,0.0,3.28,18,4,297,0,10
2025-10-24 19:03:09.822246,461.02,12.95,75.22,0.0,2.76,19,4,297,0,10
2025-10-24 20:03:09.822246,506.5,20.31,71.97,0.0,3.86,20,4,297,0,10
2025-10-24 21:03:09.822246,617.15,26.14,75.07,0.0,3.52,21,4,297,0,10
2025-10-24 22:03:09.822246,441.0,12.85,94.22,0.0,4.66,22,4,297,0,10
2025-10-24 23:03:09.822246,585.4,25.29,78.54,0.0,11.47,23,4,297,0,10
2025-10-25 00:03:09.822246,521.06,13.3,66.58,0.0,6.86,0,5,298,1,10
2025-10-25 01:03:09.822246,413.07,11.79,64.75,0.0,14.58,1,5,298,1,10
2025-10-25 02:03:09.822246,461.0,17.53,100.0,0.0,27.88,2,5,298,1,10
2025-10-25 03:03:09.822246,406.8,19.62,77.63,0.0,26.52,3,5,298,1,10
2025-10-25 04:03:09.822246,481.41,20.6,84.21,0.0,20.86,4,5,298,1,10
2025-10-25 05:03:09.822246,542.66,11.24,72.15,0.0,25.98,5,5,298,1,10
2025-10-25 06:03:09.822246,357.99,18.22,83.07,0.0,24.55,6,5,298,1,10
2025-10-25 07:03:09.822246,520.48,12.62,94.46,0.0,20.91,7,5,298,1,10
2025-10-25 08:03:09.822246,558.76,8.6,73.34,0.0,12.16,8,5,298,1,10
2025-10-25 09:03:09.822246,553.19,11.4,84.45,0.0,17.63,9,5,298,1,10
2025-10-25 10:03:09.822246,517.11,12.29,65.81,0.0,18.5,10,5,298,1,10
2025-10-25 11:03:09.822246,614.2,18.65,100.0,0.0,30.1,11,5,298,1,10
2025-10-25 12:03:09.822246,597.87,21.81,82.55,0.0,18.14,12,5,298,1,10
2025-10-25 13:03:09.822246,572.22,8.68,75.74,0.0,11.93,13,5,298,1,10
2025-10-25 14:03:09.822246,441.23,17.8,76.89,0.0,12.55,14,5,298,1,10
2025-10-25 15:03:09.822246,537.64,10.16,74.76,0.0,9.21,15,5,298,1,10
2025-10-25 16:03:09.822246,479.78,19.19,75.28,0.0,2.87,16,5,298,1,10
2025-10-25 17:03:09.822246,466.11,12.93,55.39,0.0,5.07,17,5,298,1,10
2025-10-25 18:03:09.822246,544.36,10.79,78.89,0.0,3.26,18,5,298,1,10
2025-10-25 19:03:09.822246,472.35,20.04,78.47,0.36,0.0,19,5,298,1,10
2025-10-25 20:03:09.822246,474.29,13.11,84.75,0.0,3.55,20,5,298,1,10
2025-10-25 21:03:09.822246,455.53,14.47,74.63,0.0,7.46,21,5,298,1,10
2025-10-25 22:03:09.822246,424.06,4.95,72.15,0.0,12.25,22,5,298,1,10
2025-10-25 23:03:09.822246,432.2,20.78,79.79,7.59,12.6,23,5,298,1,10
2025-10-26 00:03:09.822246,512.73,19.9,63.7,0.0,19.85,0,6,299,1,10
2025-10-26 01:03:09.822246,423.05,15.82,81.26,0.0,16.6,1,6,299,1,10
2025-10-26 02:03:09.822246,509.85,8.16,61.2,7.38,26.51,2,6,299,1,10
2025-10-26 03:03:09.822246,458.28,21.84,91.03,0.0,23.1,3,6,299,1,10
2025-10-26 04:03:09.822246,442.01,12.47,86.66,0.0,26.03,4,6,299,1,10
2025-10-26 05:03:09.822246,410.72,13.53,70.56,0.0,26.12,5,6,299,1,10
2025-10-26 06:03:09.822246,475.45,27.36,86.43,0.0,22.64,6,6,299,1,10
2025-10-26 07:03:09.822246,470.35,12.28,80.94,0.0,27.95,7,6,299,1,10
2025-10-26 08:03:09.822246,485.75,19.51,69.73,0.0,20.76,8,6,299,1,10
2025-10-26 09:03:09.822246,483.73,18.61,59.59,0.0,17.34,9,6,299,1,10
2025-10-26 10:03:09.822246,549.61,17.75,82.99,0.31,21.38,10,6,299,1,10
2025-10-26 11:03:09.822246,530.52,17.21,71.88,0.0,17.28,11,6,299,1,10
2025-10-26 12:03:09.822246,619.58,17.68,90.77,0.0,11.14,12,6,299,1,10
2025-10-26 13:03:09.822246,640.36,17.16,79.96,0.0,12.93,13,6,299,1,10
2025-10-26 14:03:09.822246,545.51,15.54,72.83,0.0,13.48,14,6,299,1,10
2025-10-26 15:03:09.822246,477.07,23.35,97.8,0.0,6.99,15,6,299,1,10
2025-10-26 16:03:09.822246,437.47,9.23,85.59,0.0,14.35,16,6,299,1,10
2025-10-26 17:03:09.822246,387.45,20.9,43.27,0.0,11.13,17,6,299,1,10
2025-10-26 18:03:09.822246,386.02,19.91,74.96,0.0,2.92,18,6,299,1,10
2025-10-26 19:03:09.822246,483.17,19.29,65.98,0.0,0.0,19,6,299,1,10
2025-10-26 20:03:09.822246,467.98,21.38,71.82,0.0,5.76,20,6,299,1,10
2025-10-26 21:03:09.822246,469.51,15.33,78.37,0.0,10.22,21,6,299,1,10
2025-10-26 22:03:09.822246,376.36,6.45,83.36,0.0,1.58,22,6,299,1,10
2025-10-26 23:03:09.822246,389.34,15.44,82.44,0.0,3.91,23,6,299,1,10
2025-10-27 00:03:09.822246,599.22,10.59,90.55,0.57,8.8,0,0,300,0,10
2025-10-27 01:03:09.822246,602.6,11.89,86.14,0.0,23.33,1,0,300,0,10
2025-10-27 02:03:09.822246,533.01,9.34,85.52,0.0,27.11,2,0,300,0,10
2025-10-27 03:03:09.822246,547.96,13.16,81.79,0.0,16.8,3,0,300,0,10
2025-10-27 04:03:09.822246,609.2,12.57,92.64,0.0,16.69,4,0,300,0,10
2025-10-27 05:03:09.822246,577.62,3.66,76.61,0.0,25.82,5,0,300,0,10
2025-10-27 06:03:09.822246,503.95,19.05,76.87,0.0,25.69,6,0,300,0,10
2025-10-27 07:03:09.822246,532.33,26.65,60.72,0.0,18.71,7,0,300,0,10
2025-10-27 08:03:09.822246,674.5,18.58,90.34,0.0,18.63,8,0,300,0,10
2025-10-27 09:03:09.822246,481.27,14.53,79.0,0.0,18.78,9,0,300,0,10
2025-10-27 10:03:09.822246,675.78,15.28,100.0,0.0,17.85,10,0,300,0,10
2025-10-27 11:03:09.822246,647.68,13.44,75.72,0.0,19.11,11,0,300,0,10
2025-10-27 12:03:09.822246,666.95,16.0,80.66,0.0,3.29,12,0,300,0,10
2025-10-27 13:03:09.822246,563.93,15.36,85.24,0.0,21.94,13,0,300,0,10
2025-10-27 14:03:09.822246,667.28,11.34,68.75,0.0,11.87,14,0,300,0,10
2025-10-27 15:03:09.822246,621.2,23.96,83.36,0.0,8.36,15,0,300,0,10
2025-10-27 16:03:09.822246,792.96,8.11,80.12,0.0,3.18,16,0,300,0,10
2025-10-27 17:03:09.822246,594.28,19.14,76.74,0.0,1.13,17,0,300,0,10
2025-10-27 18:03:09.822246,477.74,15.04,91.5,0.0,1.04,18,0,300,0,10
2025-10-27 19:03:09.822246,522.34,25.05,70.74,0.0,2.9,19,0,300,0,10
2025-10-27 20:03:09.822246,504.47,17.25,82.52,0.0,8.38,20,0,300,0,10
2025-10-27 21:03:09.822246,474.33,13.75,94.32,0.0,13.62,21,0,300,0,10
2025-10-27 22:03:09.822246,510.25,14.31,72.71,0.0,2.93,22,0,300,0,10
2025-10-27 23:03:09.822246,572.78,15.75,76.8,0.0,10.21,23,0,300,0,10
2025-10-28 00:03:09.822246,480.69,9.59,100.0,3.14,15.7,0,1,301,0,10
2025-10-28 01:03:09.822246,632.38,11.47,84.46,0.0,18.64,1,1,301,0,10
2025-10-28 02:03:09.822246,602.63,6.38,74.66,0.0,17.11,2,1,301,0,10
2025-10-28 03:03:09.822246,503.77,10.69,87.75,0.0,20.26,3,1,301,0,10
2025-10-28 04:03:09.822246,538.91,15.77,74.04,0.0,22.49,4,1,301,0,10
2025-10-28 05:03:09.822246,629.66,16.8,64.07,0.0,18.71,5,1,301,0,10
2025-10-28 06:03:09.822246,612.75,5.41,93.44,0.0,20.36,6,1,301,0,10
2025-10-28 07:03:09.822246,607.4,14.62,68.69,0.0,15.24,7,1,301,0,10
2025-10-28 08:03:09.822246,590.38,18.12,100.0,0.0,29.17,8,1,301,0,10
2025-10-28 09:03:09.822246,615.52,14.49,74.83,0.0,24.91,9,1,301,0,10
2025-10-28 10:03:09.822246,604.24,12.13,100.0,0.0,13.22,10,1,301,0,10
2025-10-28 11:03:09.822246,511.5,13.24,66.03,0.0,11.97,11,1,301,0,10
2025-10-28 12:03:09.822246,730.17,12.6,89.97,0.0,8.2,12,1,301,0,10
2025-10-28 13:03:09.822246,618.64,12.12,84.72,0.0,7.69,13,1,301,0,10
2025-10-28 14:03:09.822246,650.07,16.17,88.1,0.0,11.22,14,1,301,0,10
2025-10-28 15:03:09.822246,613.09,26.84,89.4,0.0,22.29,15,1,301,0,10
2025-10-28 16:03:09.822246,557.13,11.58,74.74,0.0,4.14,16,1,301,0,10
2025-10-28 17:03:09.822246,503.56,13.71,66.63,0.0,7.71,17,1,301,0,10
2025-10-28 18:03:09.822246,467.99,15.04,79.21,0.0,4.4,18,1,301,0,10
2025-10-28 19:03:09.822246,666.17,11.87,81.95,0.0,6.56,19,1,301,0,10
2025-10-28 20:03:09.822246,455.11,20.79,75.0,0.0,4.91,20,1,301,0,10
2025-10-28 21:03:09.822246,543.73,3.45,82.49,0.0,13.7,21,1,301,0,10
2025-10-28 22:03:09.822246,547.76,12.65,83.02,0.0,12.98,22,1,301,0,10
2025-10-28 23:03:09.822246,547.46,19.39,70.62,0.0,12.38,23,1,301,0,10
2025-10-29 00:03:09.822246,593.24,13.59,83.61,0.0,18.23,0,2,302,0,10
2025-10-29 01:03:09.822246,470.51,10.95,76.99,0.0,22.34,1,2,302,0,10
2025-10-29 02:03:09.822246,585.28,17.26,72.66,0.0,16.4,2,2,302,0,10
2025-10-29 03:03:09.822246,497.87,19.59,87.53,0.0,24.42,3,2,302,0,10
2025-10-29 04:03:09.822246,562.96,16.11,71.89,0.0,28.01,4,2,302,0,10
2025-10-29 05:03:09.822246,587.67,11.05,75.09,0.0,26.99,5,2,302,0,10
2025-10-29 06:03:09.822246,646.16,17.34,80.38,0.0,28.53,6,2,302,0,10
2025-10-29 07:03:09.822246,690.73,13.05,93.4,0.0,25.08,7,2,302,0,10
2025-10-29 08:03:09.822246,525.11,18.78,81.59,0.0,26.4,8,2,302,0,10
2025-10-29 09:03:09.822246,708.9,22.48,84.94,0.0,29.7,9,2,302,0,10
2025-10-29 10:03:09.822246,698.83,2.03,76.68,0.0,14.95,10,2,302,0,10
2025-10-29 11:03:09.822246,667.65,15.61,78.87,0.0,17.57,11,2,302,0,10
2025-10-29 12:03:09.822246,579.45,6.38,79.17,0.0,11.14,12,2,302,0,10
2025-10-29 13:03:09.822246,658.29,27.27,82.59,0.0,9.4,13,2,302,0,10
2025-10-29 14:03:09.822246,575.05,12.72,76.7,3.11,12.49,14,2,302,0,10
2025-10-29 15:03:09.822246,626.65,18.79,93.06,0.0,0.0,15,2,302,0,10
2025-10-29 16:03:09.822246,630.1,14.88,75.93,0.0,0.74,16,2,302,0,10
2025-10-29 17:03:09.822246,486.53,11.04,62.59,0.0,11.39,17,2,302,0,10
2025-10-29 18:03:09.822246,542.55,10.45,100.0,0.0,0.0,18,2,302,0,10
2025-10-29 19:03:09.822246,570.61,22.99,76.38,0.0,12.55,19,2,302,0,10
2025-10-29 20:03:09.822246,501.51,19.84,92.79,0.0,6.28,20,2,302,0,10
2025-10-29 21:03:09.822246,565.01,24.78,93.71,0.0,7.57,21,2,302,0,10
2025-10-29 22:03:09.822246,554.94,15.34,89.11,0.0,6.59,22,2,302,0,10
2025-10-29 23:03:09.822246,532.24,16.5,77.68,0.0,10.78,23,2,302,0,10
2025-10-30 00:03:09.822246,518.53,13.48,82.46,0.0,16.14,0,3,303,0,10
2025-10-30 01:03:09.822246,486.07,13.38,66.85,0.0,16.49,1,3,303,0,10
2025-10-30 02:03:09.822246,538.15,9.61,99.49,0.0,15.59,2,3,303,0,10
2025-10-30 03:03:09.822246,567.57,15.24,71.07,12.52,25.16,3,3,303,0,10
2025-10-30 04:03:09.822246,575.41,10.87,77.05,0.0,29.86,4,3,303,0,10
2025-10-30 05:03:09.822246,530.39,17.03,80.58,0.0,16.63,5,3,303,0,10
2025-10-30 06:03:09.822246,498.81,15.67,78.52,0.0,35.96,6,3,303,0,10
2025-10-30 07:03:09.822246,558.34,16.25,73.02,0.0,26.11,7,3,303,0,10
2025-10-30 08:03:09.822246,630.9,23.19,93.54,0.0,26.08,8,3,303,0,10
2025-10-30 09:03:09.822246,615.4,14.63,89.1,0.0,29.59,9,3,303,0,10
2025-10-30 10:03:09.822246,592.92,18.6,82.81,0.0,9.43,10,3,303,0,10
2025-10-30 11:03:09.822246,674.54,25.07,75.6,0.0,9.66,11,3,303,0,10
2025-10-30 12:03:09.822246,635.21,21.35,90.24,0.0,4.87,12,3,303,0,10
2025-10-30 13:03:09.822246,636.46,20.58,74.95,0.0,6.24,13,3,303,0,10
2025-10-30 14:03:09.822246,706.36,13.28,95.3,0.0,12.92,14,3,303,0,10
2025-10-30 15:03:09.822246,595.25,15.96,80.7,0.0,1.79,15,3,303,0,10
2025-10-30 16:03:09.822246,611.54,8.22,91.89,0.0,1.7,16,3,303,0,10
2025-10-30 17:03:09.822246,517.87,17.31,78.45,0.0,1.58,17,3,303,0,10
2025-10-30 18:03:09.822246,504.77,16.19,80.31,0.0,4.24,18,3,303,0,10
2025-10-30 19:03:09.822246,558.58,14.93,91.85,0.0,4.33,19,3,303,0,10
2025-10-30 20:03:09.822246,475.07,19.95,100.0,0.0,2.25,20,3,303,0,10
2025-10-30 21:03:09.822246,570.46,8.78,95.2,0.0,2.65,21,3,303,0,10
2025-10-30 22:03:09.822246,567.31,22.99,88.36,0.0,8.43,22,3,303,0,10
2025-10-30 23:03:09.822246,559.01,19.32,85.49,0.0,12.41,23,3,303,0,10
2025-10-31 00:03:09.822246,578.81,14.22,74.45,0.0,21.98,0,4,304,0,10
2025-10-31 01:03:09.822246,577.91,13.83,82.47,0.0,12.58,1,4,304,0,10
2025-10-31 02:03:09.822246,614.08,16.98,70.39,0.0,19.29,2,4,304,0,10
2025-10-31 03:03:09.822246,492.63,22.18,83.28,0.0,11.83,3,4,304,0,10
2025-10-31 04:03:09.822246,570.34,15.08,83.92,1.62,29.11,4,4,304,0,10
2025-10-31 05:03:09.822246,507.01,15.29,59.91,0.0,23.91,5,4,304,0,10
2025-10-31 06:03:09.822246,500.42,14.66,79.91,0.0,28.89,6,4,304,0,10
2025-10-31 07:03:09.822246,620.56,23.48,83.67,0.0,30.67,7,4,304,0,10
2025-10-31 08:03:09.822246,708.5,12.73,78.68,0.0,25.87,8,4,304,0,10
2025-10-31 09:03:09.822246,632.13,14.43,83.1,0.0,22.65,9,4,304,0,10
2025-10-31 10:03:09.822246,661.63,21.89,66.1,0.0,10.38,10,4,304,0,10
2025-10-31 11:03:09.822246,630.14,15.31,71.76,0.0,16.7,11,4,304,0,10
2025-10-31 12:03:09.822246,555.15,20.26,89.87,0.0,9.97,12,4,304,0,10
2025-10-31 13:03:09.822246,608.2,10.02,79.53,0.0,6.82,13,4,304,0,10
2025-10-31 14:03:09.822246,582.67,13.55,82.92,0.0,0.33,14,4,304,0,10
2025-10-31 15:03:09.822246,499.99,22.0,74.05,0.0,6.78,15,4,304,0,10
2025-10-31 16:03:09.822246,698.78,11.19,79.72,0.0,1.91,16,4,304,0,10
2025-10-31 17:03:09.822246,521.29,13.82,56.5,0.0,1.35,17,4,304,0,10
2025-10-31 18:03:09.822246,520.6,15.86,87.98,0.0,0.0,18,4,304,0,10
2025-10-31 19:03:09.822246,628.62,9.63,97.6,0.0,11.89,19,4,304,0,10
2025-10-31 20:03:09.822246,485.8,12.51,68.87,0.0,0.86,20,4,304,0,10
2025-10-31 21:03:09.822246,512.13,15.14,70.12,0.0,5.8,21,4,304,0,10
2025-10-31 22:03:09.822246,554.54,14.81,83.93,0.0,8.96,22,4,304,0,10
2025-10-31 23:03:09.822246,582.0,20.98,94.26,0.0,11.17,23,4,304,0,10
2025-11-01 00:03:09.822246,463.79,22.04,79.42,0.0,23.64,0,5,305,1,11
2025-11-01 01:03:09.822246,499.47,10.05,67.15,0.0,7.4,1,5,305,1,11
2025-11-01 02:03:09.822246,469.72,14.89,77.36,0.0,21.12,2,5,305,1,11
2025-11-01 03:03:09.822246,469.52,17.71,69.14,0.0,26.43,3,5,305,1,11
2025-11-01 04:03:09.822246,452.93,21.92,72.75,0.0,24.92,4,5,305,1,11
2025-11-01 05:03:09.822246,431.56,17.93,76.4,0.0,35.38,5,5,305,1,11
2025-11-01 06:03:09.822246,466.42,15.79,70.15,0.0,31.58,6,5,305,1,11
2025-11-01 07:03:09.822246,428.74,17.67,71.66,0.0,21.12,7,5,305,1,11
2025-11-01 08:03:09.822246,477.62,17.7,80.19,0.0,22.59,8,5,305,1,11
2025-11-01 09:03:09.822246,580.78,9.7,81.59,0.0,25.88,9,5,305,1,11
2025-11-01 10:03:09.822246,691.24,15.3,65.2,0.0,19.36,10,5,305,1,11
2025-11-01 11:03:09.822246,546.0,21.63,83.41,0.0,17.04,11,5,305,1,11
2025-11-01 12:03:09.822246,534.27,13.3,75.62,0.0,25.08,12,5,305,1,11
2025-11-01 13:03:09.822246,527.97,14.98,86.64,0.0,17.41,13,5,305,1,11
2025-11-01 14:03:09.822246,561.54,13.12,87.25,0.0,20.32,14,5,305,1,11
2025-11-01 15:03:09.822246,698.25,2.77,74.0,0.0,7.45,15,5,305,1,11
2025-11-01 16:03:09.822246,510.06,14.44,85.58,0.0,7.05,16,5,305,1,11
2025-11-01 17:03:09.822246,367.03,15.84,71.07,0.0,7.01,17,5,305,1,11
2025-11-01 18:03:09.822246,498.8,11.77,92.68,0.0,8.44,18,5,305,1,11
2025-11-01 19:03:09.822246,394.45,8.56,71.45,0.0,3.75,19,5,305,1,11
2025-11-01 20:03:09.822246,484.47,9.93,82.97,0.0,1.72,20,5,305,1,11
2025-11-01 21:03:09.822246,434.82,18.16,77.57,0.0,3.86,21,5,305,1,11
2025-11-01 22:03:09.822246,463.26,24.2,69.27,0.0,9.38,22,5,305,1,11
2025-11-01 23:03:09.822246,456.47,21.25,88.45,0.0,4.21,23,5,305,1,11
2025-11-02 00:03:09.822246,471.76,7.37,73.22,0.0,16.85,0,6,306,1,11
2025-11-02 01:03:09.822246,401.16,18.37,62.36,0.0,6.19,1,6,306,1,11
2025-11-02 02:03:09.822246,499.44,10.78,50.54,0.0,12.2,2,6,306,1,11
2025-11-02 03:03:09.822246,525.09,11.18,70.61,0.0,28.11,3,6,306,1,11
2025-11-02 04:03:09.822246,438.14,11.79,93.12,0.0,24.04,4,6,306,1,11
2025-11-02 05:03:09.822246,498.79,17.63,91.94,0.0,26.75,5,6,306,1,11
2025-11-02 06:03:09.822246,483.32,18.89,72.17,0.0,26.57,6,6,306,1,11
2025-11-02 07:03:09.822246,522.14,13.61,75.61,0.0,34.32,7,6,306,1,11
2025-11-02 08:03:09.822246,534.1,13.69,74.71,0.0,29.7,8,6,306,1,11
2025-11-02 09:03:09.822246,425.73,16.42,66.02,0.0,30.51,9,6,306,1,11
2025-11-02 10:03:09.822246,575.47,16.94,69.87,0.0,17.3,10,6,306,1,11
2025-11-02 11:03:09.822246,545.72,19.98,89.17,0.0,16.98,11,6,306,1,11
2025-11-02 12:03:09.822246,666.47,7.67,84.4,0.0,7.79,12,6,306,1,11
2025-11-02 13:03:09.822246,544.54,14.2,82.09,0.0,17.13,13,6,306,1,11
2025-11-02 14:03:09.822246,542.8,8.76,66.01,0.0,13.63,14,6,306,1,11
2025-11-02 15:03:09.822246,544.63,13.84,80.37,0.0,4.35,15,6,306,1,11
2025-11-02 16:03:09.822246,548.77,12.97,56.32,0.0,3.51,16,6,306,1,11
2025-11-02 17:03:09.822246,572.26,13.86,87.79,0.0,7.55,17,6,306,1,11
2025-11-02 18:03:09.822246,491.83,10.1,81.94,0.0,3.89,18,6,306,1,11
2025-11-02 19:03:09.822246,524.44,6.66,65.91,0.0,1.86,19,6,306,1,11
2025-11-02 20:03:09.822246,510.24,3.62,95.52,0.0,4.37,20,6,306,1,11
2025-11-02 21:03:09.822246,460.29,13.44,61.4,0.0,5.9,21,6,306,1,11
2025-11-02 22:03:09.822246,463.85,11.94,84.66,0.0,11.99,22,6,306,1,11
2025-11-02 23:03:09.822246,530.55,10.72,84.91,0.0,11.28,23,6,306,1,11
2025-11-03 00:03:09.822246,503.05,20.47,66.87,0.0,0.61,0,0,307,0,11
2025-11-03 01:03:09.822246,683.68,9.56,78.89,0.0,17.13,1,0,307,0,11
2025-11-03 02:03:09.822246,491.78,20.94,62.9,0.0,16.49,2,0,307,0,11
2025-11-03 03:03:09.822246,571.7,21.98,50.81,0.0,25.41,3,0,307,0,11
2025-11-03 04:03:09.822246,559.99,4.11,68.59,0.0,24.47,4,0,307,0,11
2025-11-03 05:03:09.822246,483.12,14.32,73.1,0.0,21.17,5,0,307,0,11
2025-11-03 06:03:09.822246,552.21,11.86,85.71,0.0,21.71,6,0,307,0,11
2025-11-03 07:03:09.822246,665.75,-0.7,79.94,0.0,25.52,7,0,307,0,11
2025-11-03 08:03:09.822246,757.35,6.64,80.2,0.0,23.46,8,0,307,0,11
2025-11-03 09:03:09.822246,585.86,17.73,69.13,0.0,20.41,9,0,307,0,11
2025-11-03 10:03:09.822246,559.44,23.96,73.97,0.0,19.4,10,0,307,0,11
2025-11-03 11:03:09.822246,606.24,18.37,69.97,0.0,19.65,11,0,307,0,11
2025-11-03 12:03:09.822246,505.82,15.48,67.02,0.0,6.72,12,0,307,0,11
2025-11-03 13:03:09.822246,671.59,13.75,73.33,0.0,19.49,13,0,307,0,11
2025-11-03 14:03:09.822246,633.58,22.27,80.01,0.0,7.74,14,0,307,0,11
2025-11-03 15:03:09.822246,672.23,24.6,73.54,7.13,13.68,15,0,307,0,11
2025-11-03 16:03:09.822246,655.82,10.93,76.03,0.0,16.71,16,0,307,0,11
2025-11-03 17:03:09.822246,602.9,3.86,86.22,0.0,8.15,17,0,307,0,11
2025-11-03 18:03:09.822246,605.66,3.37,74.26,0.0,0.0,18,0,307,0,11
2025-11-03 19:03:09.822246,514.11,20.47,65.93,0.0,0.0,19,0,307,0,11
2025-11-03 20:03:09.822246,501.86,13.62,84.9,0.0,8.44,20,0,307,0,11
2025-11-03 21:03:09.822246,546.79,14.78,81.93,0.0,4.58,21,0,307,0,11
2025-11-03 22:03:09.822246,543.58,4.91,82.56,0.0,17.38,22,0,307,0,11
2025-11-03 23:03:09.822246,490.64,10.09,85.53,0.0,8.7,23,0,307,0,11
2025-11-04 00:03:09.822246,491.3,12.15,83.74,0.0,17.79,0,1,308,0,11
2025-11-04 01:03:09.822246,575.8,14.66,79.46,0.0,17.04,1,1,308,0,11
2025-11-04 02:03:09.822246,664.33,11.63,100.0,0.0,20.18,2,1,308,0,11
2025-11-04 03:03:09.822246,526.15,8.44,66.32,0.0,25.26,3,1,308,0,11
2025-11-04 04:03:09.822246,470.38,9.7,73.31,0.0,8.04,4,1,308,0,11
2025-11-04 05:03:09.822246,512.31,19.67,88.85,0.0,24.49,5,1,308,0,11
2025-11-04 06:03:09.822246,539.51,14.85,80.6,0.0,29.51,6,1,308,0,11
2025-11-04 07:03:09.822246,586.7,16.69,86.75,0.0,18.78,7,1,308,0,11
2025-11-04 08:03:09.822246,612.18,9.13,80.87,0.0,26.93,8,1,308,0,11
2025-11-04 09:03:09.822246,684.03,-1.14,92.91,0.0,20.92,9,1,308,0,11
2025-11-04 10:03:09.822246,656.77,11.01,69.1,0.0,16.73,10,1,308,0,11
2025-11-04 11:03:09.822246,729.45,9.29,92.6,0.0,16.35,11,1,308,0,11
2025-11-04 12:03:09.822246,546.84,15.37,90.88,0.0,21.96,12,1,308,0,11
2025-11-04 13:03:09.822246,678.1,30.05,67.07,0.0,13.26,13,1,308,0,11
2025-11-04 14:03:09.822246,630.36,17.1,85.48,0.0,3.73,14,1,308,0,11
2025-11-04 15:03:09.822246,576.55,27.3,78.74,0.0,9.39,15,1,308,0,11
2025-11-04 16:03:09.822246,657.13,16.47,73.11,0.0,6.57,16,1,308,0,11
2025-11-04 17:03:09.822246,591.8,10.48,60.29,0.0,10.99,17,1,308,0,11
2025-11-04 18:03:09.822246,542.29,15.36,69.07,0.0,4.64,18,1,308,0,11
2025-11-04 19:03:09.822246,564.77,22.53,86.26,0.0,10.64,19,1,308,0,11
2025-11-04 20:03:09.822246,538.03,22.77,87.31,0.0,6.68,20,1,308,0,11
2025-11-04 21:03:09.822246,496.69,10.75,77.07,0.0,9.91,21,1,308,0,11
2025-11-04 22:03:09.822246,495.95,14.89,87.34,0.0,6.32,22,1,308,0,11
2025-11-04 23:03:09.822246,662.61,6.48,88.63,0.0,15.25,23,1,308,0,11
2025-11-05 00:03:09.822246,539.27,17.52,80.62,0.0,25.11,0,2,309,0,11
2025-11-05 01:03:09.822246,449.04,21.16,71.85,0.0,26.2,1,2,309,0,11
2025-11-05 02:03:09.822246,629.07,13.59,83.48,0.0,14.45,2,2,309,0,11
2025-11-05 03:03:09.822246,542.11,10.06,83.94,0.0,13.53,3,2,309,0,11
2025-11-05 04:03:09.822246,534.18,15.19,85.81,0.0,25.54,4,2,309,0,11
2025-11-05 05:03:09.822246,540.3,15.48,87.73,0.0,23.44,5,2,309,0,11
2025-11-05 06:03:09.822246,635.51,13.8,65.45,0.0,20.75,6,2,309,0,11
2025-11-05 07:03:09.822246,698.2,14.29,73.97,0.0,35.23,7,2,309,0,11
2025-11-05 08:03:09.822246,667.33,12.52,60.09,0.0,39.1,8,2,309,0,11
2025-11-05 09:03:09.822246,660.45,18.37,86.54,0.0,12.99,9,2,309,0,11
2025-11-05 10:03:09.822246,575.41,17.07,76.95,0.0,16.09,10,2,309,0,11
2025-11-05 11:03:09.822246,621.69,8.48,83.38,0.0,11.13,11,2,309,0,11
2025-11-05 12:03:09.822246,653.81,8.34,64.32,0.0,10.87,12,2,309,0,11
2025-11-05 13:03:09.822246,667.78,12.12,93.08,0.0,18.03,13,2,309,0,11
2025-11-05 14:03:09.822246,563.65,17.08,67.13,0.0,11.28,14,2,309,0,11
2025-11-05 15:03:09.822246,584.01,14.13,86.82,0.0,12.09,15,2,309,0,11
2025-11-05 16:03:09.822246,630.52,10.18,80.25,0.0,12.93,16,2,309,0,11
2025-11-05 17:03:09.822246,569.23,14.7,77.18,0.0,7.03,17,2,309,0,11
2025-11-05 18:03:09.822246,577.86,11.74,76.37,0.0,0.28,18,2,309,0,11
2025-11-05 19:03:09.822246,543.05,17.79,72.69,0.0,7.93,19,2,309,0,11
2025-11-05 20:03:09.822246,534.37,15.06,92.03,0.0,5.81,20,2,309,0,11
2025-11-05 21:03:09.822246,518.16,11.82,79.2,0.86,7.09,21,2,309,0,11
2025-11-05 22:03:09.822246,471.33,14.55,66.38,0.0,5.86,22,2,309,0,11
2025-11-05 23:03:09.822246,616.71,19.97,75.23,0.0,17.22,23,2,309,0,11
2025-11-06 00:03:09.822246,571.79,10.31,80.25,0.0,17.51,0,3,310,0,11
2025-11-06 01:03:09.822246,549.37,15.17,87.95,0.0,21.8,1,3,310,0,11
2025-11-06 02:03:09.822246,506.87,12.81,72.92,0.0,15.33,2,3,310,0,11
2025-11-06 03:03:09.822246,702.78,15.3,73.59,0.0,27.34,3,3,310,0,11
2025-11-06 04:03:09.822246,460.35,9.89,79.2,0.0,25.41,4,3,310,0,11
2025-11-06 05:03:09.822246,516.77,13.71,87.7,0.0,29.42,5,3,310,0,11
2025-11-06 06:03:09.822246,549.42,18.7,65.28,0.0,21.08,6,3,310,0,11
2025-11-06 07:03:09.822246,632.79,8.48,84.02,0.0,25.46,7,3,310,0,11
2025-11-06 08:03:09.822246,689.69,6.51,74.33,0.0,29.43,8,3,310,0,11
2025-11-06 09:03:09.822246,766.64,6.7,75.72,0.0,25.02,9,3,310,0,11
2025-11-06 10:03:09.822246,686.3,7.31,98.98,0.0,19.43,10,3,310,0,11
2025-11-06 11:03:09.822246,590.57,16.14,77.0,0.0,20.32,11,3,310,0,11
2025-11-06 12:03:09.822246,673.29,6.13,86.51,0.0,10.23,12,3,310,0,11
2025-11-06 13:03:09.822246,684.4,11.67,86.16,0.0,15.83,13,3,310,0,11
2025-11-06 14:03:09.822246,739.99,16.25,67.17,0.0,14.56,14,3,310,0,11
2025-11-06 15:03:09.822246,524.04,15.24,60.51,0.0,10.19,15,3,310,0,11
2025-11-06 16:03:09.822246,682.3,11.23,87.18,0.0,5.95,16,3,310,0,11
2025-11-06 17:03:09.822246,597.62,14.12,68.13,0.0,7.1,17,3,310,0,11
2025-11-06 18:03:09.822246,597.79,13.7,62.33,0.0,4.8,18,3,310,0,11
2025-11-06 19:03:09.822246,563.67,12.04,89.23,0.0,4.49,19,3,310,0,11
2025-11-06 20:03:09.822246,522.12,12.11,68.77,0.0,10.18,20,3,310,0,11
2025-11-06 21:03:09.822246,565.09,24.34,71.24,0.0,15.84,21,3,310,0,11
2025-11-06 22:03:09.822246,558.81,17.21,98.71,0.0,10.95,22,3,310,0,11
2025-11-06 23:03:09.822246,601.28,25.56,62.37,0.0,9.74,23,3,310,0,11
2025-11-07 00:03:09.822246,567.93,10.45,66.29,0.0,10.25,0,4,311,0,11
2025-11-07 01:03:09.822246,516.7,12.51,74.26,0.0,14.31,1,4,311,0,11
2025-11-07 02:03:09.822246,499.33,6.27,76.45,0.0,30.92,2,4,311,0,11
2025-11-07 03:03:09.822246,617.59,8.88,69.92,0.0,30.21,3,4,311,0,11
2025-11-07 04:03:09.822246,527.97,22.44,67.27,0.0,28.46,4,4,311,0,11
2025-11-07 05:03:09.822246,512.59,10.32,93.96,0.0,31.04,5,4,311,0,11
2025-11-07 06:03:09.822246,533.04,22.53,81.49,0.0,22.34,6,4,311,0,11
2025-11-07 07:03:09.822246,596.81,6.72,84.71,0.0,29.89,7,4,311,0,11
2025-11-07 08:03:09.822246,550.91,7.67,77.48,0.0,29.32,8,4,311,0,11
2025-11-07 09:03:09.822246,586.99,11.23,81.75,0.0,21.64,9,4,311,0,11
2025-11-07 10:03:09.822246,637.36,12.61,88.18,0.0,14.08,10,4,311,0,11
2025-11-07 11:03:09.822246,609.97,17.55,68.89,0.0,10.36,11,4,311,0,11
2025-11-07 12:03:09.822246,620.3,15.19,81.5,0.0,17.04,12,4,311,0,11
2025-11-07 13:03:09.822246,568.97,10.85,85.82,0.0,9.99,13,4,311,0,11
2025-11-07 14:03:09.822246,758.66,12.27,94.3,0.0,11.65,14,4,311,0,11
2025-11-07 15:03:09.822246,671.58,11.34,98.33,0.0,6.56,15,4,311,0,11
2025-11-07 16:03:09.822246,583.7,8.36,79.55,3.49,0.79,16,4,311,0,11
2025-11-07 17:03:09.822246,613.7,8.49,90.24,16.85,14.19,17,4,311,0,11
2025-11-07 18:03:09.822246,509.82,18.07,52.15,0.0,0.0,18,4,311,0,11
2025-11-07 19:03:09.822246,672.35,3.79,94.38,0.0,2.02,19,4,311,0,11
2025-11-07 20:03:09.822246,476.57,21.02,71.6,0.0,6.3,20,4,311,0,11
2025-11-07 21:03:09.822246,637.36,11.22,76.44,0.0,8.64,21,4,311,0,11
2025-11-07 22:03:09.822246,544.54,9.07,83.27,0.0,2.15,22,4,311,0,11
2025-11-07 23:03:09.822246,452.95,16.63,77.32,0.0,16.52,23,4,311,0,11
2025-11-08 00:03:09.822246,490.79,20.13,80.7,0.0,18.33,0,5,312,1,11
2025-11-08 01:03:09.822246,513.7,18.29,94.61,0.0,28.54,1,5,312,1,11
2025-11-08 02:03:09.822246,597.52,15.22,74.9,0.0,21.45,2,5,312,1,11
2025-11-08 03:03:09.822246,403.06,18.14,67.87,0.0,21.59,3,5,312,1,11
2025-11-08 04:03:09.822246,562.03,4.12,96.87,0.0,19.04,4,5,312,1,11
2025-11-08 05:03:09.822246,459.72,10.1,84.01,0.0,18.3,5,5,312,1,11
2025-11-08 06:03:09.822246,507.73,8.15,97.96,0.0,24.08,6,5,312,1,11
2025-11-08 07:03:09.822246,382.55,18.83,87.37,0.0,18.08,7,5,312,1,11
2025-11-08 08:03:09.822246,472.6,10.79,65.5,0.0,27.77,8,5,312,1,11
2025-11-08 09:03:09.822246,490.15,16.93,85.19,0.0,19.93,9,5,312,1,11
2025-11-08 10:03:09.822246,585.92,15.39,68.9,0.0,26.14,10,5,312,1,11
2025-11-08 11:03:09.822246,607.57,8.39,78.81,0.0,19.05,11,5,312,1,11
2025-11-08 12:03:09.822246,625.11,9.77,77.98,0.0,16.65,12,5,312,1,11
2025-11-08 13:03:09.822246,604.14,19.17,62.56,0.0,7.52,13,5,312,1,11
2025-11-08 14:03:09.822246,606.59,8.83,70.61,0.0,13.24,14,5,312,1,11
2025-11-08 15:03:09.822246,614.9,13.33,100.0,0.0,10.11,15,5,312,1,11
2025-11-08 16:03:09.822246,565.9,8.79,81.12,0.0,0.0,16,5,312,1,11
2025-11-08 17:03:09.822246,440.7,11.14,76.98,0.0,11.74,17,5,312,1,11
2025-11-08 18:03:09.822246,534.09,12.48,96.87,0.0,9.37,18,5,312,1,11
2025-11-08 19:03:09.822246,458.2,8.79,74.78,0.0,1.38,19,5,312,1,11
2025-11-08 20:03:09.822246,535.68,7.9,77.82,0.0,11.02,20,5,312,1,11
2025-11-08 21:03:09.822246,551.6,14.14,88.65,0.0,5.83,21,5,312,1,11
2025-11-08 22:03:09.822246,526.74,8.48,74.73,0.0,6.77,22,5,312,1,11
2025-11-08 23:03:09.822246,402.43,8.65,71.27,0.0,14.17,23,5,312,1,11
2025-11-09 00:03:09.822246,466.53,7.79,56.08,0.0,19.94,0,6,313,1,11
2025-11-09 01:03:09.822246,548.29,12.09,69.25,0.0,25.22,1,6,313,1,11
2025-11-09 02:03:09.822246,445.76,17.2,69.15,2.0,28.78,2,6,313,1,11
2025-11-09 03:03:09.822246,454.93,20.01,80.2,0.0,14.12,3,6,313,1,11
2025-11-09 04:03:09.822246,568.12,8.85,72.51,0.0,14.91,4,6,313,1,11
2025-11-09 05:03:09.822246,492.5,23.23,100.0,0.0,22.51,5,6,313,1,11
2025-11-09 06:03:09.822246,502.34,7.46,68.04,0.0,20.49,6,6,313,1,11
2025-11-09 07:03:09.822246,480.6,17.9,92.62,0.0,37.01,7,6,313,1,11
2025-11-09 08:03:09.822246,545.2,8.87,80.81,0.0,25.06,8,6,313,1,11
2025-11-09 09:03:09.822246,622.55,8.13,86.68,0.0,21.02,9,6,313,1,11
2025-11-09 10:03:09.822246,614.23,8.76,86.07,0.0,17.29,10,6,313,1,11
2025-11-09 11:03:09.822246,544.97,12.22,56.43,0.0,18.58,11,6,313,1,11
2025-11-09 12:03:09.822246,598.6,15.38,78.5,0.0,4.41,12,6,313,1,11
2025-11-09 13:03:09.822246,547.65,15.83,75.99,0.0,16.92,13,6,313,1,11
2025-11-09 14:03:09.822246,529.1,7.76,67.28,0.0,17.0,14,6,313,1,11
2025-11-09 15:03:09.822246,555.57,7.53,83.21,0.0,0.0,15,6,313,1,11
2025-11-09 16:03:09.822246,474.44,7.9,95.78,0.0,9.25,16,6,313,1,11
2025-11-09 17:03:09.822246,495.76,11.92,51.88,0.0,7.58,17,6,313,1,11
2025-11-09 18:03:09.822246,545.95,11.43,73.27,0.0,7.66,18,6,313,1,11
2025-11-09 19:03:09.822246,476.63,7.73,66.16,0.0,7.94,19,6,313,1,11
2025-11-09 20:03:09.822246,498.98,13.83,79.33,0.0,1.03,20,6,313,1,11
2025-11-09 21:03:09.822246,415.03,23.79,75.36,0.0,7.24,21,6,313,1,11
2025-11-09 22:03:09.822246,507.27,9.96,72.56,1.75,14.35,22,6,313,1,11
2025-11-09 23:03:09.822246,396.18,10.31,85.51,0.0,3.97,23,6,313,1,11
2025-11-10 00:03:09.822246,556.2,15.06,94.85,0.0,15.56,0,0,314,0,11
2025-11-10 01:03:09.822246,580.16,9.46,100.0,0.0,20.44,1,0,314,0,11
2025-11-10 02:03:09.822246,537.93,15.6,71.09,0.0,18.2,2,0,314,0,11
2025-11-10 03:03:09.822246,571.89,8.67,60.28,0.0,24.44,3,0,314,0,11
2025-11-10 04:03:09.822246,490.52,21.42,84.08,0.0,23.86,4,0,314,0,11
2025-11-10 05:03:09.822246,612.89,13.98,94.59,0.0,23.57,5,0,314,0,11
2025-11-10 06:03:09.822246,591.28,9.16,86.62,0.0,22.86,6,0,314,0,11
2025-11-10 07:03:09.822246,562.74,9.32,94.55,0.0,31.03,7,0,314,0,11
2025-11-10 08:03:09.822246,622.92,9.69,76.23,0.0,23.07,8,0,314,0,11
2025-11-10 09:03:09.822246,561.1,19.12,72.39,0.0,17.79,9,0,314,0,11
2025-11-10 10:03:09.822246,668.31,5.92,79.64,0.0,13.67,10,0,314,0,11
2025-11-10 11:03:09.822246,714.66,8.92,75.18,0.0,10.03,11,0,314,0,11
2025-11-10 12:03:09.822246,591.55,9.45,85.12,0.0,7.75,12,0,314,0,11
2025-11-10 13:03:09.822246,616.87,12.18,88.18,0.0,10.13,13,0,314,0,11
2025-11-10 14:03:09.822246,629.33,10.9,88.97,0.0,9.35,14,0,314,0,11
2025-11-10 15:03:09.822246,686.9,4.8,83.59,0.0,6.38,15,0,314,0,11
2025-11-10 16:03:09.822246,692.89,10.26,80.94,0.0,2.16,16,0,314,0,11
2025-11-10 17:03:09.822246,568.7,11.76,86.43,1.23,2.62,17,0,314,0,11
2025-11-10 18:03:09.822246,565.44,9.12,58.86,0.0,8.35,18,0,314,0,11
2025-11-10 19:03:09.822246,520.56,15.69,80.59,0.0,10.48,19,0,314,0,11
2025-11-10 20:03:09.822246,484.05,16.86,79.01,0.0,14.83,20,0,314,0,11
2025-11-10 21:03:09.822246,555.39,11.87,80.62,0.0,8.13,21,0,314,0,11
2025-11-10 22:03:09.822246,577.01,13.41,77.61,0.0,16.6,22,0,314,0,11
2025-11-10 23:03:09.822246,567.34,1.45,82.8,0.0,13.15,23,0,314,0,11
2025-11-11 00:03:09.822246,594.69,9.93,72.61,0.0,22.19,0,1,315,0,11
2025-11-11 01:03:09.822246,471.76,17.06,89.65,0.0,20.53,1,1,315,0,11
2025-11-11 02:03:09.822246,562.96,9.92,83.09,0.0,20.22,2,1,315,0,11
2025-11-11 03:03:09.822246,579.65,8.35,79.86,0.0,12.12,3,1,315,0,11
2025-11-11 04:03:09.822246,636.66,23.43,71.38,0.0,22.92,4,1,315,0,11
2025-11-11 05:03:09.822246,516.26,21.13,86.5,0.0,20.61,5,1,315,0,11
2025-11-11 06:03:09.822246,475.28,14.38,80.42,0.0,23.17,6,1,315,0,11
2025-11-11 07:03:09.822246,475.27,17.73,70.8,0.0,30.93,7,1,315,0,11
2025-11-11 08:03:09.822246,703.04,0.91,77.79,0.0,25.78,8,1,315,0,11
2025-11-11 09:03:09.822246,708.22,8.1,84.64,0.0,27.09,9,1,315,0,11
2025-11-11 10:03:09.822246,674.75,9.69,83.87,0.0,22.86,10,1,315,0,11
2025-11-11 11:03:09.822246,665.72,10.86,83.22,0.0,12.77,11,1,315,0,11
2025-11-11 12:03:09.822246,746.21,9.59,79.28,0.0,24.65,12,1,315,0,11
2025-11-11 13:03:09.822246,675.51,-0.71,88.61,0.0,11.55,13,1,315,0,11
2025-11-11 14:03:09.822246,680.65,13.97,90.73,0.0,15.2,14,1,315,0,11
2025-11-11 15:03:09.822246,527.85,14.76,85.72,0.0,16.08,15,1,315,0,11
2025-11-11 16:03:09.822246,530.69,20.05,72.48,0.0,0.0,16,1,315,0,11
2025-11-11 17:03:09.822246,478.79,8.1,67.77,2.59,4.88,17,1,315,0,11
2025-11-11 18:03:09.822246,616.81,7.69,72.91,0.0,8.49,18,1,315,0,11
2025-11-11 19:03:09.822246,644.71,-1.36,97.89,0.0,3.94,19,1,315,0,11
2025-11-11 20:03:09.822246,599.75,10.57,81.17,0.0,20.03,20,1,315,0,11
2025-11-11 21:03:09.822246,549.66,16.54,99.62,0.0,9.26,21,1,315,0,11
2025-11-11 22:03:09.822246,558.92,8.98,77.15,0.0,13.1,22,1,315,0,11
2025-11-11 23:03:09.822246,541.68,22.76,75.76,0.0,21.59,23,1,315,0,11
2025-11-12 00:03:09.822246,516.06,10.54,77.47,0.0,8.1,0,2,316,0,11
2025-11-12 01:03:09.822246,642.28,12.56,77.29,0.0,15.39,1,2,316,0,11
2025-11-12 02:03:09.822246,614.07,5.01,70.48,0.0,15.21,2,2,316,0,11
2025-11-12 03:03:09.822246,522.41,13.26,66.72,0.0,24.23,3,2,316,0,11
2025-11-12 04:03:09.822246,728.18,1.92,83.23,0.0,31.84,4,2,316,0,11
2025-11-12 05:03:09.822246,485.35,15.29,88.76,0.0,19.43,5,2,316,0,11
2025-11-12 06:03:09.822246,477.63,15.44,100.0,0.0,17.95,6,2,316,0,11
2025-11-12 07:03:09.822246,513.86,18.62,73.87,0.0,25.56,7,2,316,0,11
2025-11-12 08:03:09.822246,618.03,6.72,74.69,0.0,30.46,8,2,316,0,11
2025-11-12 09:03:09.822246,646.58,12.62,70.5,0.0,18.13,9,2,316,0,11
2025-11-12 10:03:09.822246,671.98,14.64,89.47,0.0,14.93,10,2,316,0,11
2025-11-12 11:03:09.822246,777.78,14.03,86.36,0.0,25.5,11,2,316,0,11
2025-11-12 12:03:09.822246,596.62,7.49,69.44,0.0,14.03,12,2,316,0,11
2025-11-12 13:03:09.822246,771.38,-0.14,69.19,0.0,15.59,13,2,316,0,11
2025-11-12 14:03:09.822246,611.9,13.56,87.74,0.0,16.91,14,2,316,0,11
2025-11-12 15:03:09.822246,622.06,11.06,82.04,0.0,10.52,15,2,316,0,11
2025-11-12 16:03:09.822246,643.35,8.99,85.8,0.0,6.51,16,2,316,0,11
2025-11-12 17:03:09.822246,505.24,15.64,69.38,0.0,0.5,17,2,316,0,11
2025-11-12 18:03:09.822246,633.27,11.6,59.43,0.0,2.34,18,2,316,0,11
2025-11-12 19:03:09.822246,644.06,5.23,69.46,0.0,7.09,19,2,316,0,11
2025-11-12 20:03:09.822246,671.69,2.16,85.09,0.0,12.56,20,2,316,0,11
2025-11-12 21:03:09.822246,647.3,6.18,99.32,0.0,5.53,21,2,316,0,11
2025-11-12 22:03:09.822246,458.74,23.79,73.92,0.0,7.05,22,2,316,0,11
2025-11-12 23:03:09.822246,494.61,15.44,100.0,0.0,14.83,23,2,316,0,11
2025-11-13 00:03:09.822246,475.36,12.55,86.37,0.0,11.18,0,3,317,0,11
2025-11-13 01:03:09.822246,539.73,10.7,64.14,0.0,19.79,1,3,317,0,11
2025-11-13 02:03:09.822246,588.84,10.37,80.21,0.0,15.72,2,3,317,0,11
2025-11-13 03:03:09.822246,545.69,17.44,86.71,0.0,23.37,3,3,317,0,11
2025-11-13 04:03:09.822246,593.34,9.15,53.81,0.0,22.06,4,3,317,0,11
2025-11-13 05:03:09.822246,456.0,14.49,84.51,0.0,25.23,5,3,317,0,11
2025-11-13 06:03:09.822246,622.37,9.86,89.79,0.0,29.03,6,3,317,0,11
2025-11-13 07:03:09.822246,573.16,21.31,82.06,0.0,24.18,7,3,317,0,11
2025-11-13 08:03:09.822246,645.38,15.32,77.45,0.0,25.68,8,3,317,0,11
2025-11-13 09:03:09.822246,504.14,17.83,76.34,0.0,18.61,9,3,317,0,11
2025-11-13 10:03:09.822246,696.81,8.68,75.75,0.0,17.26,10,3,317,0,11
2025-11-13 11:03:09.822246,597.02,16.9,66.31,0.0,12.11,11,3,317,0,11
2025-11-13 12:03:09.822246,708.45,10.04,71.19,0.0,14.69,12,3,317,0,11
2025-11-13 13:03:09.822246,681.21,12.16,73.9,0.0,13.88,13,3,317,0,11
2025-11-13 14:03:09.822246,600.72,19.78,79.2,0.0,11.93,14,3,317,0,11
2025-11-13 15:03:09.822246,627.74,6.39,72.5,0.0,16.41,15,3,317,0,11
2025-11-13 16:03:09.822246,625.63,12.62,69.38,0.0,8.72,16,3,317,0,11
2025-11-13 17:03:09.822246,510.74,13.8,85.66,0.0,3.18,17,3,317,0,11
2025-11-13 18:03:09.822246,617.08,14.21,81.77,0.0,16.63,18,3,317,0,11
2025-11-13 19:03:09.822246,559.93,9.35,72.67,0.0,1.41,19,3,317,0,11
2025-11-13 20:03:09.822246,562.97,22.04,83.13,0.0,7.34,20,3,317,0,11
2025-11-13 21:03:09.822246,600.96,5.13,73.54,0.0,13.48,21,3,317,0,11
2025-11-13 22:03:09.822246,539.63,18.9,78.7,0.0,12.79,22,3,317,0,11
2025-11-13 23:03:09.822246,486.74,17.68,87.82,0.0,1.97,23,3,317,0,11
2025-11-14 00:03:09.822246,565.11,20.9,71.88,0.0,18.39,0,4,318,0,11
2025-11-14 01:03:09.822246,544.58,3.45,66.19,0.0,14.84,1,4,318,0,11
2025-11-14 02:03:09.822246,617.99,7.05,76.47,0.0,16.19,2,4,318,0,11
2025-11-14 03:03:09.822246,522.4,18.85,64.28,0.0,13.67,3,4,318,0,11
2025-11-14 04:03:09.822246,507.22,2.01,75.14,2.14,24.43,4,4,318,0,11
2025-11-14 05:03:09.822246,598.67,3.36,75.11,0.0,22.4,5,4,318,0,11
2025-11-14 06:03:09.822246,506.44,8.95,53.28,0.0,26.71,6,4,318,0,11
2025-11-14 07:03:09.822246,607.33,12.35,83.22,0.0,20.27,7,4,318,0,11
2025-11-14 08:03:09.822246,528.85,19.35,76.09,0.0,41.53,8,4,318,0,11
2025-11-14 09:03:09.822246,686.76,10.47,89.74,2.85,20.03,9,4,318,0,11
2025-11-14 10:03:09.822246,664.17,8.35,80.07,0.0,25.8,10,4,318,0,11
2025-11-14 11:03:09.822246,666.14,12.95,85.27,0.0,23.29,11,4,318,0,11
2025-11-14 12:03:09.822246,747.49,13.74,89.82,0.0,19.87,12,4,318,0,11
2025-11-14 13:03:09.822246,703.22,13.6,76.6,0.0,8.12,13,4,318,0,11
2025-11-14 14:03:09.822246,681.93,10.5,77.91,0.0,19.6,14,4,318,0,11
2025-11-14 15:03:09.822246,685.62,1.62,62.18,0.0,9.33,15,4,318,0,11
2025-11-14 16:03:09.822246,543.05,6.81,90.31,0.0,8.33,16,4,318,0,11
2025-11-14 17:03:09.822246,510.35,18.49,76.46,0.0,4.94,17,4,318,0,11
2025-11-14 18:03:09.822246,536.66,12.33,67.86,0.0,5.03,18,4,318,0,11
2025-11-14 19:03:09.822246,588.95,9.78,85.31,0.0,5.59,19,4,318,0,11
2025-11-14 20:03:09.822246,536.87,16.98,56.12,0.0,0.0,20,4,318,0,11
2025-11-14 21:03:09.822246,618.7,5.74,73.62,0.0,9.22,21,4,318,0,11
2025-11-14 22:03:09.822246,561.88,10.27,87.0,0.0,14.0,22,4,318,0,11
2025-11-14 23:03:09.822246,543.37,12.08,73.54,0.0,9.55,23,4,318,0,11
2025-11-15 00:03:09.822246,563.8,8.98,70.58,0.0,14.48,0,5,319,1,11
2025-11-15 01:03:09.822246,514.81,11.69,73.6,0.0,9.08,1,5,319,1,11
2025-11-15 02:03:09.822246,468.18,10.24,57.66,0.0,25.55,2,5,319,1,11
2025-11-15 03:03:09.822246,507.37,4.19,84.92,0.0,29.87,3,5,319,1,11
2025-11-15 04:03:09.822246,453.22,12.09,76.53,0.0,24.75,4,5,319,1,11
2025-11-15 05:03:09.822246,475.52,4.54,75.04,0.0,26.42,5,5,319,1,11
2025-11-15 06:03:09.822246,468.87,12.01,75.07,0.0,26.47,6,5,319,1,11
2025-11-15 07:03:09.822246,494.02,18.05,77.9,0.0,28.4,7,5,319,1,11
2025-11-15 08:03:09.822246,547.9,9.78,84.3,0.0,24.92,8,5,319,1,11
2025-11-15 09:03:09.822246,502.41,5.33,77.24,0.0,27.19,9,5,319,1,11
2025-11-15 10:03:09.822246,679.2,10.55,64.14,0.0,23.44,10,5,319,1,11
2025-11-15 11:03:09.822246,629.48,7.02,83.52,0.0,21.44,11,5,319,1,11
2025-11-15 12:03:09.822246,538.79,14.16,82.75,0.0,16.92,12,5,319,1,11
2025-11-15 13:03:09.822246,602.22,10.44,79.82,0.0,16.0,13,5,319,1,11
2025-11-15 14:03:09.822246,558.74,19.73,88.51,0.0,6.18,14,5,319,1,11
2025-11-15 15:03:09.822246,619.35,17.0,78.06,0.0,0.0,15,5,319,1,11
2025-11-15 16:03:09.822246,492.11,10.42,88.87,0.0,5.94,16,5,319,1,11
2025-11-15 17:03:09.822246,527.88,14.76,91.83,0.0,14.64,17,5,319,1,11
2025-11-15 18:03:09.822246,537.81,9.22,83.58,0.0,8.31,18,5,319,1,11
2025-11-15 19:03:09.822246,483.21,11.35,70.28,0.0,9.02,19,5,319,1,11
2025-11-15 20:03:09.822246,480.43,9.38,76.45,0.0,1.3,20,5,319,1,11
2025-11-15 21:03:09.822246,405.26,15.02,90.15,0.0,10.17,21,5,319,1,11
2025-11-15 22:03:09.822246,412.48,18.35,62.78,0.0,4.53,22,5,319,1,11
2025-11-15 23:03:09.822246,474.77,15.18,73.84,0.0,12.33,23,5,319,1,11
2025-11-16 00:03:09.822246,500.48,15.59,74.17,0.0,13.69,0,6,320,1,11
2025-11-16 01:03:09.822246,513.63,15.59,68.95,0.0,19.91,1,6,320,1,11
2025-11-16 02:03:09.822246,430.0,13.73,86.33,0.0,20.16,2,6,320,1,11
2025-11-16 03:03:09.822246,431.2,5.28,81.37,0.0,26.54,3,6,320,1,11
2025-11-16 04:03:09.822246,453.21,19.48,70.49,0.0,28.81,4,6,320,1,11
2025-11-16 05:03:09.822246,430.97,20.0,83.66,0.0,30.8,5,6,320,1,11
2025-11-16 06:03:09.822246,496.27,9.81,76.02,0.0,40.11,6,6,320,1,11
2025-11-16 07:03:09.822246,531.86,9.12,68.7,0.0,20.88,7,6,320,1,11
2025-11-16 08:03:09.822246,521.54,14.04,70.47,0.0,21.63,8,6,320,1,11
2025-11-16 09:03:09.822246,646.82,13.73,81.96,0.0,20.17,9,6,320,1,11
2025-11-16 10:03:09.822246,606.52,9.97,86.99,0.0,10.31,10,6,320,1,11
2025-11-16 11:03:09.822246,595.2,4.73,72.73,0.0,19.0,11,6,320,1,11
2025-11-16 12:03:09.822246,554.98,12.5,83.04,3.11,14.52,12,6,320,1,11
2025-11-16 13:03:09.822246,581.61,13.73,93.42,0.0,18.18,13,6,320,1,11
2025-11-16 14:03:09.822246,627.21,14.6,65.01,0.0,14.57,14,6,320,1,11
2025-11-16 15:03:09.822246,521.72,12.72,81.16,0.0,10.16,15,6,320,1,11
2025-11-16 16:03:09.822246,537.0,9.62,85.91,0.0,7.7,16,6,320,1,11
2025-11-16 17:03:09.822246,447.45,15.95,76.65,0.0,2.54,17,6,320,1,11
2025-11-16 18:03:09.822246,527.63,11.3,89.98,0.0,5.99,18,6,320,1,11
2025-11-16 19:03:09.822246,583.61,8.65,99.59,0.0,7.25,19,6,320,1,11
2025-11-16 20:03:09.822246,525.52,10.07,81.03,0.0,6.21,20,6,320,1,11
2025-11-16 21:03:09.822246,504.18,2.25,75.26,0.0,7.83,21,6,320,1,11
2025-11-16 22:03:09.822246,504.09,10.06,87.37,0.0,10.71,22,6,320,1,11
2025-11-16 23:03:09.822246,356.89,14.42,86.02,0.0,13.47,23,6,320,1,11
2025-11-17 00:03:09.822246,620.65,12.47,52.25,0.0,19.5,0,0,321,0,11
2025-11-17 01:03:09.822246,552.43,18.37,77.41,0.0,4.51,1,0,321,0,11
2025-11-17 02:03:09.822246,610.98,9.46,73.49,0.0,21.4,2,0,321,0,11
2025-11-17 03:03:09.822246,509.79,13.21,81.4,0.0,23.38,3,0,321,0,11
2025-11-17 04:03:09.822246,530.15,14.73,75.5,0.0,27.91,4,0,321,0,11
2025-11-17 05:03:09.822246,492.79,22.49,76.58,0.0,24.15,5,0,321,0,11
2025-11-17 06:03:09.822246,648.44,11.49,68.8,0.0,14.52,6,0,321,0,11
2025-11-17 07:03:09.822246,637.56,5.55,84.78,5.24,15.57,7,0,321,0,11
2025-11-17 08:03:09.822246,719.6,15.01,93.98,0.0,13.26,8,0,321,0,11
2025-11-17 09:03:09.822246,599.71,20.1,68.96,0.0,27.14,9,0,321,0,11
2025-11-17 10:03:09.822246,621.16,9.16,63.46,0.0,12.81,10,0,321,0,11
2025-11-17 11:03:09.822246,637.32,14.98,77.63,0.0,24.19,11,0,321,0,11
2025-11-17 12:03:09.822246,580.84,16.91,77.15,0.0,13.14,12,0,321,0,11
2025-11-17 13:03:09.822246,531.49,15.86,89.14,0.0,11.34,13,0,321,0,11
2025-11-17 14:03:09.822246,761.43,11.4,65.14,0.0,18.72,14,0,321,0,11
2025-11-17 15:03:09.822246,696.51,7.28,72.05,0.0,9.34,15,0,321,0,11
2025-11-17 16:03:09.822246,658.36,10.36,55.96,0.0,0.0,16,0,321,0,11
2025-11-17 17:03:09.822246,576.17,13.06,91.18,0.0,5.95,17,0,321,0,11
2025-11-17 18:03:09.822246,480.86,15.31,79.94,0.0,9.8,18,0,321,0,11
2025-11-17 19:03:09.822246,539.6,12.44,72.8,0.0,2.68,19,0,321,0,11
2025-11-17 20:03:09.822246,608.59,8.87,64.21,0.0,15.46,20,0,321,0,11
2025-11-17 21:03:09.822246,514.68,13.55,65.13,0.0,1.69,21,0,321,0,11
2025-11-17 22:03:09.822246,423.98,15.07,81.58,0.0,0.0,22,0,321,0,11
2025-11-17 23:03:09.822246,567.54,12.67,66.36,0.0,21.13,23,0,321,0,11
2025-11-18 00:03:09.822246,582.71,6.39,78.3,0.0,10.75,0,1,322,0,11
2025-11-18 01:03:09.822246,593.55,9.66,97.69,0.0,12.72,1,1,322,0,11
2025-11-18 02:03:09.822246,577.33,15.31,73.79,0.0,17.49,2,1,322,0,11
2025-11-18 03:03:09.822246,613.87,3.65,67.65,0.0,17.2,3,1,322,0,11
2025-11-18 04:03:09.822246,665.98,0.1,81.08,0.0,28.16,4,1,322,0,11
2025-11-18 05:03:09.822246,591.96,18.11,65.0,0.0,22.33,5,1,322,0,11
2025-11-18 06:03:09.822246,472.29,13.13,94.46,0.0,19.05,6,1,322,0,11
2025-11-18 07:03:09.822246,625.7,13.6,91.3,0.0,23.29,7,1,322,0,11
2025-11-18 08:03:09.822246,687.81,5.18,75.62,0.0,19.13,8,1,322,0,11
2025-11-18 09:03:09.822246,543.16,14.26,68.29,3.14,21.87,9,1,322,0,11
2025-11-18 10:03:09.822246,579.66,11.94,73.01,8.48,15.23,10,1,322,0,11
2025-11-18 11:03:09.822246,645.01,2.65,74.31,0.0,16.61,11,1,322,0,11
2025-11-18 12:03:09.822246,597.26,17.69,81.1,0.0,14.15,12,1,322,0,11
2025-11-18 13:03:09.822246,736.69,11.36,87.66,0.0,21.74,13,1,322,0,11
2025-11-18 14:03:09.822246,623.93,8.59,66.9,0.0,15.89,14,1,322,0,11
2025-11-18 15:03:09.822246,602.45,8.68,87.37,13.94,8.79,15,1,322,0,11
2025-11-18 16:03:09.822246,653.25,0.49,83.44,0.0,4.81,16,1,322,0,11
2025-11-18 17:03:09.822246,624.91,13.54,72.18,0.0,3.75,17,1,322,0,11
2025-11-18 18:03:09.822246,559.11,11.88,66.4,0.0,5.64,18,1,322,0,11
2025-11-18 19:03:09.822246,595.97,9.6,78.43,0.0,1.14,19,1,322,0,11
2025-11-18 20:03:09.822246,523.44,16.96,66.67,0.0,4.46,20,1,322,0,11
2025-11-18 21:03:09.822246,673.58,3.65,87.5,0.0,6.68,21,1,322,0,11
2025-11-18 22:03:09.822246,542.65,7.58,66.02,9.56,9.9,22,1,322,0,11
2025-11-18 23:03:09.822246,656.19,6.32,82.74,0.0,13.2,23,1,322,0,11
2025-11-19 00:03:09.822246,601.61,8.98,76.28,0.0,18.64,0,2,323,0,11
2025-11-19 01:03:09.822246,571.77,10.71,71.48,0.0,22.2,1,2,323,0,11
2025-11-19 02:03:09.822246,683.63,12.52,76.06,0.0,22.71,2,2,323,0,11
2025-11-19 03:03:09.822246,534.87,8.63,87.89,0.0,30.79,3,2,323,0,11
2025-11-19 04:03:09.822246,604.1,5.98,65.16,0.0,26.95,4,2,323,0,11
2025-11-19 05:03:09.822246,475.71,18.8,72.96,0.0,24.38,5,2,323,0,11
2025-11-19 06:03:09.822246,592.73,22.43,69.57,0.0,24.59,6,2,323,0,11
2025-11-19 07:03:09.822246,673.51,11.09,76.7,0.0,29.21,7,2,323,0,11
2025-11-19 08:03:09.822246,744.16,6.59,70.24,0.0,22.43,8,2,323,0,11
2025-11-19 09:03:09.822246,656.31,17.75,59.41,0.0,24.11,9,2,323,0,11
2025-11-19 10:03:09.822246,720.9,3.14,66.54,0.0,22.53,10,2,323,0,11
2025-11-19 11:03:09.822246,665.87,8.7,93.46,0.0,5.23,11,2,323,0,11
2025-11-19 12:03:09.822246,609.16,6.89,79.55,0.0,7.54,12,2,323,0,11
2025-11-19 13:03:09.822246,832.48,4.57,79.21,0.0,16.78,13,2,323,0,11
2025-11-19 14:03:09.822246,712.6,8.97,74.26,0.0,12.23,14,2,323,0,11
2025-11-19 15:03:09.822246,677.19,6.05,76.57,0.0,0.0,15,2,323,0,11
2025-11-19 16:03:09.822246,715.55,10.43,72.79,0.0,0.0,16,2,323,0,11
2025-11-19 17:03:09.822246,545.95,10.51,82.36,12.11,12.6,17,2,323,0,11
2025-11-19 18:03:09.822246,607.34,7.26,78.09,0.0,8.24,18,2,323,0,11
2025-11-19 19:03:09.822246,586.74,8.52,65.37,0.0,12.24,19,2,323,0,11
2025-11-19 20:03:09.822246,612.59,9.21,79.62,0.0,1.51,20,2,323,0,11
2025-11-19 21:03:09.822246,577.28,14.42,52.5,1.61,4.87,21,2,323,0,11
2025-11-19 22:03:09.822246,493.8,9.63,81.23,0.0,19.1,22,2,323,0,11
2025-11-19 23:03:09.822246,561.92,14.49,62.99,0.0,14.47,23,2,323,0,11
2025-11-20 00:03:09.822246,613.63,13.1,75.94,0.0,15.42,0,3,324,0,11
2025-11-20 01:03:09.822246,559.67,13.03,64.96,0.0,16.79,1,3,324,0,11
2025-11-20 02:03:09.822246,586.83,17.11,76.93,0.0,11.36,2,3,324,0,11
2025-11-20 03:03:09.822246,550.74,4.58,82.69,0.0,27.72,3,3,324,0,11
2025-11-20 04:03:09.822246,585.85,7.81,91.93,0.0,13.78,4,3,324,0,11
2025-11-20 05:03:09.822246,485.86,18.99,61.49,0.0,27.94,5,3,324,0,11
2025-11-20 06:03:09.822246,626.01,8.89,86.66,0.0,25.42,6,3,324,0,11
2025-11-20 07:03:09.822246,666.85,-3.9,78.22,0.0,26.14,7,3,324,0,11
2025-11-20 08:03:09.822246,658.06,9.16,72.4,0.0,20.71,8,3,324,0,11
2025-11-20 09:03:09.822246,702.78,10.85,84.5,0.0,29.37,9,3,324,0,11
2025-11-20 10:03:09.822246,775.08,-2.91,74.55,0.0,17.11,10,3,324,0,11
2025-11-20 11:03:09.822246,694.54,16.84,84.08,0.0,17.47,11,3,324,0,11
2025-11-20 12:03:09.822246,638.23,6.6,66.98,0.0,15.07,12,3,324,0,11
2025-11-20 13:03:09.822246,685.89,11.82,70.58,0.0,10.75,13,3,324,0,11
2025-11-20 14:03:09.822246,643.41,9.04,86.34,0.0,12.03,14,3,324,0,11
2025-11-20 15:03:09.822246,698.59,3.73,91.76,0.0,11.54,15,3,324,0,11
2025-11-20 16:03:09.822246,680.48,4.82,76.55,0.0,5.79,16,3,324,0,11
2025-11-20 17:03:09.822246,564.05,5.5,49.03,0.0,8.48,17,3,324,0,11
2025-11-20 18:03:09.822246,461.08,15.6,74.91,0.0,8.21,18,3,324,0,11
2025-11-20 19:03:09.822246,560.54,9.43,77.23,0.0,7.33,19,3,324,0,11
2025-11-20 20:03:09.822246,633.88,7.56,74.58,0.0,13.88,20,3,324,0,11
2025-11-20 21:03:09.822246,520.7,5.5,80.27,0.0,16.02,21,3,324,0,11
2025-11-20 22:03:09.822246,574.46,16.15,72.14,0.0,8.01,22,3,324,0,11
2025-11-20 23:03:09.822246,642.57,17.49,85.29,0.0,10.91,23,3,324,0,11
2025-11-21 00:03:09.822246,569.86,15.9,65.05,0.0,18.47,0,4,325,0,11
2025-11-21 01:03:09.822246,653.4,12.44,89.09,0.0,17.27,1,4,325,0,11
2025-11-21 02:03:09.822246,611.0,11.43,92.22,0.0,21.55,2,4,325,0,11
2025-11-21 03:03:09.822246,701.22,3.9,67.59,0.0,16.21,3,4,325,0,11
2025-11-21 04:03:09.822246,558.33,8.75,67.58,0.0,22.3,4,4,325,0,11
2025-11-21 05:03:09.822246,568.7,6.56,80.83,0.0,25.07,5,4,325,0,11
2025-11-21 06:03:09.822246,457.88,0.85,64.85,0.0,20.43,6,4,325,0,11
2025-11-21 07:03:09.822246,650.61,15.26,71.79,0.0,16.4,7,4,325,0,11
2025-11-21 08:03:09.822246,716.69,6.5,87.74,0.0,30.04,8,4,325,0,11
2025-11-21 09:03:09.822246,592.51,15.96,84.09,0.0,14.36,9,4,325,0,11
2025-11-21 10:03:09.822246,654.73,14.39,96.52,5.08,27.81,10,4,325,0,11
2025-11-21 11:03:09.822246,640.87,12.76,78.43,0.0,23.24,11,4,325,0,11
2025-11-21 12:03:09.822246,698.43,13.04,70.61,0.0,16.54,12,4,325,0,11
2025-11-21 13:03:09.822246,735.58,6.9,77.23,0.0,14.67,13,4,325,0,11
2025-11-21 14:03:09.822246,509.92,19.27,75.21,0.0,13.73,14,4,325,0,11
2025-11-21 15:03:09.822246,661.21,10.19,75.35,0.0,5.85,15,4,325,0,11
2025-11-21 16:03:09.822246,588.66,11.49,76.48,0.0,4.48,16,4,325,0,11
2025-11-21 17:03:09.822246,654.65,6.73,67.4,0.0,4.37,17,4,325,0,11
2025-11-21 18:03:09.822246,635.08,5.32,79.54,0.0,6.73,18,4,325,0,11
2025-11-21 19:03:09.822246,600.82,12.37,62.63,0.0,2.0,19,4,325,0,11
2025-11-21 20:03:09.822246,583.42,11.07,69.55,0.0,3.8,20,4,325,0,11
2025-11-21 21:03:09.822246,622.64,6.03,75.53,0.0,17.94,21,4,325,0,11
2025-11-21 22:03:09.822246,678.21,2.79,54.12,0.0,11.55,22,4,325,0,11
2025-11-21 23:03:09.822246,659.99,3.63,84.41,0.0,6.6,23,4,325,0,11
2025-11-22 00:03:09.822246,488.34,15.77,56.0,0.0,19.28,0,5,326,1,11
2025-11-22 01:03:09.822246,483.82,6.72,83.22,0.0,16.17,1,5,326,1,11
2025-11-22 02:03:09.822246,513.83,8.09,63.6,0.0,16.98,2,5,326,1,11
2025-11-22 03:03:09.822246,487.89,17.04,72.48,0.0,34.28,3,5,326,1,11
2025-11-22 04:03:09.822246,554.82,4.18,81.72,0.0,24.03,4,5,326,1,11
2025-11-22 05:03:09.822246,571.71,6.15,98.51,0.0,20.65,5,5,326,1,11
2025-11-22 06:03:09.822246,575.89,5.94,77.69,0.0,22.09,6,5,326,1,11
2025-11-22 07:03:09.822246,541.64,17.88,56.7,0.0,25.4,7,5,326,1,11
2025-11-22 08:03:09.822246,532.85,19.76,86.06,0.0,24.37,8,5,326,1,11
2025-11-22 09:03:09.822246,489.85,13.55,74.21,0.0,24.41,9,5,326,1,11
2025-11-22 10:03:09.822246,459.76,13.71,77.23,0.0,11.45,10,5,326,1,11
2025-11-22 11:03:09.822246,617.05,6.89,82.11,0.0,12.01,11,5,326,1,11
2025-11-22 12:03:09.822246,542.99,19.53,54.27,0.0,14.06,12,5,326,1,11
2025-11-22 13:03:09.822246,679.68,11.13,76.59,0.0,9.75,13,5,326,1,11
2025-11-22 14:03:09.822246,578.96,14.05,72.43,0.0,4.61,14,5,326,1,11
2025-11-22 15:03:09.822246,553.58,9.26,88.75,3.4,9.78,15,5,326,1,11
2025-11-22 16:03:09.822246,468.86,8.45,83.8,0.0,8.62,16,5,326,1,11
2025-11-22 17:03:09.822246,462.32,18.1,60.26,0.0,13.94,17,5,326,1,11
2025-11-22 18:03:09.822246,529.45,12.49,89.15,0.0,8.52,18,5,326,1,11
2025-11-22 19:03:09.822246,551.25,17.05,81.02,0.0,7.74,19,5,326,1,11
2025-11-22 20:03:09.822246,515.79,11.07,61.05,0.0,5.47,20,5,326,1,11
2025-11-22 21:03:09.822246,523.75,5.55,77.08,0.0,21.5,21,5,326,1,11
2025-11-22 22:03:09.822246,587.0,6.87,86.88,0.0,8.33,22,5,326,1,11
2025-11-22 23:03:09.822246,454.68,10.3,64.39,0.0,10.7,23,5,326,1,11
2025-11-23 00:03:09.822246,555.83,6.47,90.11,0.0,19.84,0,6,327,1,11
2025-11-23 01:03:09.822246,535.59,4.06,61.2,0.0,9.58,1,6,327,1,11
2025-11-23 02:03:09.822246,484.79,15.61,68.42,0.0,19.6,2,6,327,1,11
2025-11-23 03:03:09.822246,522.84,6.88,66.9,0.0,22.58,3,6,327,1,11
2025-11-23 04:03:09.822246,476.53,10.29,90.1,0.0,21.64,4,6,327,1,11
2025-11-23 05:03:09.822246,474.88,11.08,71.42,0.0,29.9,5,6,327,1,11
2025-11-23 06:03:09.822246,582.02,6.66,64.7,0.0,27.47,6,6,327,1,11
2025-11-23 07:03:09.822246,589.28,16.85,80.78,0.0,26.14,7,6,327,1,11
2025-11-23 08:03:09.822246,545.06,4.02,82.94,0.0,24.0,8,6,327,1,11
2025-11-23 09:03:09.822246,562.46,10.91,83.01,0.0,20.28,9,6,327,1,11
2025-11-23 10:03:09.822246,607.77,10.83,73.62,0.0,9.62,10,6,327,1,11
2025-11-23 11:03:09.822246,659.04,9.33,78.88,0.0,20.3,11,6,327,1,11
2025-11-23 12:03:09.822246,624.2,3.12,69.83,0.0,19.8,12,6,327,1,11
2025-11-23 13:03:09.822246,432.82,13.95,93.08,0.0,12.38,13,6,327,1,11
2025-11-23 14:03:09.822246,637.47,13.32,87.77,0.0,2.52,14,6,327,1,11
2025-11-23 15:03:09.822246,604.54,6.22,87.16,0.0,5.46,15,6,327,1,11
2025-11-23 16:03:09.822246,411.3,13.14,84.27,0.0,3.96,16,6,327,1,11
2025-11-23 17:03:09.822246,494.13,11.48,81.53,0.0,3.05,17,6,327,1,11
2025-11-23 18:03:09.822246,653.3,3.2,63.89,0.0,7.5,18,6,327,1,11
2025-11-23 19:03:09.822246,582.94,5.33,82.66,2.81,0.0,19,6,327,1,11
2025-11-23 20:03:09.822246,515.45,15.29,77.47,0.0,5.37,20,6,327,1,11
2025-11-23 21:03:09.822246,493.42,11.15,88.96,0.0,7.13,21,6,327,1,11
2025-11-23 22:03:09.822246,520.18,6.78,84.4,0.0,17.56,22,6,327,1,11
2025-11-23 23:03:09.822246,523.01,5.31,81.83,0.0,14.39,23,6,327,1,11
2025-11-24 00:03:09.822246,666.76,6.84,59.29,0.0,12.8,0,0,328,0,11
2025-11-24 01:03:09.822246,561.9,7.19,75.24,0.0,24.53,1,0,328,0,11
2025-11-24 02:03:09.822246,552.15,5.19,70.55,0.0,13.97,2,0,328,0,11
2025-11-24 03:03:09.822246,663.37,0.71,78.65,0.0,18.71,3,0,328,0,11
2025-11-24 04:03:09.822246,563.98,15.12,71.97,0.0,14.57,4,0,328,0,11
2025-11-24 05:03:09.822246,607.98,14.27,73.37,0.0,32.57,5,0,328,0,11
2025-11-24 06:03:09.822246,610.37,3.05,80.72,1.29,26.07,6,0,328,0,11
2025-11-24 07:03:09.822246,615.92,10.1,71.81,0.0,23.61,7,0,328,0,11
2025-11-24 08:03:09.822246,639.42,4.91,77.35,0.0,29.86,8,0,328,0,11
2025-11-24 09:03:09.822246,678.22,8.11,60.94,0.0,19.17,9,0,328,0,11
2025-11-24 10:03:09.822246,610.27,7.69,67.81,0.0,17.77,10,0,328,0,11
2025-11-24 11:03:09.822246,693.55,7.28,82.69,0.0,23.05,11,0,328,0,11
2025-11-24 12:03:09.822246,568.1,19.43,63.83,0.0,12.12,12,0,328,0,11
2025-11-24 13:03:09.822246,724.59,7.21,88.59,0.0,9.98,13,0,328,0,11
2025-11-24 14:03:09.822246,700.07,5.37,85.87,0.0,10.33,14,0,328,0,11
2025-11-24 15:03:09.822246,590.72,5.6,73.45,0.0,9.63,15,0,328,0,11
2025-11-24 16:03:09.822246,664.99,14.64,100.0,0.0,10.02,16,0,328,0,11
2025-11-24 17:03:09.822246,767.63,1.16,88.56,0.0,4.28,17,0,328,0,11
2025-11-24 18:03:09.822246,601.79,5.6,66.64,0.0,0.0,18,0,328,0,11
2025-11-24 19:03:09.822246,532.58,16.65,83.59,0.0,7.11,19,0,328,0,11
2025-11-24 20:03:09.822246,704.98,10.64,76.79,0.0,7.36,20,0,328,0,11
2025-11-24 21:03:09.822246,493.51,10.38,68.36,0.0,8.81,21,0,328,0,11
2025-11-24 22:03:09.822246,503.05,20.08,65.43,0.0,6.22,22,0,328,0,11
2025-11-24 23:03:09.822246,601.79,10.65,86.08,0.0,3.02,23,0,328,0,11
2025-11-25 00:03:09.822246,690.68,5.69,69.94,0.0,14.84,0,1,329,0,11
2025-11-25 01:03:09.822246,606.38,7.82,74.9,0.0,12.85,1,1,329,0,11
2025-11-25 02:03:09.822246,586.05,3.56,66.71,0.0,22.79,2,1,329,0,11
2025-11-25 03:03:09.822246,530.57,15.51,68.44,0.0,25.81,3,1,329,0,11
2025-11-25 04:03:09.822246,557.69,12.11,74.65,0.0,15.96,4,1,329,0,11
2025-11-25 05:03:09.822246,521.16,14.86,79.81,0.0,21.15,5,1,329,0,11
2025-11-25 06:03:09.822246,568.84,15.3,50.04,0.0,33.52,6,1,329,0,11
2025-11-25 07:03:09.822246,580.19,7.16,76.09,23.7,22.44,7,1,329,0,11
2025-11-25 08:03:09.822246,599.53,4.51,68.46,0.0,24.65,8,1,329,0,11
2025-11-25 09:03:09.822246,730.22,8.98,89.95,0.0,26.47,9,1,329,0,11
2025-11-25 10:03:09.822246,664.26,4.87,100.0,0.0,21.11,10,1,329,0,11
2025-11-25 11:03:09.822246,614.39,10.06,72.33,2.85,23.04,11,1,329,0,11
2025-11-25 12:03:09.822246,627.93,14.9,58.7,0.0,19.68,12,1,329,0,11
2025-11-25 13:03:09.822246,712.33,8.39,77.09,0.0,19.06,13,1,329,0,11
2025-11-25 14:03:09.822246,591.46,9.98,73.87,0.0,10.87,14,1,329,0,11
2025-11-25 15:03:09.822246,684.38,8.77,95.64,0.0,5.92,15,1,329,0,11
2025-11-25 16:03:09.822246,571.35,13.25,92.59,0.0,0.0,16,1,329,0,11
2025-11-25 17:03:09.822246,728.02,5.9,84.58,0.0,7.44,17,1,329,0,11
2025-11-25 18:03:09.822246,643.23,-1.75,70.06,0.0,11.23,18,1,329,0,11
2025-11-25 19:03:09.822246,615.33,11.59,82.7,0.0,1.64,19,1,329,0,11
2025-11-25 20:03:09.822246,544.54,14.17,78.57,0.0,3.19,20,1,329,0,11
2025-11-25 21:03:09.822246,582.99,11.47,78.34,0.0,6.13,21,1,329,0,11
2025-11-25 22:03:09.822246,675.77,6.03,60.34,0.0,5.49,22,1,329,0,11
2025-11-25 23:03:09.822246,626.27,3.56,86.54,0.0,13.16,23,1,329,0,11
2025-11-26 00:03:09.822246,609.12,11.53,76.79,0.0,12.48,0,2,330,0,11
2025-11-26 01:03:09.822246,635.62,9.76,74.7,0.0,11.64,1,2,330,0,11
2025-11-26 02:03:09.822246,594.05,8.43,69.71,0.0,15.85,2,2,330,0,11
2025-11-26 03:03:09.822246,531.02,18.17,67.78,0.0,29.28,3,2,330,0,11
2025-11-26 04:03:09.822246,511.85,4.32,78.89,0.0,24.22,4,2,330,0,11
2025-11-26 05:03:09.822246,590.91,17.93,58.22,0.0,31.91,5,2,330,0,11
2025-11-26 06:03:09.822246,624.18,9.22,83.61,0.0,22.29,6,2,330,0,11
2025-11-26 07:03:09.822246,606.35,-0.12,65.17,0.0,17.42,7,2,330,0,11
2025-11-26 08:03:09.822246,740.24,8.16,55.13,0.0,22.29,8,2,330,0,11
2025-11-26 09:03:09.822246,601.21,13.85,93.93,0.0,30.29,9,2,330,0,11
2025-11-26 10:03:09.822246,616.89,7.23,67.13,0.0,8.38,10,2,330,0,11
2025-11-26 11:03:09.822246,772.12,1.68,68.49,0.0,8.87,11,2,330,0,11
2025-11-26 12:03:09.822246,729.58,8.23,87.06,0.0,13.52,12,2,330,0,11
2025-11-26 13:03:09.822246,751.73,4.77,94.26,0.0,17.69,13,2,330,0,11
2025-11-26 14:03:09.822246,648.4,11.52,60.38,0.0,4.79,14,2,330,0,11
2025-11-26 15:03:09.822246,656.63,12.92,66.15,0.0,8.79,15,2,330,0,11
2025-11-26 16:03:09.822246,645.36,3.78,66.89,0.0,6.05,16,2,330,0,11
2025-11-26 17:03:09.822246,652.08,5.53,85.06,0.0,11.32,17,2,330,0,11
2025-11-26 18:03:09.822246,520.35,12.84,92.1,0.0,16.57,18,2,330,0,11
2025-11-26 19:03:09.822246,585.03,4.76,64.91,0.0,1.4,19,2,330,0,11
2025-11-26 20:03:09.822246,714.72,3.65,89.86,0.0,4.56,20,2,330,0,11
2025-11-26 21:03:09.822246,580.28,3.16,68.62,0.0,7.59,21,2,330,0,11
2025-11-26 22:03:09.822246,566.75,10.82,79.07,0.0,5.91,22,2,330,0,11
2025-11-26 23:03:09.822246,544.21,10.6,63.0,0.0,21.27,23,2,330,0,11
2025-11-27 00:03:09.822246,541.13,5.46,74.28,0.0,9.42,0,3,331,0,11
2025-11-27 01:03:09.822246,494.0,8.91,74.39,0.0,23.87,1,3,331,0,11
2025-11-27 02:03:09.822246,532.4,16.52,72.35,0.0,17.86,2,3,331,0,11
2025-11-27 03:03:09.822246,640.1,4.01,79.35,0.0,21.76,3,3,331,0,11
2025-11-27 04:03:09.822246,652.19,-0.88,65.43,0.0,24.27,4,3,331,0,11
2025-11-27 05:03:09.822246,576.93,11.16,66.66,0.0,22.25,5,3,331,0,11
2025-11-27 06:03:09.822246,596.09,8.33,79.88,0.0,28.89,6,3,331,0,11
2025-11-27 07:03:09.822246,686.57,5.33,88.92,0.0,26.8,7,3,331,0,11
2025-11-27 08:03:09.822246,636.04,12.14,75.27,0.0,31.32,8,3,331,0,11
2025-11-27 09:03:09.822246,626.87,13.08,80.53,0.0,25.26,9,3,331,0,11
2025-11-27 10:03:09.822246,754.66,-2.16,83.08,0.0,14.01,10,3,331,0,11
2025-11-27 11:03:09.822246,712.44,5.62,83.8,0.0,16.83,11,3,331,0,11
2025-11-27 12:03:09.822246,684.07,20.47,65.96,0.0,22.91,12,3,331,0,11
2025-11-27 13:03:09.822246,639.0,11.8,67.73,0.0,9.56,13,3,331,0,11
2025-11-27 14:03:09.822246,665.6,12.26,68.6,0.0,17.43,14,3,331,0,11
2025-11-27 15:03:09.822246,652.16,14.75,94.78,0.0,11.54,15,3,331,0,11
2025-11-27 16:03:09.822246,625.85,8.97,80.58,0.0,10.36,16,3,331,0,11
2025-11-27 17:03:09.822246,609.19,12.87,80.13,0.0,0.0,17,3,331,0,11
2025-11-27 18:03:09.822246,508.65,12.47,79.16,0.0,7.1,18,3,331,0,11
2025-11-27 19:03:09.822246,482.51,11.58,62.29,0.0,15.74,19,3,331,0,11
2025-11-27 20:03:09.822246,618.95,7.27,94.88,1.72,1.99,20,3,331,0,11
2025-11-27 21:03:09.822246,574.86,9.74,80.29,0.0,15.88,21,3,331,0,11
2025-11-27 22:03:09.822246,617.41,5.94,82.73,0.0,10.92,22,3,331,0,11
2025-11-27 23:03:09.822246,597.6,8.95,57.84,0.0,8.39,23,3,331,0,11
2025-11-28 00:03:09.822246,585.81,2.87,83.07,0.0,13.57,0,4,332,0,11
2025-11-28 01:03:09.822246,632.99,4.76,71.72,0.0,9.05,1,4,332,0,11
2025-11-28 02:03:09.822246,560.91,7.3,62.05,0.0,20.2,2,4,332,0,11
2025-11-28 03:03:09.822246,697.62,3.99,65.74,0.0,24.13,3,4,332,0,11
2025-11-28 04:03:09.822246,567.15,6.18,62.63,0.0,35.48,4,4,332,0,11
2025-11-28 05:03:09.822246,597.87,7.89,62.46,0.0,26.59,5,4,332,0,11
2025-11-28 06:03:09.822246,519.29,10.72,75.88,0.0,32.15,6,4,332,0,11
2025-11-28 07:03:09.822246,595.67,13.46,71.41,0.0,19.66,7,4,332,0,11
2025-11-28 08:03:09.822246,669.73,6.39,78.62,0.0,22.75,8,4,332,0,11
2025-11-28 09:03:09.822246,597.16,15.39,92.04,0.0,23.66,9,4,332,0,11
2025-11-28 10:03:09.822246,721.35,13.4,73.98,0.0,15.69,10,4,332,0,11
2025-11-28 11:03:09.822246,712.39,11.23,52.83,0.0,16.5,11,4,332,0,11
2025-11-28 12:03:09.822246,700.58,9.48,72.86,0.0,19.86,12,4,332,0,11
2025-11-28 13:03:09.822246,619.98,10.31,87.21,0.0,24.57,13,4,332,0,11
2025-11-28 14:03:09.822246,602.35,14.65,74.42,0.0,14.11,14,4,332,0,11
2025-11-28 15:03:09.822246,651.3,14.83,90.57,0.0,4.39,15,4,332,0,11
2025-11-28 16:03:09.822246,592.7,15.38,79.81,0.0,6.16,16,4,332,0,11
2025-11-28 17:03:09.822246,659.37,8.92,56.9,0.0,0.1,17,4,332,0,11
2025-11-28 18:03:09.822246,594.15,11.48,76.37,0.0,6.29,18,4,332,0,11
2025-11-28 19:03:09.822246,590.86,15.43,78.25,0.0,12.78,19,4,332,0,11
2025-11-28 20:03:09.822246,561.02,5.59,86.08,0.0,7.85,20,4,332,0,11
2025-11-28 21:03:09.822246,686.76,7.12,93.47,0.0,7.88,21,4,332,0,11
2025-11-28 22:03:09.822246,612.38,8.79,84.36,0.0,9.66,22,4,332,0,11
2025-11-28 23:03:09.822246,648.82,13.21,79.68,0.0,13.38,23,4,332,0,11
2025-11-29 00:03:09.822246,464.78,13.12,81.82,0.0,23.33,0,5,333,1,11
2025-11-29 01:03:09.822246,570.64,7.39,73.37,0.0,21.44,1,5,333,1,11
2025-11-29 02:03:09.822246,487.71,1.0,60.42,0.0,14.84,2,5,333,1,11
2025-11-29 03:03:09.822246,539.1,9.77,75.47,0.0,19.11,3,5,333,1,11
2025-11-29 04:03:09.822246,534.3,3.95,78.71,0.0,29.78,4,5,333,1,11
2025-11-29 05:03:09.822246,561.02,1.09,63.02,0.0,26.7,5,5,333,1,11
2025-11-29 06:03:09.822246,571.28,2.22,88.32,0.0,15.85,6,5,333,1,11
2025-11-29 07:03:09.822246,453.08,10.17,85.11,1.87,29.94,7,5,333,1,11
2025-11-29 08:03:09.822246,520.12,15.35,61.34,0.0,21.55,8,5,333,1,11
2025-11-29 09:03:09.822246,629.27,8.74,88.71,7.62,18.55,9,5,333,1,11
2025-11-29 10:03:09.822246,671.37,9.6,71.97,0.0,25.22,10,5,333,1,11
2025-11-29 11:03:09.822246,592.87,14.46,67.27,0.0,22.5,11,5,333,1,11
2025-11-29 12:03:09.822246,694.71,0.82,85.85,0.0,14.46,12,5,333,1,11
2025-11-29 13:03:09.822246,586.44,11.14,74.54,0.0,14.6,13,5,333,1,11
2025-11-29 14:03:09.822246,710.24,8.48,94.05,0.0,6.97,14,5,333,1,11
2025-11-29 15:03:09.822246,468.91,11.37,66.52,0.0,4.23,15,5,333,1,11
2025-11-29 16:03:09.822246,577.31,6.12,57.74,0.0,4.56,16,5,333,1,11
2025-11-29 17:03:09.822246,467.51,4.45,72.25,0.0,3.6,17,5,333,1,11
2025-11-29 18:03:09.822246,407.73,9.24,82.95,0.0,2.01,18,5,333,1,11
2025-11-29 19:03:09.822246,486.1,16.79,65.78,0.0,9.75,19,5,333,1,11
2025-11-29 20:03:09.822246,494.63,12.85,61.75,0.0,6.86,20,5,333,1,11
2025-11-29 21:03:09.822246,503.26,6.0,77.34,0.0,3.13,21,5,333,1,11
2025-11-29 22:03:09.822246,561.87,1.84,60.42,0.0,6.85,22,5,333,1,11
2025-11-29 23:03:09.822246,728.18,0.13,78.12,0.0,6.31,23,5,333,1,11
2025-11-30 00:03:09.822246,467.27,14.96,71.42,0.0,14.62,0,6,334,1,11
2025-11-30 01:03:09.822246,578.52,3.6,79.77,0.0,24.82,1,6,334,1,11
2025-11-30 02:03:09.822246,437.99,6.75,60.99,0.0,21.48,2,6,334,1,11
2025-11-30 03:03:09.822246,485.34,14.98,87.81,0.0,22.59,3,6,334,1,11
2025-11-30 04:03:09.822246,572.78,0.31,72.99,0.0,16.27,4,6,334,1,11
2025-11-30 05:03:09.822246,457.83,15.84,82.46,0.0,31.5,5,6,334,1,11
2025-11-30 06:03:09.822246,594.86,7.11,84.42,0.0,25.23,6,6,334,1,11
2025-11-30 07:03:09.822246,669.01,2.63,63.25,0.0,25.18,7,6,334,1,11
2025-11-30 08:03:09.822246,550.75,7.14,83.65,0.0,17.92,8,6,334,1,11
2025-11-30 09:03:09.822246,469.37,4.76,60.57,0.0,21.47,9,6,334,1,11
2025-11-30 10:03:09.822246,560.34,10.58,61.12,0.0,15.42,10,6,334,1,11
2025-11-30 11:03:09.822246,753.68,5.14,94.46,0.0,14.2,11,6,334,1,11
2025-11-30 12:03:09.822246,683.66,-1.18,85.94,0.0,6.49,12,6,334,1,11
2025-11-30 13:03:09.822246,673.67,7.27,95.56,0.0,2.69,13,6,334,1,11
2025-11-30 14:03:09.822246,759.37,1.59,71.12,0.0,20.79,14,6,334,1,11
2025-11-30 15:03:09.822246,558.0,9.4,75.85,0.0,8.93,15,6,334,1,11
2025-11-30 16:03:09.822246,577.98,2.44,80.1,0.0,12.07,16,6,334,1,11
2025-11-30 17:03:09.822246,428.67,5.94,74.7,0.0,3.9,17,6,334,1,11
2025-11-30 18:03:09.822246,542.01,9.29,67.36,0.0,4.11,18,6,334,1,11
2025-11-30 19:03:09.822246,475.52,7.31,65.86,0.0,0.05,19,6,334,1,11
2025-11-30 20:03:09.822246,517.05,9.63,76.96,0.0,9.39,20,6,334,1,11
2025-11-30 21:03:09.822246,458.59,11.78,64.16,0.0,11.66,21,6,334,1,11
2025-11-30 22:03:09.822246,522.83,2.59,63.88,0.0,12.62,22,6,334,1,11
2025-11-30 23:03:09.822246,523.63,8.05,78.76,0.0,12.42,23,6,334,1,11
2025-12-01 00:03:09.822246,720.34,-8.43,73.64,0.0,16.49,0,0,335,0,12
2025-12-01 01:03:09.822246,497.7,9.45,83.96,0.0,15.42,1,0,335,0,12
2025-12-01 02:03:09.822246,710.15,6.71,70.34,0.0,25.19,2,0,335,0,12
2025-12-01 03:03:09.822246,621.09,3.3,68.78,0.0,15.25,3,0,335,0,12
2025-12-01 04:03:09.822246,520.16,9.79,78.83,0.08,19.68,4,0,335,0,12
2025-12-01 05:03:09.822246,575.25,14.08,66.47,0.0,23.54,5,0,335,0,12
2025-12-01 06:03:09.822246,620.54,5.84,68.01,0.0,18.69,6,0,335,0,12
2025-12-01 07:03:09.822246,647.52,3.49,68.41,0.0,16.99,7,0,335,0,12
2025-12-01 08:03:09.822246,733.23,9.04,72.49,0.0,22.56,8,0,335,0,12
2025-12-01 09:03:09.822246,690.52,1.54,92.32,0.0,19.89,9,0,335,0,12
2025-12-01 10:03:09.822246,679.25,4.91,60.82,0.0,19.2,10,0,335,0,12
2025-12-01 11:03:09.822246,638.5,14.33,87.55,0.0,17.65,11,0,335,0,12
2025-12-01 12:03:09.822246,724.14,8.53,81.97,0.0,18.03,12,0,335,0,12
2025-12-01 13:03:09.822246,772.76,-1.18,90.26,0.0,12.91,13,0,335,0,12
2025-12-01 14:03:09.822246,709.33,-0.77,100.0,3.77,18.72,14,0,335,0,12
2025-12-01 15:03:09.822246,584.87,9.03,88.91,0.0,8.9,15,0,335,0,12
2025-12-01 16:03:09.822246,683.52,12.53,83.85,0.0,14.07,16,0,335,0,12
2025-12-01 17:03:09.822246,587.28,0.13,61.47,0.0,10.59,17,0,335,0,12
2025-12-01 18:03:09.822246,576.43,10.46,62.73,0.0,10.73,18,0,335,0,12
2025-12-01 19:03:09.822246,617.43,14.87,78.19,19.86,0.0,19,0,335,0,12
2025-12-01 20:03:09.822246,519.03,17.65,57.61,0.0,7.31,20,0,335,0,12
2025-12-01 21:03:09.822246,525.51,9.87,80.75,0.0,9.82,21,0,335,0,12
2025-12-01 22:03:09.822246,460.89,10.75,53.24,0.0,8.55,22,0,335,0,12
2025-12-01 23:03:09.822246,647.95,-2.45,86.11,0.0,13.2,23,0,335,0,12
2025-12-02 00:03:09.822246,561.53,18.56,71.14,0.0,9.92,0,1,336,0,12
2025-12-02 01:03:09.822246,753.32,5.18,75.62,0.0,24.77,1,1,336,0,12
2025-12-02 02:03:09.822246,603.56,3.39,66.87,0.0,20.06,2,1,336,0,12
2025-12-02 03:03:09.822246,575.35,6.78,55.37,0.0,24.11,3,1,336,0,12
2025-12-02 04:03:09.822246,495.25,15.62,86.7,0.0,19.7,4,1,336,0,12
2025-12-02 05:03:09.822246,557.01,19.1,87.71,0.0,32.52,5,1,336,0,12
2025-12-02 06:03:09.822246,585.94,8.68,70.84,0.0,29.13,6,1,336,0,12
2025-12-02 07:03:09.822246,601.49,13.05,80.97,0.0,29.89,7,1,336,0,12
2025-12-02 08:03:09.822246,595.49,8.27,70.44,0.0,33.79,8,1,336,0,12
2025-12-02 09:03:09.822246,609.33,2.87,77.24,0.0,21.01,9,1,336,0,12
2025-12-02 10:03:09.822246,591.57,15.44,81.94,0.0,22.98,10,1,336,0,12
2025-12-02 11:03:09.822246,587.99,4.95,79.9,0.0,20.2,11,1,336,0,12
2025-12-02 12:03:09.822246,647.88,15.73,87.76,0.0,12.21,12,1,336,0,12
2025-12-02 13:03:09.822246,635.82,14.55,79.54,0.0,14.34,13,1,336,0,12
2025-12-02 14:03:09.822246,629.66,11.13,74.63,0.0,6.03,14,1,336,0,12
2025-12-02 15:03:09.822246,687.28,17.2,66.74,0.0,7.8,15,1,336,0,12
2025-12-02 16:03:09.822246,661.06,19.22,69.57,0.0,0.0,16,1,336,0,12
2025-12-02 17:03:09.822246,617.83,7.18,82.45,0.0,1.41,17,1,336,0,12
2025-12-02 18:03:09.822246,500.37,4.01,59.34,0.0,0.0,18,1,336,0,12
2025-12-02 19:03:09.822246,639.98,-1.26,85.41,0.0,12.92,19,1,336,0,12
2025-12-02 20:03:09.822246,548.16,19.28,71.54,0.0,9.66,20,1,336,0,12
2025-12-02 21:03:09.822246,585.15,5.86,66.17,0.0,5.59,21,1,336,0,12
2025-12-02 22:03:09.822246,537.49,13.73,63.37,0.0,6.24,22,1,336,0,12
2025-12-02 23:03:09.822246,611.29,4.35,81.1,0.0,18.17,23,1,336,0,12
2025-12-03 00:03:09.822246,558.08,15.59,73.97,0.0,23.89,0,2,337,0,12
2025-12-03 01:03:09.822246,590.46,4.4,90.0,0.0,21.53,1,2,337,0,12
2025-12-03 02:03:09.822246,636.38,1.94,61.48,0.0,26.64,2,2,337,0,12
2025-12-03 03:03:09.822246,628.72,6.86,68.33,0.0,22.02,3,2,337,0,12
2025-12-03 04:03:09.822246,537.14,5.24,73.19,0.0,13.27,4,2,337,0,12
2025-12-03 05:03:09.822246,659.14,10.88,66.59,0.0,24.13,5,2,337,0,12
2025-12-03 06:03:09.822246,587.08,7.65,74.17,0.0,25.64,6,2,337,0,12
2025-12-03 07:03:09.822246,492.9,11.04,77.31,0.0,29.98,7,2,337,0,12
2025-12-03 08:03:09.822246,635.44,6.45,78.96,0.0,21.74,8,2,337,0,12
2025-12-03 09:03:09.822246,668.34,4.58,89.17,0.0,16.3,9,2,337,0,12
2025-12-03 10:03:09.822246,765.93,4.98,61.08,0.0,11.08,10,2,337,0,12
2025-12-03 11:03:09.822246,570.29,18.13,77.49,0.0,20.89,11,2,337,0,12
2025-12-03 12:03:09.822246,764.79,9.03,67.64,0.0,13.51,12,2,337,0,12
2025-12-03 13:03:09.822246,798.11,-2.02,78.41,0.0,6.87,13,2,337,0,12
2025-12-03 14:03:09.822246,654.44,5.3,78.42,0.0,13.11,14,2,337,0,12
2025-12-03 15:03:09.822246,571.05,8.39,64.24,0.0,11.9,15,2,337,0,12
2025-12-03 16:03:09.822246,656.66,17.13,65.1,0.0,5.34,16,2,337,0,12
2025-12-03 17:03:09.822246,564.38,13.05,79.23,0.0,10.37,17,2,337,0,12
2025-12-03 18:03:09.822246,568.74,3.29,74.35,0.0,8.26,18,2,337,0,12
2025-12-03 19:03:09.822246,438.01,19.99,71.92,0.0,4.63,19,2,337,0,12
2025-12-03 20:03:09.822246,581.41,7.75,80.69,0.0,5.26,20,2,337,0,12
2025-12-03 21:03:09.822246,599.39,14.13,81.43,0.0,6.25,21,2,337,0,12
2025-12-03 22:03:09.822246,684.18,2.13,68.82,0.0,10.0,22,2,337,0,12
2025-12-03 23:03:09.822246,592.24,-4.09,65.59,0.0,19.9,23,2,337,0,12
2025-12-04 00:03:09.822246,524.94,0.71,61.25,0.0,20.93,0,3,338,0,12
2025-12-04 01:03:09.822246,719.75,-8.5,74.2,0.0,20.17,1,3,338,0,12
2025-12-04 02:03:09.822246,610.52,18.31,59.63,0.0,29.1,2,3,338,0,12
2025-12-04 03:03:09.822246,518.38,8.82,74.86,0.0,27.78,3,3,338,0,12
2025-12-04 04:03:09.822246,672.56,3.13,86.03,0.0,22.9,4,3,338,0,12
2025-12-04 05:03:09.822246,586.73,10.02,70.33,0.0,27.52,5,3,338,0,12
2025-12-04 06:03:09.822246,686.62,8.7,68.5,0.0,31.8,6,3,338,0,12
2025-12-04 07:03:09.822246,640.92,10.86,93.84,0.0,25.1,7,3,338,0,12
2025-12-04 08:03:09.822246,493.86,13.8,88.96,0.0,22.62,8,3,338,0,12
2025-12-04 09:03:09.822246,685.76,6.3,66.22,1.08,31.19,9,3,338,0,12
2025-12-04 10:03:09.822246,778.33,3.35,75.26,0.0,22.74,10,3,338,0,12
2025-12-04 11:03:09.822246,612.92,11.89,77.15,0.0,22.82,11,3,338,0,12
2025-12-04 12:03:09.822246,653.67,11.76,75.9,0.0,11.44,12,3,338,0,12
2025-12-04 13:03:09.822246,719.08,8.26,92.01,0.0,16.96,13,3,338,0,12
2025-12-04 14:03:09.822246,474.07,18.64,74.74,0.0,9.05,14,3,338,0,12
2025-12-04 15:03:09.822246,761.11,5.56,76.24,0.0,7.74,15,3,338,0,12
2025-12-04 16:03:09.822246,630.51,3.25,80.75,0.0,1.52,16,3,338,0,12
2025-12-04 17:03:09.822246,643.33,9.84,85.76,0.0,4.22,17,3,338,0,12
2025-12-04 18:03:09.822246,601.0,4.38,83.23,0.0,0.0,18,3,338,0,12
2025-12-04 19:03:09.822246,650.3,10.23,79.25,0.0,11.0,19,3,338,0,12
2025-12-04 20:03:09.822246,609.35,3.59,58.28,0.0,3.61,20,3,338,0,12
2025-12-04 21:03:09.822246,617.83,5.75,68.98,0.0,9.65,21,3,338,0,12
2025-12-04 22:03:09.822246,512.78,17.21,82.06,0.0,4.21,22,3,338,0,12
2025-12-04 23:03:09.822246,628.11,5.72,76.37,0.0,14.86,23,3,338,0,12
2025-12-05 00:03:09.822246,522.63,3.61,81.88,0.0,2.36,0,4,339,0,12
2025-12-05 01:03:09.822246,568.15,13.46,92.49,0.0,13.07,1,4,339,0,12
2025-12-05 02:03:09.822246,556.46,2.35,61.85,0.0,26.78,2,4,339,0,12
2025-12-05 03:03:09.822246,653.6,4.14,84.99,0.0,18.77,3,4,339,0,12
2025-12-05 04:03:09.822246,647.55,10.49,70.31,0.0,22.62,4,4,339,0,12
2025-12-05 05:03:09.822246,622.27,12.3,82.97,0.0,13.83,5,4,339,0,12
2025-12-05 06:03:09.822246,582.38,13.71,73.2,0.0,31.77,6,4,339,0,12
2025-12-05 07:03:09.822246,546.37,3.87,94.89,0.0,23.38,7,4,339,0,12
2025-12-05 08:03:09.822246,605.74,10.58,74.92,0.0,30.26,8,4,339,0,12
2025-12-05 09:03:09.822246,727.15,5.27,67.21,0.0,18.64,9,4,339,0,12
2025-12-05 10:03:09.822246,733.74,4.58,77.81,0.0,12.6,10,4,339,0,12
2025-12-05 11:03:09.822246,723.99,13.62,76.85,0.0,24.65,11,4,339,0,12
2025-12-05 12:03:09.822246,729.86,4.86,85.0,8.79,16.97,12,4,339,0,12
2025-12-05 13:03:09.822246,636.74,9.0,78.1,0.0,12.93,13,4,339,0,12
2025-12-05 14:03:09.822246,645.82,8.38,98.37,0.0,6.99,14,4,339,0,12
2025-12-05 15:03:09.822246,713.77,2.25,72.5,0.0,13.9,15,4,339,0,12
2025-12-05 16:03:09.822246,544.28,12.44,72.62,0.0,0.0,16,4,339,0,12
2025-12-05 17:03:09.822246,728.45,10.41,67.58,0.0,9.35,17,4,339,0,12
2025-12-05 18:03:09.822246,675.69,-2.33,74.47,0.0,0.0,18,4,339,0,12
2025-12-05 19:03:09.822246,712.22,8.99,75.93,0.0,7.64,19,4,339,0,12
2025-12-05 20:03:09.822246,558.11,3.74,76.43,0.0,16.3,20,4,339,0,12
2025-12-05 21:03:09.822246,654.21,13.09,74.29,0.0,7.73,21,4,339,0,12
2025-12-05 22:03:09.822246,772.15,0.38,67.52,0.0,9.57,22,4,339,0,12
2025-12-05 23:03:09.822246,576.12,5.82,64.8,1.26,9.83,23,4,339,0,12
2025-12-06 00:03:09.822246,578.49,9.27,69.61,0.0,14.21,0,5,340,1,12
2025-12-06 01:03:09.822246,516.71,7.73,84.78,0.0,15.37,1,5,340,1,12
2025-12-06 02:03:09.822246,425.91,11.28,86.93,0.0,20.11,2,5,340,1,12
2025-12-06 03:03:09.822246,565.68,-0.13,72.59,0.0,20.64,3,5,340,1,12
2025-12-06 04:03:09.822246,540.94,15.72,63.95,0.0,22.82,4,5,340,1,12
2025-12-06 05:03:09.822246,505.28,10.09,72.55,0.0,21.85,5,5,340,1,12
2025-12-06 06:03:09.822246,573.87,14.26,94.28,0.0,24.37,6,5,340,1,12
2025-12-06 07:03:09.822246,455.43,11.83,83.35,0.0,24.46,7,5,340,1,12
2025-12-06 08:03:09.822246,517.73,7.4,78.87,0.0,31.97,8,5,340,1,12
2025-12-06 09:03:09.822246,606.09,1.04,82.99,0.0,30.03,9,5,340,1,12
2025-12-06 10:03:09.822246,622.79,4.64,88.77,0.0,21.63,10,5,340,1,12
2025-12-06 11:03:09.822246,540.01,15.41,61.83,0.0,15.37,11,5,340,1,12
2025-12-06 12:03:09.822246,664.32,14.39,69.44,0.0,16.74,12,5,340,1,12
2025-12-06 13:03:09.822246,674.74,4.36,68.07,0.0,8.32,13,5,340,1,12
2025-12-06 14:03:09.822246,735.35,-6.63,79.23,0.0,7.23,14,5,340,1,12
2025-12-06 15:03:09.822246,572.29,6.4,74.96,0.0,8.21,15,5,340,1,12
2025-12-06 16:03:09.822246,591.06,6.02,80.92,0.0,3.02,16,5,340,1,12
2025-12-06 17:03:09.822246,535.01,6.21,68.29,0.0,2.12,17,5,340,1,12
2025-12-06 18:03:09.822246,634.01,10.1,87.08,0.0,2.67,18,5,340,1,12
2025-12-06 19:03:09.822246,449.07,11.84,72.67,0.0,16.77,19,5,340,1,12
2025-12-06 20:03:09.822246,639.02,12.41,80.31,0.0,7.21,20,5,340,1,12
2025-12-06 21:03:09.822246,504.21,9.69,85.32,0.0,0.0,21,5,340,1,12
2025-12-06 22:03:09.822246,516.19,-1.54,84.51,0.0,10.98,22,5,340,1,12
2025-12-06 23:03:09.822246,592.6,5.76,76.97,0.0,14.7,23,5,340,1,12
2025-12-07 00:03:09.822246,504.26,18.84,81.3,0.0,14.7,0,6,341,1,12
2025-12-07 01:03:09.822246,602.19,9.19,90.52,0.0,20.64,1,6,341,1,12
2025-12-07 02:03:09.822246,594.94,9.16,78.24,0.0,17.15,2,6,341,1,12
2025-12-07 03:03:09.822246,525.96,9.12,65.81,0.0,21.35,3,6,341,1,12
2025-12-07 04:03:09.822246,472.95,9.4,78.93,0.0,23.22,4,6,341,1,12
2025-12-07 05:03:09.822246,624.67,-4.59,72.73,0.0,21.22,5,6,341,1,12
2025-12-07 06:03:09.822246,527.31,6.12,49.62,0.0,20.25,6,6,341,1,12
2025-12-07 07:03:09.822246,580.24,7.13,77.72,0.0,25.05,7,6,341,1,12
2025-12-07 08:03:09.822246,466.56,13.73,74.27,0.0,24.81,8,6,341,1,12
2025-12-07 09:03:09.822246,624.74,7.56,84.67,0.0,8.06,9,6,341,1,12
2025-12-07 10:03:09.822246,637.49,-0.91,65.6,0.0,17.42,10,6,341,1,12
2025-12-07 11:03:09.822246,674.19,9.47,58.05,0.0,16.17,11,6,341,1,12
2025-12-07 12:03:09.822246,675.11,3.3,74.79,0.0,15.91,12,6,341,1,12
2025-12-07 13:03:09.822246,681.93,1.24,76.9,0.0,16.52,13,6,341,1,12
2025-12-07 14:03:09.822246,653.55,3.15,74.04,0.0,8.44,14,6,341,1,12
2025-12-07 15:03:09.822246,544.1,10.03,73.31,0.0,10.83,15,6,341,1,12
2025-12-07 16:03:09.822246,622.22,13.62,62.42,0.0,0.0,16,6,341,1,12
2025-12-07 17:03:09.822246,667.86,9.74,71.71,0.0,12.05,17,6,341,1,12
2025-12-07 18:03:09.822246,534.71,10.48,69.62,0.0,4.75,18,6,341,1,12
2025-12-07 19:03:09.822246,586.07,9.69,83.83,0.0,0.0,19,6,341,1,12
2025-12-07 20:03:09.822246,505.75,7.83,76.9,12.57,9.32,20,6,341,1,12
2025-12-07 21:03:09.822246,479.52,10.81,70.32,0.0,6.6,21,6,341,1,12
2025-12-07 22:03:09.822246,612.26,-4.77,90.34,0.0,19.18,22,6,341,1,12
2025-12-07 23:03:09.822246,525.05,7.88,70.41,0.0,20.39,23,6,341,1,12
2025-12-08 00:03:09.822246,599.68,1.96,78.42,0.0,19.44,0,0,342,0,12
2025-12-08 01:03:09.822246,614.34,13.0,71.17,0.0,3.19,1,0,342,0,12
2025-12-08 02:03:09.822246,619.85,6.45,89.15,0.0,18.86,2,0,342,0,12
2025-12-08 03:03:09.822246,564.02,7.34,73.71,1.23,28.42,3,0,342,0,12
2025-12-08 04:03:09.822246,680.16,-0.34,74.01,0.0,27.86,4,0,342,0,12
2025-12-08 05:03:09.822246,611.37,12.27,71.44,0.0,20.05,5,0,342,0,12
2025-12-08 06:03:09.822246,610.24,10.32,74.81,0.0,24.48,6,0,342,0,12
2025-12-08 07:03:09.822246,670.69,9.97,84.84,0.0,27.63,7,0,342,0,12
2025-12-08 08:03:09.822246,589.59,3.12,81.3,0.0,15.69,8,0,342,0,12
2025-12-08 09:03:09.822246,724.91,3.32,73.12,0.0,14.53,9,0,342,0,12
2025-12-08 10:03:09.822246,625.99,8.3,89.85,0.0,32.18,10,0,342,0,12
2025-12-08 11:03:09.822246,657.28,3.71,81.57,0.0,16.05,11,0,342,0,12
2025-12-08 12:03:09.822246,671.45,9.36,68.46,1.44,5.45,12,0,342,0,12
2025-12-08 13:03:09.822246,725.11,-3.62,59.04,0.0,8.95,13,0,342,0,12
2025-12-08 14:03:09.822246,672.02,4.75,68.69,0.0,11.63,14,0,342,0,12
2025-12-08 15:03:09.822246,643.84,16.17,76.97,0.0,11.91,15,0,342,0,12
2025-12-08 16:03:09.822246,673.77,9.38,78.81,0.0,3.05,16,0,342,0,12
2025-12-08 17:03:09.822246,606.26,8.02,86.43,0.0,0.0,17,0,342,0,12
2025-12-08 18:03:09.822246,512.57,17.11,61.9,0.0,9.36,18,0,342,0,12
2025-12-08 19:03:09.822246,711.39,-4.49,68.45,0.0,0.62,19,0,342,0,12
2025-12-08 20:03:09.822246,589.94,3.11,61.06,0.0,5.07,20,0,342,0,12
2025-12-08 21:03:09.822246,603.54,5.18,59.45,0.0,11.29,21,0,342,0,12
2025-12-08 22:03:09.822246,641.53,11.48,66.56,0.0,7.57,22,0,342,0,12
2025-12-08 23:03:09.822246,582.86,11.56,76.51,0.0,22.44,23,0,342,0,12
2025-12-09 00:03:09.822246,723.1,2.72,80.29,0.0,10.74,0,1,343,0,12
2025-12-09 01:03:09.822246,633.65,12.04,63.09,0.0,15.75,1,1,343,0,12
2025-12-09 02:03:09.822246,588.34,5.04,64.48,0.0,18.02,2,1,343,0,12
2025-12-09 03:03:09.822246,708.88,13.11,54.78,0.0,18.89,3,1,343,0,12
2025-12-09 04:03:09.822246,687.68,1.89,74.72,0.0,29.08,4,1,343,0,12
2025-12-09 05:03:09.822246,598.04,6.44,65.25,0.0,22.92,5,1,343,0,12
2025-12-09 06:03:09.822246,676.72,4.6,89.21,0.0,39.27,6,1,343,0,12
2025-12-09 07:03:09.822246,624.82,12.33,76.67,0.0,25.17,7,1,343,0,12
2025-12-09 08:03:09.822246,680.48,4.44,70.86,0.0,24.76,8,1,343,0,12
2025-12-09 09:03:09.822246,801.22,6.84,66.16,0.0,14.24,9,1,343,0,12
2025-12-09 10:03:09.822246,678.94,9.59,57.63,0.0,17.11,10,1,343,0,12
2025-12-09 11:03:09.822246,725.2,9.78,58.9,0.0,21.01,11,1,343,0,12
2025-12-09 12:03:09.822246,675.26,11.49,66.35,0.0,17.73,12,1,343,0,12
2025-12-09 13:03:09.822246,757.5,8.11,65.59,0.0,7.1,13,1,343,0,12
2025-12-09 14:03:09.822246,627.35,4.96,62.58,0.0,7.7,14,1,343,0,12
2025-12-09 15:03:09.822246,605.51,5.3,76.35,0.0,0.0,15,1,343,0,12
2025-12-09 16:03:09.822246,644.63,7.18,77.72,0.0,2.39,16,1,343,0,12
2025-12-09 17:03:09.822246,524.47,8.3,67.99,0.0,13.98,17,1,343,0,12
2025-12-09 18:03:09.822246,598.89,6.32,91.93,0.0,6.17,18,1,343,0,12
2025-12-09 19:03:09.822246,596.08,7.15,55.11,0.0,10.95,19,1,343,0,12
2025-12-09 20:03:09.822246,629.0,-0.53,73.16,7.14,0.0,20,1,343,0,12
2025-12-09 21:03:09.822246,490.56,10.39,70.39,0.0,8.41,21,1,343,0,12
2025-12-09 22:03:09.822246,593.67,7.96,67.07,0.0,9.41,22,1,343,0,12
2025-12-09 23:03:09.822246,639.84,12.06,65.6,0.0,9.3,23,1,343,0,12
2025-12-10 00:03:09.822246,516.36,6.93,72.24,4.72,13.85,0,2,344,0,12
2025-12-10 01:03:09.822246,706.13,-1.77,70.05,0.0,14.95,1,2,344,0,12
2025-12-10 02:03:09.822246,700.26,5.13,68.39,0.0,14.17,2,2,344,0,12
2025-12-10 03:03:09.822246,688.37,5.92,59.32,0.0,22.74,3,2,344,0,12
2025-12-10 04:03:09.822246,646.92,10.64,56.12,0.0,28.03,4,2,344,0,12
2025-12-10 05:03:09.822246,771.5,-3.43,69.42,0.0,20.75,5,2,344,0,12
2025-12-10 06:03:09.822246,571.58,7.13,68.28,0.0,21.32,6,2,344,0,12
2025-12-10 07:03:09.822246,653.75,9.49,70.34,0.0,28.69,7,2,344,0,12
2025-12-10 08:03:09.822246,669.97,3.62,71.22,0.0,23.9,8,2,344,0,12
2025-12-10 09:03:09.822246,666.62,7.3,67.08,0.0,20.33,9,2,344,0,12
2025-12-10 10:03:09.822246,799.62,3.79,70.18,0.0,20.49,10,2,344,0,12
2025-12-10 11:03:09.822246,630.67,3.28,63.77,0.0,27.9,11,2,344,0,12
2025-12-10 12:03:09.822246,688.64,4.88,87.55,0.0,20.75,12,2,344,0,12
2025-12-10 13:03:09.822246,823.17,3.37,64.31,0.0,21.03,13,2,344,0,12
2025-12-10 14:03:09.822246,749.13,10.34,68.6,0.0,13.68,14,2,344,0,12
2025-12-10 15:03:09.822246,690.8,3.25,65.07,0.0,4.12,15,2,344,0,12
2025-12-10 16:03:09.822246,750.7,2.41,64.9,0.0,4.13,16,2,344,0,12
2025-12-10 17:03:09.822246,604.2,15.76,72.55,0.0,1.56,17,2,344,0,12
2025-12-10 18:03:09.822246,622.05,11.73,71.28,9.0,8.11,18,2,344,0,12
2025-12-10 19:03:09.822246,692.32,-2.38,67.71,0.0,3.82,19,2,344,0,12
2025-12-10 20:03:09.822246,702.41,3.1,69.47,0.0,2.17,20,2,344,0,12
2025-12-10 21:03:09.822246,747.13,8.14,65.11,0.0,7.36,21,2,344,0,12
2025-12-10 22:03:09.822246,638.18,8.54,76.32,0.0,3.0,22,2,344,0,12
2025-12-10 23:03:09.822246,670.57,-0.53,92.86,0.0,17.46,23,2,344,0,12
2025-12-11 00:03:09.822246,639.19,12.59,63.28,0.0,10.17,0,3,345,0,12
2025-12-11 01:03:09.822246,573.28,10.93,75.97,0.0,22.15,1,3,345,0,12
2025-12-11 02:03:09.822246,749.1,9.21,72.48,0.0,22.33,2,3,345,0,12
2025-12-11 03:03:09.822246,606.12,13.58,78.72,0.0,24.95,3,3,345,0,12
2025-12-11 04:03:09.822246,578.84,9.06,79.0,0.0,17.93,4,3,345,0,12
2025-12-11 05:03:09.822246,608.7,9.04,74.09,0.0,24.99,5,3,345,0,12
2025-12-11 06:03:09.822246,615.89,14.59,71.63,0.0,22.41,6,3,345,0,12
2025-12-11 07:03:09.822246,618.22,12.31,67.69,0.0,15.9,7,3,345,0,12
2025-12-11 08:03:09.822246,635.23,2.59,64.38,0.0,30.84,8,3,345,0,12
2025-12-11 09:03:09.822246,723.07,9.97,71.06,0.0,21.59,9,3,345,0,12
2025-12-11 10:03:09.822246,668.01,3.48,59.19,0.0,17.75,10,3,345,0,12
2025-12-11 11:03:09.822246,689.55,9.32,66.09,0.0,24.46,11,3,345,0,12
2025-12-11 12:03:09.822246,714.42,9.18,83.1,0.0,19.84,12,3,345,0,12
2025-12-11 13:03:09.822246,820.45,-0.12,73.02,0.0,28.93,13,3,345,0,12
2025-12-11 14:03:09.822246,683.68,6.19,80.96,0.0,5.24,14,3,345,0,12
2025-12-11 15:03:09.822246,592.1,8.13,86.73,0.0,5.08,15,3,345,0,12
2025-12-11 16:03:09.822246,651.31,4.62,70.26,0.0,16.04,16,3,345,0,12
2025-12-11 17:03:09.822246,570.46,8.37,74.11,0.0,1.06,17,3,345,0,12
2025-12-11 18:03:09.822246,651.3,10.83,69.01,0.0,1.35,18,3,345,0,12
2025-12-11 19:03:09.822246,684.87,6.65,63.91,0.0,4.93,19,3,345,0,12
2025-12-11 20:03:09.822246,621.26,7.92,62.5,0.0,14.58,20,3,345,0,12
2025-12-11 21:03:09.822246,637.75,13.72,80.46,0.0,5.28,21,3,345,0,12
2025-12-11 22:03:09.822246,596.64,9.17,74.12,0.0,21.39,22,3,345,0,12
2025-12-11 23:03:09.822246,647.65,7.8,90.5,0.0,12.35,23,3,345,0,12
2025-12-12 00:03:09.822246,635.49,1.89,81.48,0.0,21.71,0,4,346,0,12
2025-12-12 01:03:09.822246,602.57,10.03,64.44,0.0,15.88,1,4,346,0,12
2025-12-12 02:03:09.822246,534.07,8.33,80.16,0.0,15.12,2,4,346,0,12
2025-12-12 03:03:09.822246,603.61,13.1,68.7,0.0,24.94,3,4,346,0,12
2025-12-12 04:03:09.822246,607.25,6.91,83.92,0.0,16.39,4,4,346,0,12
2025-12-12 05:03:09.822246,721.99,-2.4,66.89,0.0,16.45,5,4,346,0,12
2025-12-12 06:03:09.822246,665.57,-1.82,61.23,0.0,28.53,6,4,346,0,12
2025-12-12 07:03:09.822246,602.73,10.36,63.8,0.0,21.8,7,4,346,0,12
2025-12-12 08:03:09.822246,583.95,3.83,64.31,0.0,16.77,8,4,346,0,12
2025-12-12 09:03:09.822246,662.62,8.86,63.35,0.0,19.07,9,4,346,0,12
2025-12-12 10:03:09.822246,733.93,7.25,66.03,0.0,22.81,10,4,346,0,12
2025-12-12 11:03:09.822246,661.37,5.84,80.32,0.0,12.89,11,4,346,0,12
2025-12-12 12:03:09.822246,700.06,6.2,89.72,0.0,1.05,12,4,346,0,12
2025-12-12 13:03:09.822246,703.54,2.35,58.45,0.0,11.61,13,4,346,0,12
2025-12-12 14:03:09.822246,712.02,6.6,84.39,0.0,11.79,14,4,346,0,12
2025-12-12 15:03:09.822246,672.62,3.76,66.98,0.0,11.99,15,4,346,0,12
2025-12-12 16:03:09.822246,681.01,4.82,75.23,0.0,11.45,16,4,346,0,12
2025-12-12 17:03:09.822246,597.79,5.06,55.21,0.0,4.55,17,4,346,0,12
2025-12-12 18:03:09.822246,618.4,5.55,77.0,0.0,14.5,18,4,346,0,12
2025-12-12 19:03:09.822246,570.64,11.29,51.7,0.0,4.73,19,4,346,0,12
2025-12-12 20:03:09.822246,663.42,6.03,74.9,0.0,5.21,20,4,346,0,12
2025-12-12 21:03:09.822246,693.42,11.8,74.33,0.0,6.48,21,4,346,0,12
2025-12-12 22:03:09.822246,523.25,14.37,73.67,0.0,10.71,22,4,346,0,12
2025-12-12 23:03:09.822246,608.48,10.95,64.41,0.0,14.95,23,4,346,0,12
2025-12-13 00:03:09.822246,465.54,9.23,76.97,0.0,21.98,0,5,347,1,12
2025-12-13 01:03:09.822246,590.46,8.2,75.39,0.0,14.88,1,5,347,1,12
2025-12-13 02:03:09.822246,464.53,10.89,69.38,0.0,15.99,2,5,347,1,12
2025-12-13 03:03:09.822246,533.26,7.01,78.19,0.0,22.78,3,5,347,1,12
2025-12-13 04:03:09.822246,464.06,11.49,70.52,0.0,21.47,4,5,347,1,12
2025-12-13 05:03:09.822246,514.73,9.63,76.76,0.0,19.06,5,5,347,1,12
2025-12-13 06:03:09.822246,485.04,4.76,70.22,0.0,31.02,6,5,347,1,12
2025-12-13 07:03:09.822246,598.36,11.04,73.64,0.0,30.52,7,5,347,1,12
2025-12-13 08:03:09.822246,574.78,7.02,77.22,0.0,16.32,8,5,347,1,12
2025-12-13 09:03:09.822246,648.18,6.03,67.5,0.0,21.39,9,5,347,1,12
2025-12-13 10:03:09.822246,619.09,4.18,59.14,3.17,22.89,10,5,347,1,12
2025-12-13 11:03:09.822246,609.17,7.39,74.24,0.0,27.2,11,5,347,1,12
2025-12-13 12:03:09.822246,590.93,11.54,83.37,0.0,14.69,12,5,347,1,12
2025-12-13 13:03:09.822246,558.06,11.01,74.47,0.0,16.73,13,5,347,1,12
2025-12-13 14:03:09.822246,640.84,8.33,74.66,0.0,8.16,14,5,347,1,12
2025-12-13 15:03:09.822246,650.33,9.56,71.05,0.0,10.2,15,5,347,1,12
2025-12-13 16:03:09.822246,541.72,12.92,78.87,0.0,10.85,16,5,347,1,12
2025-12-13 17:03:09.822246,618.23,5.81,69.62,0.0,7.09,17,5,347,1,12
2025-12-13 18:03:09.822246,617.8,0.99,66.94,0.0,5.13,18,5,347,1,12
2025-12-13 19:03:09.822246,468.83,13.07,82.53,0.0,10.18,19,5,347,1,12
2025-12-13 20:03:09.822246,460.77,3.91,66.17,0.0,13.18,20,5,347,1,12
2025-12-13 21:03:09.822246,587.34,3.11,80.37,0.0,8.68,21,5,347,1,12
2025-12-13 22:03:09.822246,538.98,-2.42,82.53,0.0,15.16,22,5,347,1,12
2025-12-13 23:03:09.822246,576.29,9.42,77.14,0.0,9.61,23,5,347,1,12
2025-12-14 00:03:09.822246,570.64,-1.66,58.7,0.0,13.01,0,6,348,1,12
2025-12-14 01:03:09.822246,485.84,2.7,71.46,0.0,25.43,1,6,348,1,12
2025-12-14 02:03:09.822246,482.37,9.39,69.17,0.0,5.49,2,6,348,1,12
2025-12-14 03:03:09.822246,596.12,10.06,66.23,0.0,20.88,3,6,348,1,12
2025-12-14 04:03:09.822246,514.98,3.19,72.62,0.0,24.74,4,6,348,1,12
2025-12-14 05:03:09.822246,575.6,5.78,78.88,0.0,18.84,5,6,348,1,12
2025-12-14 06:03:09.822246,591.62,2.09,66.61,0.0,30.38,6,6,348,1,12
2025-12-14 07:03:09.822246,547.97,3.71,69.48,0.0,24.42,7,6,348,1,12
2025-12-14 08:03:09.822246,558.24,7.78,68.78,0.0,27.23,8,6,348,1,12
2025-12-14 09:03:09.822246,587.7,3.94,82.83,0.0,29.62,9,6,348,1,12
2025-12-14 10:03:09.822246,673.25,5.23,68.62,0.0,26.15,10,6,348,1,12
2025-12-14 11:03:09.822246,731.56,-0.87,58.85,0.0,15.85,11,6,348,1,12
2025-12-14 12:03:09.822246,590.51,12.11,55.46,0.0,9.31,12,6,348,1,12
2025-12-14 13:03:09.822246,625.96,9.0,74.82,0.0,10.39,13,6,348,1,12
2025-12-14 14:03:09.822246,562.08,10.41,63.58,0.0,10.78,14,6,348,1,12
2025-12-14 15:03:09.822246,491.86,12.9,77.88,0.0,0.0,15,6,348,1,12
2025-12-14 16:03:09.822246,591.63,2.32,57.88,0.0,14.28,16,6,348,1,12
2025-12-14 17:03:09.822246,698.26,4.66,65.8,0.0,5.95,17,6,348,1,12
2025-12-14 18:03:09.822246,518.05,-3.02,57.89,0.0,3.83,18,6,348,1,12
2025-12-14 19:03:09.822246,443.2,22.15,75.54,0.0,0.0,19,6,348,1,12
2025-12-14 20:03:09.822246,530.75,5.7,77.68,0.0,6.41,20,6,348,1,12
2025-12-14 21:03:09.822246,551.42,11.64,74.58,4.33,8.41,21,6,348,1,12
2025-12-14 22:03:09.822246,590.19,0.26,60.33,0.0,5.81,22,6,348,1,12
2025-12-14 23:03:09.822246,512.44,11.43,63.73,1.67,13.9,23,6,348,1,12
2025-12-15 00:03:09.822246,502.0,15.63,73.25,0.0,14.35,0,0,349,0,12
2025-12-15 01:03:09.822246,589.64,6.04,54.03,0.0,9.56,1,0,349,0,12
2025-12-15 02:03:09.822246,571.66,1.29,68.49,0.0,23.42,2,0,349,0,12
2025-12-15 03:03:09.822246,633.03,5.65,86.07,0.0,34.42,3,0,349,0,12
2025-12-15 04:03:09.822246,725.44,-4.79,69.11,0.0,32.61,4,0,349,0,12
2025-12-15 05:03:09.822246,507.69,6.15,56.02,0.0,27.12,5,0,349,0,12
2025-12-15 06:03:09.822246,495.9,10.45,64.83,12.14,26.39,6,0,349,0,12
2025-12-15 07:03:09.822246,728.01,6.16,64.6,0.0,17.12,7,0,349,0,12
2025-12-15 08:03:09.822246,643.12,4.92,92.31,0.0,24.92,8,0,349,0,12
2025-12-15 09:03:09.822246,752.4,8.98,87.56,0.0,20.6,9,0,349,0,12
2025-12-15 10:03:09.822246,689.78,9.36,78.21,0.0,7.3,10,0,349,0,12
2025-12-15 11:03:09.822246,773.81,-1.96,67.47,0.0,15.71,11,0,349,0,12
2025-12-15 12:03:09.822246,762.23,6.79,82.91,0.0,12.13,12,0,349,0,12
2025-12-15 13:03:09.822246,623.68,18.52,59.57,0.0,4.69,13,0,349,0,12
2025-12-15 14:03:09.822246,744.31,-0.33,81.67,0.0,9.49,14,0,349,0,12
2025-12-15 15:03:09.822246,680.24,5.91,80.18,1.5,0.54,15,0,349,0,12
2025-12-15 16:03:09.822246,563.94,16.05,69.39,0.0,8.36,16,0,349,0,12
2025-12-15 17:03:09.822246,659.09,11.86,82.3,0.0,8.13,17,0,349,0,12
2025-12-15 18:03:09.822246,612.51,3.77,66.43,0.0,0.0,18,0,349,0,12
2025-12-15 19:03:09.822246,615.4,7.37,58.25,0.0,3.28,19,0,349,0,12
2025-12-15 20:03:09.822246,531.62,6.33,80.68,0.0,4.0,20,0,349,0,12
2025-12-15 21:03:09.822246,710.63,2.6,70.05,0.0,6.75,21,0,349,0,12
2025-12-15 22:03:09.822246,670.23,5.97,76.92,0.0,0.0,22,0,349,0,12
2025-12-15 23:03:09.822246,682.73,4.94,89.11,0.0,14.34,23,0,349,0,12
2025-12-16 00:03:09.822246,615.36,6.8,63.39,0.0,22.59,0,1,350,0,12
2025-12-16 01:03:09.822246,538.84,2.49,69.18,0.0,25.17,1,1,350,0,12
2025-12-16 02:03:09.822246,751.65,-0.15,86.31,0.0,24.55,2,1,350,0,12
2025-12-16 03:03:09.822246,608.99,6.03,77.3,0.0,12.0,3,1,350,0,12
2025-12-16 04:03:09.822246,577.48,14.81,63.62,0.0,20.51,4,1,350,0,12
2025-12-16 05:03:09.822246,609.65,6.65,61.06,0.0,27.18,5,1,350,0,12
2025-12-16 06:03:09.822246,730.15,4.58,65.33,0.0,27.3,6,1,350,0,12
2025-12-16 07:03:09.822246,640.38,10.01,63.23,0.0,30.47,7,1,350,0,12
2025-12-16 08:03:09.822246,684.93,5.44,72.99,0.0,22.35,8,1,350,0,12
2025-12-16 09:03:09.822246,689.19,15.58,71.4,0.0,15.97,9,1,350,0,12
2025-12-16 10:03:09.822246,658.79,6.22,73.41,0.0,22.65,10,1,350,0,12
2025-12-16 11:03:09.822246,665.41,9.74,62.21,0.0,15.21,11,1,350,0,12
2025-12-16 12:03:09.822246,755.44,2.46,69.91,0.0,21.97,12,1,350,0,12
2025-12-16 13:03:09.822246,546.19,8.75,50.06,0.0,15.77,13,1,350,0,12
2025-12-16 14:03:09.822246,695.63,7.61,72.06,0.0,8.15,14,1,350,0,12
2025-12-16 15:03:09.822246,593.78,5.95,82.37,0.0,8.77,15,1,350,0,12
2025-12-16 16:03:09.822246,676.42,3.73,56.37,0.0,11.92,16,1,350,0,12
2025-12-16 17:03:09.822246,642.56,3.05,75.45,2.29,7.99,17,1,350,0,12
2025-12-16 18:03:09.822246,607.86,7.65,64.5,0.0,5.69,18,1,350,0,12
2025-12-16 19:03:09.822246,555.6,9.38,78.64,0.0,6.6,19,1,350,0,12
2025-12-16 20:03:09.822246,542.21,5.6,72.2,0.0,4.81,20,1,350,0,12
2025-12-16 21:03:09.822246,749.07,7.67,74.66,0.0,9.99,21,1,350,0,12
2025-12-16 22:03:09.822246,714.01,6.05,71.26,0.0,10.11,22,1,350,0,12
2025-12-16 23:03:09.822246,527.37,6.73,83.9,0.0,7.23,23,1,350,0,12
2025-12-17 00:03:09.822246,689.44,5.13,73.8,0.0,17.14,0,2,351,0,12
2025-12-17 01:03:09.822246,605.57,6.23,63.27,0.0,20.34,1,2,351,0,12
2025-12-17 02:03:09.822246,531.46,19.63,71.31,0.0,25.04,2,2,351,0,12
2025-12-17 03:03:09.822246,554.15,7.69,66.63,0.73,14.15,3,2,351,0,12
2025-12-17 04:03:09.822246,542.73,9.36,71.95,0.0,25.0,4,2,351,0,12
2025-12-17 05:03:09.822246,675.78,8.33,66.12,0.0,22.72,5,2,351,0,12
2025-12-17 06:03:09.822246,600.01,4.82,63.55,0.0,27.86,6,2,351,0,12
2025-12-17 07:03:09.822246,610.82,12.61,72.31,0.0,18.5,7,2,351,0,12
2025-12-17 08:03:09.822246,619.55,4.68,70.88,0.0,30.14,8,2,351,0,12
2025-12-17 09:03:09.822246,606.67,11.41,80.96,0.0,16.7,9,2,351,0,12
2025-12-17 10:03:09.822246,657.92,4.46,66.17,0.0,17.47,10,2,351,0,12
2025-12-17 11:03:09.822246,716.15,1.34,50.51,0.0,31.15,11,2,351,0,12
2025-12-17 12:03:09.822246,640.52,7.96,66.68,0.0,15.47,12,2,351,0,12
2025-12-17 13:03:09.822246,731.29,0.61,54.06,0.0,17.87,13,2,351,0,12
2025-12-17 14:03:09.822246,754.45,8.81,74.48,0.0,11.24,14,2,351,0,12
2025-12-17 15:03:09.822246,783.47,0.16,53.58,0.0,14.27,15,2,351,0,12
2025-12-17 16:03:09.822246,689.77,4.54,60.44,0.0,10.36,16,2,351,0,12
2025-12-17 17:03:09.822246,666.84,-1.02,66.7,0.0,1.35,17,2,351,0,12
2025-12-17 18:03:09.822246,677.5,20.26,85.76,0.0,0.0,18,2,351,0,12
2025-12-17 19:03:09.822246,670.55,-2.13,59.59,0.0,0.0,19,2,351,0,12
2025-12-17 20:03:09.822246,599.55,6.18,70.45,0.0,3.81,20,2,351,0,12
2025-12-17 21:03:09.822246,530.64,11.85,76.12,0.0,10.75,21,2,351,0,12
2025-12-17 22:03:09.822246,611.8,11.32,85.16,0.0,15.01,22,2,351,0,12
2025-12-17 23:03:09.822246,613.22,10.39,78.1,0.0,12.18,23,2,351,0,12
2025-12-18 00:03:09.822246,598.36,4.45,80.96,0.0,15.83,0,3,352,0,12
2025-12-18 01:03:09.822246,584.03,12.79,78.67,0.0,6.01,1,3,352,0,12
2025-12-18 02:03:09.822246,616.11,10.61,57.93,0.0,18.58,2,3,352,0,12
2025-12-18 03:03:09.822246,636.79,7.1,73.62,0.0,21.6,3,3,352,0,12
2025-12-18 04:03:09.822246,494.61,7.24,78.51,0.0,25.9,4,3,352,0,12
2025-12-18 05:03:09.822246,613.27,4.52,60.46,0.0,23.03,5,3,352,0,12
2025-12-18 06:03:09.822246,715.37,1.49,64.23,0.0,22.5,6,3,352,0,12
2025-12-18 07:03:09.822246,609.96,12.22,61.99,0.0,34.1,7,3,352,0,12
2025-12-18 08:03:09.822246,652.03,12.6,77.75,0.0,16.77,8,3,352,0,12
2025-12-18 09:03:09.822246,705.74,1.62,69.33,0.0,28.9,9,3,352,0,12
2025-12-18 10:03:09.822246,738.49,5.27,66.82,4.97,23.12,10,3,352,0,12
2025-12-18 11:03:09.822246,714.92,5.32,57.21,0.0,16.96,11,3,352,0,12
2025-12-18 12:03:09.822246,682.25,5.88,69.35,0.0,26.01,12,3,352,0,12
2025-12-18 13:03:09.822246,772.67,6.36,64.35,0.0,12.09,13,3,352,0,12
2025-12-18 14:03:09.822246,747.73,10.77,72.46,0.0,5.72,14,3,352,0,12
2025-12-18 15:03:09.822246,677.41,2.3,58.6,0.0,9.0,15,3,352,0,12
2025-12-18 16:03:09.822246,724.82,1.81,71.8,0.0,10.72,16,3,352,0,12
2025-12-18 17:03:09.822246,638.68,12.22,65.64,0.0,8.1,17,3,352,0,12
2025-12-18 18:03:09.822246,675.39,3.73,57.53,0.0,2.3,18,3,352,0,12
2025-12-18 19:03:09.822246,574.36,-0.28,56.75,0.0,8.67,19,3,352,0,12
2025-12-18 20:03:09.822246,705.0,3.61,58.25,0.0,0.0,20,3,352,0,12
2025-12-18 21:03:09.822246,591.21,4.39,67.96,0.0,14.74,21,3,352,0,12
2025-12-18 22:03:09.822246,553.92,13.81,71.23,0.0,14.0,22,3,352,0,12
2025-12-18 23:03:09.822246,745.4,10.66,72.72,0.0,1.57,23,3,352,0,12
2025-12-19 00:03:09.822246,643.85,11.68,72.8,0.0,11.34,0,4,353,0,12
2025-12-19 01:03:09.822246,578.29,10.05,62.14,0.0,23.82,1,4,353,0,12
2025-12-19 02:03:09.822246,502.07,10.68,80.31,0.0,18.85,2,4,353,0,12
2025-12-19 03:03:09.822246,692.83,2.51,65.3,0.0,21.89,3,4,353,0,12
2025-12-19 04:03:09.822246,551.77,4.95,74.23,0.0,30.69,4,4,353,0,12
2025-12-19 05:03:09.822246,599.26,1.0,68.08,0.0,21.69,5,4,353,0,12
2025-12-19 06:03:09.822246,618.66,4.89,73.48,0.0,14.28,6,4,353,0,12
2025-12-19 07:03:09.822246,708.18,9.37,67.58,0.0,31.57,7,4,353,0,12
2025-12-19 08:03:09.822246,704.31,6.62,73.66,0.0,21.47,8,4,353,0,12
2025-12-19 09:03:09.822246,624.81,12.5,69.65,0.0,21.94,9,4,353,0,12
2025-12-19 10:03:09.822246,728.63,0.24,77.86,0.0,19.03,10,4,353,0,12
2025-12-19 11:03:09.822246,704.04,8.45,61.54,0.0,15.16,11,4,353,0,12
2025-12-19 12:03:09.822246,753.89,-0.29,52.03,0.0,10.68,12,4,353,0,12
2025-12-19 13:03:09.822246,721.03,6.42,59.99,0.0,11.51,13,4,353,0,12
2025-12-19 14:03:09.822246,744.15,9.65,80.41,0.0,5.22,14,4,353,0,12
2025-12-19 15:03:09.822246,794.6,4.87,68.18,0.0,14.78,15,4,353,0,12
2025-12-19 16:03:09.822246,679.42,8.7,70.65,0.0,12.42,16,4,353,0,12
2025-12-19 17:03:09.822246,675.66,1.15,59.19,0.0,8.11,17,4,353,0,12
2025-12-19 18:03:09.822246,682.96,-2.37,70.38,0.0,7.61,18,4,353,0,12
2025-12-19 19:03:09.822246,595.11,8.73,59.5,0.0,0.0,19,4,353,0,12
2025-12-19 20:03:09.822246,535.77,14.67,60.97,0.0,11.99,20,4,353,0,12
2025-12-19 21:03:09.822246,641.04,0.97,65.7,0.0,5.68,21,4,353,0,12
2025-12-19 22:03:09.822246,605.3,12.06,74.18,0.0,16.75,22,4,353,0,12
2025-12-19 23:03:09.822246,669.05,6.16,75.24,0.0,20.9,23,4,353,0,12
2025-12-20 00:03:09.822246,567.42,-0.82,75.21,0.0,13.79,0,5,354,1,12
2025-12-20 01:03:09.822246,537.94,0.2,53.54,0.0,6.38,1,5,354,1,12
2025-12-20 02:03:09.822246,577.13,5.94,69.36,0.0,21.16,2,5,354,1,12
2025-12-20 03:03:09.822246,558.47,3.84,67.46,10.33,16.29,3,5,354,1,12
2025-12-20 04:03:09.822246,585.96,-0.71,54.1,0.0,20.66,4,5,354,1,12
2025-12-20 05:03:09.822246,627.55,-2.61,69.58,0.0,23.6,5,5,354,1,12
2025-12-20 06:03:09.822246,607.03,1.62,66.92,0.0,29.74,6,5,354,1,12
2025-12-20 07:03:09.822246,551.46,6.83,74.54,0.0,26.91,7,5,354,1,12
2025-12-20 08:03:09.822246,560.71,5.83,70.24,6.04,31.36,8,5,354,1,12
2025-12-20 09:03:09.822246,580.32,3.35,63.93,0.0,18.1,9,5,354,1,12
2025-12-20 10:03:09.822246,669.47,6.87,78.68,0.0,25.63,10,5,354,1,12
2025-12-20 11:03:09.822246,624.79,11.06,47.21,0.1,21.46,11,5,354,1,12
2025-12-20 12:03:09.822246,606.53,7.83,68.78,0.0,18.37,12,5,354,1,12
2025-12-20 13:03:09.822246,634.05,5.25,51.79,0.0,17.97,13,5,354,1,12
2025-12-20 14:03:09.822246,696.24,10.5,60.3,0.0,14.15,14,5,354,1,12
2025-12-20 15:03:09.822246,695.74,1.06,74.67,0.0,0.0,15,5,354,1,12
2025-12-20 16:03:09.822246,622.54,4.73,56.68,0.0,3.45,16,5,354,1,12
2025-12-20 17:03:09.822246,486.53,4.85,55.19,0.0,10.21,17,5,354,1,12
2025-12-20 18:03:09.822246,620.64,-0.33,93.24,0.0,7.42,18,5,354,1,12
2025-12-20 19:03:09.822246,506.6,3.76,55.83,0.0,10.54,19,5,354,1,12
2025-12-20 20:03:09.822246,579.96,-4.52,85.93,0.0,7.36,20,5,354,1,12
2025-12-20 21:03:09.822246,504.2,15.42,67.7,0.0,5.27,21,5,354,1,12
2025-12-20 22:03:09.822246,513.27,1.17,64.17,0.0,5.9,22,5,354,1,12
2025-12-20 23:03:09.822246,480.96,13.79,75.09,0.0,4.18,23,5,354,1,12
2025-12-21 00:03:09.822246,502.23,5.96,82.48,3.44,17.64,0,6,355,1,12
2025-12-21 01:03:09.822246,581.57,8.6,57.66,0.0,10.36,1,6,355,1,12
2025-12-21 02:03:09.822246,625.78,3.33,64.02,0.0,20.0,2,6,355,1,12
2025-12-21 03:03:09.822246,437.91,6.81,77.59,0.0,21.5,3,6,355,1,12
2025-12-21 04:03:09.822246,614.33,9.03,72.0,0.0,29.23,4,6,355,1,12
2025-12-21 05:03:09.822246,491.42,9.1,80.14,0.0,36.13,5,6,355,1,12
2025-12-21 06:03:09.822246,585.25,9.65,74.27,0.0,23.06,6,6,355,1,12
2025-12-21 07:03:09.822246,548.46,3.93,87.2,0.0,27.28,7,6,355,1,12
2025-12-21 08:03:09.822246,584.77,3.37,70.9,0.58,23.65,8,6,355,1,12
2025-12-21 09:03:09.822246,688.43,-2.2,71.34,0.14,17.59,9,6,355,1,12
2025-12-21 10:03:09.822246,656.74,8.39,72.34,0.0,25.91,10,6,355,1,12
2025-12-21 11:03:09.822246,565.54,11.19,67.69,0.0,19.59,11,6,355,1,12
2025-12-21 12:03:09.822246,654.24,13.85,77.6,0.0,17.95,12,6,355,1,12
2025-12-21 13:03:09.822246,695.44,7.3,71.49,0.0,16.9,13,6,355,1,12
2025-12-21 14:03:09.822246,706.83,1.94,77.0,0.0,14.52,14,6,355,1,12
2025-12-21 15:03:09.822246,738.38,-2.71,78.56,0.0,7.11,15,6,355,1,12
2025-12-21 16:03:09.822246,567.51,10.98,73.4,0.0,11.59,16,6,355,1,12
2025-12-21 17:03:09.822246,617.02,-3.21,74.14,0.0,4.53,17,6,355,1,12
2025-12-21 18:03:09.822246,566.1,4.07,59.01,0.0,0.0,18,6,355,1,12
2025-12-21 19:03:09.822246,666.92,4.65,63.61,0.0,7.83,19,6,355,1,12
2025-12-21 20:03:09.822246,572.31,5.43,77.55,0.0,13.12,20,6,355,1,12
2025-12-21 21:03:09.822246,527.01,5.95,83.35,0.0,4.59,21,6,355,1,12
2025-12-21 22:03:09.822246,603.03,6.47,49.71,0.0,2.09,22,6,355,1,12
2025-12-21 23:03:09.822246,581.15,-6.3,63.44,0.0,13.04,23,6,355,1,12
2025-12-22 00:03:09.822246,533.94,5.77,69.05,0.0,9.77,0,0,356,0,12
2025-12-22 01:03:09.822246,652.72,-5.45,60.02,0.0,14.75,1,0,356,0,12
2025-12-22 02:03:09.822246,609.82,9.36,60.59,0.0,20.47,2,0,356,0,12
2025-12-22 03:03:09.822246,692.63,2.92,73.56,0.0,7.26,3,0,356,0,12
2025-12-22 04:03:09.822246,703.98,-5.09,84.62,0.0,21.37,4,0,356,0,12
2025-12-22 05:03:09.822246,728.89,1.62,48.49,0.0,22.74,5,0,356,0,12
2025-12-22 06:03:09.822246,581.06,2.84,67.11,0.0,34.25,6,0,356,0,12
2025-12-22 07:03:09.822246,603.8,11.65,73.44,0.0,23.88,7,0,356,0,12
2025-12-22 08:03:09.822246,622.17,6.68,76.61,0.0,34.32,8,0,356,0,12
2025-12-22 09:03:09.822246,675.15,7.42,72.0,0.0,28.25,9,0,356,0,12
2025-12-22 10:03:09.822246,686.28,11.6,86.42,0.0,22.24,10,0,356,0,12
2025-12-22 11:03:09.822246,728.29,5.21,69.1,0.0,19.38,11,0,356,0,12
2025-12-22 12:03:09.822246,657.44,9.47,81.93,0.0,16.63,12,0,356,0,12
2025-12-22 13:03:09.822246,732.22,9.11,62.35,0.0,13.09,13,0,356,0,12
2025-12-22 14:03:09.822246,749.4,-0.74,69.39,0.0,2.6,14,0,356,0,12
2025-12-22 15:03:09.822246,591.03,13.06,56.68,0.0,9.67,15,0,356,0,12
2025-12-22 16:03:09.822246,733.68,-1.41,77.82,0.0,6.82,16,0,356,0,12
2025-12-22 17:03:09.822246,641.96,10.28,67.61,0.0,6.39,17,0,356,0,12
2025-12-22 18:03:09.822246,653.55,-1.89,72.39,0.0,13.71,18,0,356,0,12
2025-12-22 19:03:09.822246,587.74,8.7,65.68,0.0,4.3,19,0,356,0,12
2025-12-22 20:03:09.822246,615.63,15.0,74.67,0.0,1.01,20,0,356,0,12
2025-12-22 21:03:09.822246,643.8,4.63,72.78,0.0,5.13,21,0,356,0,12
2025-12-22 22:03:09.822246,719.85,4.41,58.86,0.0,14.18,22,0,356,0,12
2025-12-22 23:03:09.822246,575.08,8.75,59.44,0.0,13.83,23,0,356,0,12
2025-12-23 00:03:09.822246,598.37,3.97,68.22,0.0,15.23,0,1,357,0,12
2025-12-23 01:03:09.822246,722.93,14.71,75.1,0.0,10.72,1,1,357,0,12
2025-12-23 02:03:09.822246,597.79,6.58,87.13,0.0,25.99,2,1,357,0,12
2025-12-23 03:03:09.822246,572.57,4.02,71.53,0.0,19.01,3,1,357,0,12
2025-12-23 04:03:09.822246,660.86,2.92,78.58,0.0,25.46,4,1,357,0,12
2025-12-23 05:03:09.822246,528.14,0.95,52.37,0.0,24.16,5,1,357,0,12
2025-12-23 06:03:09.822246,653.11,2.48,88.63,0.0,17.06,6,1,357,0,12
2025-12-23 07:03:09.822246,811.43,3.87,74.56,0.0,26.51,7,1,357,0,12
2025-12-23 08:03:09.822246,622.97,3.18,68.0,0.0,17.67,8,1,357,0,12
2025-12-23 09:03:09.822246,659.76,2.33,66.85,0.0,23.75,9,1,357,0,12
2025-12-23 10:03:09.822246,547.06,16.11,57.43,0.0,17.38,10,1,357,0,12
2025-12-23 11:03:09.822246,769.71,0.47,60.29,0.0,16.63,11,1,357,0,12
2025-12-23 12:03:09.822246,769.62,6.35,87.6,0.0,18.55,12,1,357,0,12
2025-12-23 13:03:09.822246,643.62,8.58,58.61,0.0,6.1,13,1,357,0,12
2025-12-23 14:03:09.822246,727.92,8.77,58.42,7.48,25.49,14,1,357,0,12
2025-12-23 15:03:09.822246,792.54,5.33,61.48,0.0,3.7,15,1,357,0,12
2025-12-23 16:03:09.822246,731.94,4.42,56.52,0.0,9.83,16,1,357,0,12
2025-12-23 17:03:09.822246,648.0,7.88,68.65,0.0,9.85,17,1,357,0,12
2025-12-23 18:03:09.822246,480.96,6.95,79.39,0.0,12.64,18,1,357,0,12
2025-12-23 19:03:09.822246,576.37,4.32,62.4,1.36,2.0,19,1,357,0,12
2025-12-23 20:03:09.822246,642.29,-2.19,54.77,0.0,2.6,20,1,357,0,12
2025-12-23 21:03:09.822246,624.84,3.28,71.42,0.0,13.41,21,1,357,0,12
2025-12-23 22:03:09.822246,666.69,-0.11,67.94,0.0,12.72,22,1,357,0,12
2025-12-23 23:03:09.822246,695.98,2.28,78.53,0.0,15.25,23,1,357,0,12
2025-12-24 00:03:09.822246,704.73,5.71,63.64,0.31,21.99,0,2,358,0,12
2025-12-24 01:03:09.822246,631.67,7.34,65.59,0.0,18.07,1,2,358,0,12
2025-12-24 02:03:09.822246,640.84,14.45,66.69,0.0,20.9,2,2,358,0,12
2025-12-24 03:03:09.822246,702.94,2.86,69.08,0.0,28.72,3,2,358,0,12
2025-12-24 04:03:09.822246,599.49,9.42,64.26,0.0,24.54,4,2,358,0,12
2025-12-24 05:03:09.822246,649.48,7.08,62.64,0.0,19.59,5,2,358,0,12
2025-12-24 06:03:09.822246,583.57,12.03,49.68,0.0,20.51,6,2,358,0,12
2025-12-24 07:03:09.822246,786.97,8.43,62.53,0.0,23.32,7,2,358,0,12
2025-12-24 08:03:09.822246,648.1,0.51,75.34,0.0,25.44,8,2,358,0,12
2025-12-24 09:03:09.822246,739.92,-3.07,76.69,0.0,26.86,9,2,358,0,12
2025-12-24 10:03:09.822246,714.35,7.1,63.48,0.0,31.99,10,2,358,0,12
2025-12-24 11:03:09.822246,757.93,2.91,81.18,0.0,16.36,11,2,358,0,12
2025-12-24 12:03:09.822246,818.94,0.65,67.9,0.0,7.99,12,2,358,0,12
2025-12-24 13:03:09.822246,735.25,-0.79,54.81,0.0,4.44,13,2,358,0,12
2025-12-24 14:03:09.822246,681.12,6.35,51.66,0.0,8.93,14,2,358,0,12
2025-12-24 15:03:09.822246,701.19,13.09,80.37,0.0,7.88,15,2,358,0,12
2025-12-24 16:03:09.822246,708.64,3.5,64.46,0.0,9.41,16,2,358,0,12
2025-12-24 17:03:09.822246,512.81,8.5,56.05,9.62,17.58,17,2,358,0,12
2025-12-24 18:03:09.822246,664.9,5.04,45.59,0.0,8.09,18,2,358,0,12
2025-12-24 19:03:09.822246,601.72,-0.9,64.23,0.0,5.77,19,2,358,0,12
2025-12-24 20:03:09.822246,586.47,9.22,72.23,6.58,11.35,20,2,358,0,12
2025-12-24 21:03:09.822246,572.83,0.07,61.21,0.0,0.01,21,2,358,0,12
2025-12-24 22:03:09.822246,675.88,5.66,57.65,0.0,11.25,22,2,358,0,12
2025-12-24 23:03:09.822246,667.17,3.84,62.69,0.0,4.28,23,2,358,0,12
2025-12-25 00:03:09.822246,561.99,9.95,80.3,0.0,22.04,0,3,359,0,12
2025-12-25 01:03:09.822246,757.15,0.19,53.94,0.0,10.84,1,3,359,0,12
2025-12-25 02:03:09.822246,550.45,7.44,61.45,0.0,24.97,2,3,359,0,12
2025-12-25 03:03:09.822246,667.23,1.28,79.98,0.0,26.13,3,3,359,0,12
2025-12-25 04:03:09.822246,597.53,2.93,72.81,0.0,31.03,4,3,359,0,12
2025-12-25 05:03:09.822246,713.1,-12.7,69.66,0.0,20.05,5,3,359,0,12
2025-12-25 06:03:09.822246,603.79,15.94,61.39,0.97,24.71,6,3,359,0,12
2025-12-25 07:03:09.822246,715.08,8.23,68.18,0.0,29.57,7,3,359,0,12
2025-12-25 08:03:09.822246,776.59,1.64,62.49,0.0,25.4,8,3,359,0,12
2025-12-25 09:03:09.822246,757.43,-0.14,59.28,0.0,24.53,9,3,359,0,12
2025-12-25 10:03:09.822246,760.19,3.0,57.07,0.0,23.69,10,3,359,0,12
2025-12-25 11:03:09.822246,735.24,9.07,75.71,0.0,15.93,11,3,359,0,12
2025-12-25 12:03:09.822246,829.51,-3.98,67.27,0.0,10.19,12,3,359,0,12
2025-12-25 13:03:09.822246,781.85,4.77,71.02,0.0,8.46,13,3,359,0,12
2025-12-25 14:03:09.822246,728.2,14.33,69.39,0.0,9.55,14,3,359,0,12
2025-12-25 15:03:09.822246,656.32,-0.19,72.28,0.0,4.2,15,3,359,0,12
2025-12-25 16:03:09.822246,716.22,5.88,65.32,0.0,4.91,16,3,359,0,12
2025-12-25 17:03:09.822246,650.88,16.5,63.06,0.0,5.22,17,3,359,0,12
2025-12-25 18:03:09.822246,621.59,8.64,59.72,0.0,12.59,18,3,359,0,12
2025-12-25 19:03:09.822246,553.1,6.11,53.73,0.0,0.0,19,3,359,0,12
2025-12-25 20:03:09.822246,742.85,8.01,56.65,0.0,2.55,20,3,359,0,12
2025-12-25 21:03:09.822246,681.06,3.48,64.22,0.0,7.72,21,3,359,0,12
2025-12-25 22:03:09.822246,627.84,11.98,51.84,0.0,4.85,22,3,359,0,12
2025-12-25 23:03:09.822246,596.4,3.48,54.05,0.0,0.0,23,3,359,0,12
2025-12-26 00:03:09.822246,694.09,-4.38,77.98,0.0,11.92,0,4,360,0,12
2025-12-26 01:03:09.822246,724.92,3.46,69.8,0.0,16.28,1,4,360,0,12
2025-12-26 02:03:09.822246,681.19,0.58,63.04,0.0,20.91,2,4,360,0,12
2025-12-26 03:03:09.822246,617.74,4.01,90.27,0.0,17.23,3,4,360,0,12
2025-12-26 04:03:09.822246,657.58,4.12,51.07,0.0,32.02,4,4,360,0,12
2025-12-26 05:03:09.822246,524.71,11.41,77.31,0.0,28.54,5,4,360,0,12
2025-12-26 06:03:09.822246,688.12,8.89,66.44,0.0,19.46,6,4,360,0,12
2025-12-26 07:03:09.822246,739.43,6.73,75.4,0.0,21.6,7,4,360,0,12
2025-12-26 08:03:09.822246,672.14,5.4,68.64,0.0,20.23,8,4,360,0,12
2025-12-26 09:03:09.822246,680.32,0.12,48.83,0.0,16.71,9,4,360,0,12
2025-12-26 10:03:09.822246,701.09,-5.49,68.51,0.0,25.74,10,4,360,0,12
2025-12-26 11:03:09.822246,670.25,5.98,70.91,0.0,12.25,11,4,360,0,12
2025-12-26 12:03:09.822246,627.55,9.39,45.63,0.0,15.52,12,4,360,0,12
2025-12-26 13:03:09.822246,723.77,4.88,86.99,0.0,9.82,13,4,360,0,12
2025-12-26 14:03:09.822246,692.31,2.74,70.67,0.0,9.0,14,4,360,0,12
2025-12-26 15:03:09.822246,618.52,7.74,74.27,0.0,13.07,15,4,360,0,12
2025-12-26 16:03:09.822246,698.97,5.0,55.9,0.0,7.93,16,4,360,0,12
2025-12-26 17:03:09.822246,647.4,13.85,74.46,0.0,7.16,17,4,360,0,12
2025-12-26 18:03:09.822246,658.11,11.58,78.45,0.0,6.58,18,4,360,0,12
2025-12-26 19:03:09.822246,542.07,10.22,70.09,0.0,7.76,19,4,360,0,12
2025-12-26 20:03:09.822246,631.5,9.21,67.46,0.0,1.1,20,4,360,0,12
2025-12-26 21:03:09.822246,626.28,-1.03,58.62,0.0,4.53,21,4,360,0,12
2025-12-26 22:03:09.822246,657.8,8.73,65.39,0.0,11.85,22,4,360,0,12
2025-12-26 23:03:09.822246,662.65,7.3,62.43,0.0,8.8,23,4,360,0,12
2025-12-27 00:03:09.822246,462.39,8.39,72.95,0.0,13.24,0,5,361,1,12
2025-12-27 01:03:09.822246,511.22,7.82,58.74,0.0,18.96,1,5,361,1,12
2025-12-27 02:03:09.822246,520.43,7.62,72.88,0.0,25.52,2,5,361,1,12
2025-12-27 03:03:09.822246,409.84,18.86,58.84,0.0,26.34,3,5,361,1,12
2025-12-27 04:03:09.822246,561.6,4.98,64.61,0.0,31.65,4,5,361,1,12
2025-12-27 05:03:09.822246,492.39,10.04,73.39,0.0,25.39,5,5,361,1,12
2025-12-27 06:03:09.822246,581.28,3.0,60.2,0.0,25.59,6,5,361,1,12
2025-12-27 07:03:09.822246,528.91,9.31,73.74,0.0,21.35,7,5,361,1,12
2025-12-27 08:03:09.822246,549.19,10.06,72.76,0.0,26.43,8,5,361,1,12
2025-12-27 09:03:09.822246,530.28,7.18,64.52,0.0,28.34,9,5,361,1,12
2025-12-27 10:03:09.822246,549.39,13.71,78.85,0.0,17.19,10,5,361,1,12
2025-12-27 11:03:09.822246,584.27,0.94,68.01,0.0,19.82,11,5,361,1,12
2025-12-27 12:03:09.822246,685.79,2.92,78.26,0.0,20.59,12,5,361,1,12
2025-12-27 13:03:09.822246,640.99,6.42,85.17,0.0,8.24,13,5,361,1,12
2025-12-27 14:03:09.822246,624.69,9.76,64.82,0.0,12.74,14,5,361,1,12
2025-12-27 15:03:09.822246,605.48,6.26,73.68,0.0,10.96,15,5,361,1,12
2025-12-27 16:03:09.822246,504.57,11.79,60.86,4.44,0.0,16,5,361,1,12
2025-12-27 17:03:09.822246,571.4,2.05,56.91,0.0,2.66,17,5,361,1,12
2025-12-27 18:03:09.822246,595.85,-0.34,65.28,0.0,0.0,18,5,361,1,12
2025-12-27 19:03:09.822246,461.26,6.9,53.61,0.0,2.78,19,5,361,1,12
2025-12-27 20:03:09.822246,615.2,4.97,57.86,0.0,4.26,20,5,361,1,12
2025-12-27 21:03:09.822246,503.5,8.07,73.15,0.0,7.74,21,5,361,1,12
2025-12-27 22:03:09.822246,515.85,5.22,62.1,0.0,14.53,22,5,361,1,12
2025-12-27 23:03:09.822246,599.82,3.66,74.34,0.0,18.51,23,5,361,1,12
2025-12-28 00:03:09.822246,503.08,4.93,69.91,0.0,15.87,0,6,362,1,12
2025-12-28 01:03:09.822246,572.21,5.45,85.42,0.0,24.08,1,6,362,1,12
2025-12-28 02:03:09.822246,525.73,3.78,72.16,0.0,24.15,2,6,362,1,12
2025-12-28 03:03:09.822246,565.25,4.29,78.05,0.0,21.64,3,6,362,1,12
2025-12-28 04:03:09.822246,428.1,3.29,70.93,0.0,30.99,4,6,362,1,12
2025-12-28 05:03:09.822246,467.27,9.59,70.03,0.0,24.99,5,6,362,1,12
2025-12-28 06:03:09.822246,605.48,6.28,78.56,0.0,26.24,6,6,362,1,12
2025-12-28 07:03:09.822246,586.55,16.59,73.6,0.0,19.82,7,6,362,1,12
2025-12-28 08:03:09.822246,549.6,6.11,69.01,0.0,25.46,8,6,362,1,12
2025-12-28 09:03:09.822246,613.38,2.55,68.97,0.0,24.18,9,6,362,1,12
2025-12-28 10:03:09.822246,589.48,18.66,72.29,0.0,24.33,10,6,362,1,12
2025-12-28 11:03:09.822246,657.51,7.37,60.2,3.95,16.46,11,6,362,1,12
2025-12-28 12:03:09.822246,542.27,10.26,59.77,0.0,11.36,12,6,362,1,12
2025-12-28 13:03:09.822246,584.18,8.27,81.17,0.0,14.46,13,6,362,1,12
2025-12-28 14:03:09.822246,607.0,8.42,85.56,0.0,13.7,14,6,362,1,12
2025-12-28 15:03:09.822246,648.06,7.98,57.62,11.54,6.24,15,6,362,1,12
2025-12-28 16:03:09.822246,784.08,-0.2,60.22,0.0,2.14,16,6,362,1,12
2025-12-28 17:03:09.822246,554.97,7.14,78.34,0.0,3.28,17,6,362,1,12
2025-12-28 18:03:09.822246,549.53,-1.32,72.25,0.0,12.94,18,6,362,1,12
2025-12-28 19:03:09.822246,592.43,4.43,73.68,0.0,0.47,19,6,362,1,12
2025-12-28 20:03:09.822246,652.03,1.68,75.88,0.0,1.34,20,6,362,1,12
2025-12-28 21:03:09.822246,534.8,7.09,64.5,0.0,17.27,21,6,362,1,12
2025-12-28 22:03:09.822246,473.03,6.98,70.21,0.0,9.22,22,6,362,1,12
2025-12-28 23:03:09.822246,588.32,7.71,69.43,0.0,6.3,23,6,362,1,12
2025-12-29 00:03:09.822246,635.92,6.69,58.0,0.0,7.93,0,0,363,0,12
2025-12-29 01:03:09.822246,559.19,2.22,69.74,0.0,20.46,1,0,363,0,12
2025-12-29 02:03:09.822246,647.43,3.95,78.97,0.0,21.68,2,0,363,0,12
2025-12-29 03:03:09.822246,625.61,9.86,63.25,0.0,24.98,3,0,363,0,12
2025-12-29 04:03:09.822246,683.09,10.6,68.11,0.0,19.35,4,0,363,0,12
2025-12-29 05:03:09.822246,633.92,-0.48,68.66,0.0,18.72,5,0,363,0,12
2025-12-29 06:03:09.822246,618.64,-2.4,63.74,0.0,27.69,6,0,363,0,12
2025-12-29 07:03:09.822246,725.64,1.62,73.36,0.0,19.43,7,0,363,0,12
2025-12-29 08:03:09.822246,606.31,10.48,59.79,0.0,22.84,8,0,363,0,12
2025-12-29 09:03:09.822246,684.76,11.33,79.91,0.0,17.64,9,0,363,0,12
2025-12-29 10:03:09.822246,688.78,0.63,72.85,0.0,28.24,10,0,363,0,12
2025-12-29 11:03:09.822246,786.03,6.79,57.22,0.0,22.2,11,0,363,0,12
2025-12-29 12:03:09.822246,678.73,14.43,83.57,1.94,28.17,12,0,363,0,12
2025-12-29 13:03:09.822246,768.34,7.33,68.27,0.0,15.61,13,0,363,0,12
2025-12-29 14:03:09.822246,715.47,12.36,59.36,0.0,11.57,14,0,363,0,12
2025-12-29 15:03:09.822246,567.55,10.25,77.63,0.0,11.33,15,0,363,0,12
2025-12-29 16:03:09.822246,772.93,0.71,71.53,0.0,0.0,16,0,363,0,12
2025-12-29 17:03:09.822246,762.78,4.31,48.87,0.0,0.0,17,0,363,0,12
2025-12-29 18:03:09.822246,661.88,5.43,61.33,0.0,8.56,18,0,363,0,12
2025-12-29 19:03:09.822246,597.05,5.78,69.38,0.0,2.44,19,0,363,0,12
2025-12-29 20:03:09.822246,556.54,9.84,44.99,0.0,6.34,20,0,363,0,12
2025-12-29 21:03:09.822246,643.0,7.3,67.44,0.0,0.0,21,0,363,0,12
2025-12-29 22:03:09.822246,663.25,-9.42,68.17,0.0,7.41,22,0,363,0,12
2025-12-29 23:03:09.822246,742.22,-1.31,54.75,0.0,10.61,23,0,363,0,12
2025-12-30 00:03:09.822246,686.79,-5.73,68.97,0.0,19.62,0,1,364,0,12
2025-12-30 01:03:09.822246,497.96,6.09,66.34,0.0,18.25,1,1,364,0,12
2025-12-30 02:03:09.822246,633.86,6.41,54.35,0.0,13.1,2,1,364,0,12
2025-12-30 03:03:09.822246,609.61,6.63,75.46,0.0,19.47,3,1,364,0,12
2025-12-30 04:03:09.822246,627.2,0.42,74.64,0.0,29.21,4,1,364,0,12
2025-12-30 05:03:09.822246,587.94,8.58,63.36,0.0,22.4,5,1,364,0,12
2025-12-30 06:03:09.822246,660.0,8.79,64.28,0.0,29.5,6,1,364,0,12
2025-12-30 07:03:09.822246,741.46,-1.06,73.52,0.0,21.92,7,1,364,0,12
2025-12-30 08:03:09.822246,739.41,-2.12,64.26,0.0,25.33,8,1,364,0,12
2025-12-30 09:03:09.822246,697.73,5.21,46.95,0.0,22.36,9,1,364,0,12
2025-12-30 10:03:09.822246,683.67,14.17,71.13,0.0,19.46,10,1,364,0,12
2025-12-30 11:03:09.822246,700.28,13.71,58.13,0.0,11.03,11,1,364,0,12
2025-12-30 12:03:09.822246,636.96,8.03,62.36,0.0,6.93,12,1,364,0,12
2025-12-30 13:03:09.822246,752.05,1.56,80.84,0.0,13.63,13,1,364,0,12
2025-12-30 14:03:09.822246,755.42,9.64,64.92,0.0,10.19,14,1,364,0,12
2025-12-30 15:03:09.822246,810.19,2.95,66.28,0.0,5.26,15,1,364,0,12
2025-12-30 16:03:09.822246,755.79,1.37,71.36,0.0,1.97,16,1,364,0,12
2025-12-30 17:03:09.822246,688.68,-5.51,71.32,0.0,12.03,17,1,364,0,12
2025-12-30 18:03:09.822246,658.21,5.72,57.07,0.0,9.95,18,1,364,0,12
2025-12-30 19:03:09.822246,612.85,2.06,65.66,0.0,9.07,19,1,364,0,12
2025-12-30 20:03:09.822246,644.87,5.69,66.62,0.0,14.4,20,1,364,0,12
2025-12-30 21:03:09.822246,671.07,-6.29,68.98,0.0,2.44,21,1,364,0,12
2025-12-30 22:03:09.822246,572.43,6.06,69.15,10.31,11.38,22,1,364,0,12
2025-12-30 23:03:09.822246,721.36,-6.94,92.14,0.0,5.46,23,1,364,0,12
2025-12-31 00:03:09.822246,518.06,10.61,54.18,0.0,12.99,0,2,365,0,12
2025-12-31 01:03:09.822246,533.16,7.78,75.74,0.0,16.04,1,2,365,0,12
2025-12-31 02:03:09.822246,592.52,3.78,77.77,3.34,16.6,2,2,365,0,12
2025-12-31 03:03:09.822246,626.28,7.98,70.86,0.0,21.87,3,2,365,0,12
2025-12-31 04:03:09.822246,636.29,0.28,59.43,0.0,34.41,4,2,365,0,12
2025-12-31 05:03:09.822246,503.77,5.53,82.58,0.0,25.97,5,2,365,0,12
2025-12-31 06:03:09.822246,556.04,9.14,44.01,0.0,29.9,6,2,365,0,12
2025-12-31 07:03:09.822246,769.66,-10.3,59.1,5.48,25.18,7,2,365,0,12
2025-12-31 08:03:09.822246,743.11,2.93,77.65,0.0,15.29,8,2,365,0,12
2025-12-31 09:03:09.822246,723.65,5.06,62.23,0.0,18.92,9,2,365,0,12
2025-12-31 10:03:09.822246,814.13,4.19,81.9,0.0,17.32,10,2,365,0,12
2025-12-31 11:03:09.822246,706.42,12.46,50.82,0.0,17.38,11,2,365,0,12
2025-12-31 12:03:09.822246,703.36,-0.45,54.81,0.0,18.02,12,2,365,0,12
2025-12-31 13:03:09.822246,699.13,2.06,60.62,0.0,16.72,13,2,365,0,12
2025-12-31 14:03:09.822246,696.44,-4.41,70.11,0.0,11.74,14,2,365,0,12
2025-12-31 15:03:09.822246,647.74,12.72,63.71,0.0,13.23,15,2,365,0,12
2025-12-31 16:03:09.822246,726.66,3.94,61.03,0.0,3.08,16,2,365,0,12
2025-12-31 17:03:09.822246,670.25,2.98,80.14,0.0,8.15,17,2,365,0,12
2025-12-31 18:03:09.822246,695.89,4.91,81.07,0.0,7.5,18,2,365,0,12
2025-12-31 19:03:09.822246,584.61,8.35,61.79,0.0,9.85,19,2,365,0,12
2025-12-31 20:03:09.822246,676.33,6.91,48.84,0.0,2.67,20,2,365,0,12
2025-12-31 21:03:09.822246,591.22,18.41,44.36,0.0,17.14,21,2,365,0,12
2025-12-31 22:03:09.822246,693.89,7.44,68.33,0.0,6.06,22,2,365,0,12
2025-12-31 23:03:09.822246,639.48,2.84,72.49,5.83,10.09,23,2,365,0,12
2026-01-01 00:03:09.822246,698.13,2.33,66.23,0.0,18.73,0,3,1,0,1
2026-01-01 01:03:09.822246,706.43,3.17,64.9,0.0,9.74,1,3,1,0,1
2026-01-01 02:03:09.822246,670.14,-2.38,57.56,0.0,15.33,2,3,1,0,1
2026-01-01 03:03:09.822246,656.15,5.33,72.15,0.0,22.5,3,3,1,0,1
2026-01-01 04:03:09.822246,657.94,9.05,82.39,0.0,14.54,4,3,1,0,1
2026-01-01 05:03:09.822246,636.23,2.07,43.44,0.0,20.67,5,3,1,0,1
2026-01-01 06:03:09.822246,557.41,1.1,64.83,0.0,25.44,6,3,1,0,1
2026-01-01 07:03:09.822246,705.58,12.71,55.9,0.0,20.55,7,3,1,0,1
2026-01-01 08:03:09.822246,680.03,-2.0,50.7,0.0,32.57,8,3,1,0,1
2026-01-01 09:03:09.822246,769.91,-5.21,54.3,0.0,25.7,9,3,1,0,1
2026-01-01 10:03:09.822246,784.31,-0.63,69.4,1.69,22.26,10,3,1,0,1
2026-01-01 11:03:09.822246,739.88,-2.57,69.65,0.0,18.29,11,3,1,0,1
2026-01-01 12:03:09.822246,666.84,7.06,80.21,0.0,18.83,12,3,1,0,1
2026-01-01 13:03:09.822246,744.94,3.33,65.69,0.0,12.7,13,3,1,0,1
2026-01-01 14:03:09.822246,650.07,4.03,48.02,0.0,5.04,14,3,1,0,1
2026-01-01 15:03:09.822246,694.06,10.9,63.22,0.0,9.64,15,3,1,0,1
2026-01-01 16:03:09.822246,679.6,1.68,51.74,0.0,2.76,16,3,1,0,1
2026-01-01 17:03:09.822246,636.36,9.01,53.54,0.0,7.48,17,3,1,0,1
2026-01-01 18:03:09.822246,557.52,12.69,71.41,0.0,6.48,18,3,1,0,1
2026-01-01 19:03:09.822246,743.0,2.85,67.55,0.0,2.18,19,3,1,0,1
2026-01-01 20:03:09.822246,631.26,8.82,71.48,0.0,16.63,20,3,1,0,1
2026-01-01 21:03:09.822246,673.98,3.92,62.03,2.76,14.3,21,3,1,0,1
2026-01-01 22:03:09.822246,621.27,9.75,73.51,0.0,9.73,22,3,1,0,1
2026-01-01 23:03:09.822246,661.06,-2.72,61.47,0.0,14.95,23,3,1,0,1
2026-01-02 00:03:09.822246,700.72,-3.13,76.44,0.0,16.67,0,4,2,0,1
2026-01-02 01:03:09.822246,650.6,3.14,68.72,0.0,14.88,1,4,2,0,1
2026-01-02 02:03:09.822246,617.28,0.66,63.2,0.0,22.86,2,4,2,0,1
2026-01-02 03:03:09.822246,733.06,2.52,67.39,0.0,21.09,3,4,2,0,1
2026-01-02 04:03:09.822246,623.48,4.0,65.09,0.0,16.64,4,4,2,0,1
2026-01-02 05:03:09.822246,490.57,8.7,81.23,0.0,22.1,5,4,2,0,1
2026-01-02 06:03:09.822246,759.46,3.06,67.73,0.0,22.47,6,4,2,0,1
2026-01-02 07:03:09.822246,673.64,0.98,65.26,0.0,14.99,7,4,2,0,1
2026-01-02 08:03:09.822246,679.77,3.34,62.89,0.0,30.34,8,4,2,0,1
2026-01-02 09:03:09.822246,641.92,1.26,73.71,0.0,19.44,9,4,2,0,1
2026-01-02 10:03:09.822246,791.21,0.43,72.35,0.0,18.11,10,4,2,0,1
2026-01-02 11:03:09.822246,659.14,-2.96,62.53,0.0,28.84,11,4,2,0,1
2026-01-02 12:03:09.822246,744.25,5.45,53.72,0.0,10.13,12,4,2,0,1
2026-01-02 13:03:09.822246,788.61,2.26,56.25,0.0,11.94,13,4,2,0,1
2026-01-02 14:03:09.822246,731.68,9.93,63.43,0.0,2.05,14,4,2,0,1
2026-01-02 15:03:09.822246,730.87,-2.14,78.76,0.0,4.73,15,4,2,0,1
2026-01-02 16:03:09.822246,604.35,2.39,62.77,0.0,3.73,16,4,2,0,1
2026-01-02 17:03:09.822246,567.88,14.17,59.33,0.0,10.94,17,4,2,0,1
2026-01-02 18:03:09.822246,656.8,0.4,47.67,0.0,0.83,18,4,2,0,1
2026-01-02 19:03:09.822246,578.38,3.92,80.41,0.0,9.59,19,4,2,0,1
2026-01-02 20:03:09.822246,648.63,-0.98,70.96,0.0,19.84,20,4,2,0,1
2026-01-02 21:03:09.822246,710.54,-1.64,73.23,0.0,16.68,21,4,2,0,1
2026-01-02 22:03:09.822246,654.79,12.84,74.89,0.0,0.0,22,4,2,0,1
2026-01-02 23:03:09.822246,508.32,5.96,63.63,0.0,14.88,23,4,2,0,1
2026-01-03 00:03:09.822246,655.72,5.74,65.79,0.0,22.86,0,5,3,1,1
2026-01-03 01:03:09.822246,629.61,-3.41,79.83,0.0,13.45,1,5,3,1,1
2026-01-03 02:03:09.822246,553.42,6.87,66.74,0.0,19.57,2,5,3,1,1
2026-01-03 03:03:09.822246,588.63,10.86,70.82,0.0,20.51,3,5,3,1,1
2026-01-03 04:03:09.822246,656.71,10.82,73.65,0.0,28.43,4,5,3,1,1
2026-01-03 05:03:09.822246,457.86,8.42,71.37,0.0,22.28,5,5,3,1,1
2026-01-03 06:03:09.822246,556.18,-0.57,63.66,0.0,34.56,6,5,3,1,1
2026-01-03 07:03:09.822246,418.13,6.64,64.6,0.0,30.81,7,5,3,1,1
2026-01-03 08:03:09.822246,594.08,8.41,72.72,0.0,15.82,8,5,3,1,1
2026-01-03 09:03:09.822246,655.82,-3.9,72.7,0.0,14.29,9,5,3,1,1
2026-01-03 10:03:09.822246,651.92,-0.53,76.62,0.0,21.05,10,5,3,1,1
2026-01-03 11:03:09.822246,567.18,9.51,70.45,0.0,16.52,11,5,3,1,1
2026-01-03 12:03:09.822246,556.1,9.45,70.91,0.0,14.62,12,5,3,1,1
2026-01-03 13:03:09.822246,681.71,-2.67,60.48,3.04,9.56,13,5,3,1,1
2026-01-03 14:03:09.822246,675.61,9.05,59.13,0.0,4.69,14,5,3,1,1
2026-01-03 15:03:09.822246,603.16,5.55,72.75,0.0,8.06,15,5,3,1,1
2026-01-03 16:03:09.822246,628.62,8.98,59.2,0.0,8.7,16,5,3,1,1
2026-01-03 17:03:09.822246,502.07,1.9,64.73,0.0,10.55,17,5,3,1,1
2026-01-03 18:03:09.822246,590.53,8.3,78.73,0.0,11.02,18,5,3,1,1
2026-01-03 19:03:09.822246,506.87,9.29,77.15,0.0,5.55,19,5,3,1,1
2026-01-03 20:03:09.822246,547.25,3.32,67.96,0.0,8.13,20,5,3,1,1
2026-01-03 21:03:09.822246,515.76,5.16,61.98,0.0,0.0,21,5,3,1,1
2026-01-03 22:03:09.822246,523.53,1.83,63.71,0.0,13.59,22,5,3,1,1
2026-01-03 23:03:09.822246,513.74,13.33,73.62,0.0,19.11,23,5,3,1,1
2026-01-04 00:03:09.822246,488.72,4.45,64.24,0.0,18.28,0,6,4,1,1
2026-01-04 01:03:09.822246,577.9,0.44,59.02,0.0,17.35,1,6,4,1,1
2026-01-04 02:03:09.822246,580.46,1.47,76.76,0.0,15.21,2,6,4,1,1
2026-01-04 03:03:09.822246,520.84,5.68,66.42,0.0,17.29,3,6,4,1,1
2026-01-04 04:03:09.822246,610.64,8.82,58.83,0.0,22.69,4,6,4,1,1
2026-01-04 05:03:09.822246,512.59,-1.63,69.4,0.0,26.95,5,6,4,1,1
2026-01-04 06:03:09.822246,486.04,14.29,74.32,0.0,14.65,6,6,4,1,1
2026-01-04 07:03:09.822246,531.89,6.59,54.53,0.0,18.04,7,6,4,1,1
2026-01-04 08:03:09.822246,678.81,7.38,62.6,0.0,28.36,8,6,4,1,1
2026-01-04 09:03:09.822246,644.34,4.56,62.14,0.0,30.71,9,6,4,1,1
2026-01-04 10:03:09.822246,584.7,5.15,69.13,0.0,19.13,10,6,4,1,1
2026-01-04 11:03:09.822246,694.07,4.31,70.93,0.0,20.87,11,6,4,1,1
2026-01-04 12:03:09.822246,645.1,10.14,59.09,0.0,14.42,12,6,4,1,1
2026-01-04 13:03:09.822246,676.03,5.01,49.68,0.0,13.03,13,6,4,1,1
2026-01-04 14:03:09.822246,629.96,8.89,74.92,0.0,4.52,14,6,4,1,1
2026-01-04 15:03:09.822246,597.92,2.88,53.41,0.0,10.71,15,6,4,1,1
2026-01-04 16:03:09.822246,622.33,6.03,67.32,9.66,2.63,16,6,4,1,1
2026-01-04 17:03:09.822246,539.29,1.03,63.29,0.0,6.56,17,6,4,1,1
2026-01-04 18:03:09.822246,616.27,11.13,66.23,0.0,8.76,18,6,4,1,1
2026-01-04 19:03:09.822246,523.24,0.88,81.12,0.0,8.48,19,6,4,1,1
2026-01-04 20:03:09.822246,622.49,3.43,94.99,0.41,2.31,20,6,4,1,1
2026-01-04 21:03:09.822246,584.28,3.48,48.27,0.0,9.28,21,6,4,1,1
2026-01-04 22:03:09.822246,561.42,3.28,74.45,0.0,7.12,22,6,4,1,1
2026-01-04 23:03:09.822246,582.47,8.66,63.04,2.41,16.11,23,6,4,1,1
2026-01-05 00:03:09.822246,613.9,3.45,74.75,0.0,19.18,0,0,5,0,1
2026-01-05 01:03:09.822246,624.85,12.0,73.84,0.0,21.49,1,0,5,0,1
2026-01-05 02:03:09.822246,515.9,0.94,78.37,0.0,27.49,2,0,5,0,1
2026-01-05 03:03:09.822246,594.84,5.88,67.12,0.0,24.75,3,0,5,0,1
2026-01-05 04:03:09.822246,609.09,1.15,55.37,0.0,31.44,4,0,5,0,1
2026-01-05 05:03:09.822246,529.86,7.14,73.55,0.78,28.41,5,0,5,0,1
2026-01-05 06:03:09.822246,630.63,4.95,65.45,0.0,21.65,6,0,5,0,1
2026-01-05 07:03:09.822246,702.93,4.26,61.93,0.0,26.02,7,0,5,0,1
2026-01-05 08:03:09.822246,706.99,10.97,59.51,0.0,29.19,8,0,5,0,1
2026-01-05 09:03:09.822246,748.22,1.76,74.33,0.0,27.97,9,0,5,0,1
2026-01-05 10:03:09.822246,652.99,7.96,80.3,0.0,18.08,10,0,5,0,1
2026-01-05 11:03:09.822246,781.92,1.19,52.32,0.0,15.61,11,0,5,0,1
2026-01-05 12:03:09.822246,707.2,5.59,70.49,0.0,18.37,12,0,5,0,1
2026-01-05 13:03:09.822246,803.58,-0.95,60.55,0.0,8.84,13,0,5,0,1
2026-01-05 14:03:09.822246,753.35,1.72,49.6,0.0,9.32,14,0,5,0,1
2026-01-05 15:03:09.822246,727.82,4.62,65.75,0.0,8.81,15,0,5,0,1
2026-01-05 16:03:09.822246,595.72,14.1,55.94,0.0,5.94,16,0,5,0,1
2026-01-05 17:03:09.822246,585.54,5.54,48.49,0.0,9.79,17,0,5,0,1
2026-01-05 18:03:09.822246,558.24,13.3,56.45,0.0,9.09,18,0,5,0,1
2026-01-05 19:03:09.822246,583.82,6.13,53.99,0.0,6.48,19,0,5,0,1
2026-01-05 20:03:09.822246,645.86,3.1,57.8,0.0,1.07,20,0,5,0,1
2026-01-05 21:03:09.822246,624.32,12.73,51.01,3.37,15.25,21,0,5,0,1
2026-01-05 22:03:09.822246,633.51,7.22,60.32,0.0,6.52,22,0,5,0,1
2026-01-05 23:03:09.822246,668.86,1.82,57.14,0.0,9.97,23,0,5,0,1
2026-01-06 00:03:09.822246,601.14,7.37,67.69,0.0,11.16,0,1,6,0,1
2026-01-06 01:03:09.822246,609.81,3.55,69.87,0.0,10.37,1,1,6,0,1
2026-01-06 02:03:09.822246,629.71,-4.93,66.53,0.0,25.17,2,1,6,0,1
2026-01-06 03:03:09.822246,497.39,9.7,61.58,0.0,31.34,3,1,6,0,1
2026-01-06 04:03:09.822246,566.41,10.49,61.31,0.0,17.51,4,1,6,0,1
2026-01-06 05:03:09.822246,629.23,14.21,55.56,0.0,15.67,5,1,6,0,1
2026-01-06 06:03:09.822246,567.47,7.13,55.8,0.0,25.84,6,1,6,0,1
2026-01-06 07:03:09.822246,671.54,3.77,70.97,0.0,26.49,7,1,6,0,1
2026-01-06 08:03:09.822246,659.14,9.19,46.34,0.0,13.07,8,1,6,0,1
2026-01-06 09:03:09.822246,741.31,9.27,63.13,0.0,16.94,9,1,6,0,1
2026-01-06 10:03:09.822246,625.21,13.21,60.7,0.0,26.67,10,1,6,0,1
2026-01-06 11:03:09.822246,766.64,4.79,69.92,0.0,20.69,11,1,6,0,1
2026-01-06 12:03:09.822246,807.24,4.19,49.68,0.0,21.63,12,1,6,0,1
2026-01-06 13:03:09.822246,741.76,1.44,64.06,0.0,7.24,13,1,6,0,1
2026-01-06 14:03:09.822246,693.23,7.7,67.36,0.0,10.03,14,1,6,0,1
2026-01-06 15:03:09.822246,801.92,-2.72,44.89,0.0,7.65,15,1,6,0,1
2026-01-06 16:03:09.822246,683.28,8.9,53.19,0.0,11.75,16,1,6,0,1
2026-01-06 17:03:09.822246,579.94,7.96,63.02,0.0,2.19,17,1,6,0,1
2026-01-06 18:03:09.822246,542.06,7.94,69.07,0.0,2.48,18,1,6,0,1
2026-01-06 19:03:09.822246,621.55,5.71,65.76,0.0,7.91,19,1,6,0,1
2026-01-06 20:03:09.822246,521.32,12.68,69.54,0.0,10.28,20,1,6,0,1
2026-01-06 21:03:09.822246,583.99,9.38,53.14,0.0,5.67,21,1,6,0,1
2026-01-06 22:03:09.822246,645.42,1.98,48.05,0.0,11.19,22,1,6,0,1
2026-01-06 23:03:09.822246,713.22,2.07,64.78,0.0,17.14,23,1,6,0,1
2026-01-07 00:03:09.822246,665.41,0.61,51.3,0.0,16.59,0,2,7,0,1
2026-01-07 01:03:09.822246,636.64,7.76,54.94,0.0,15.39,1,2,7,0,1
2026-01-07 02:03:09.822246,731.35,0.01,72.92,0.0,21.53,2,2,7,0,1
2026-01-07 03:03:09.822246,677.87,10.42,65.49,0.0,25.34,3,2,7,0,1
2026-01-07 04:03:09.822246,606.14,11.62,57.91,19.12,24.08,4,2,7,0,1
2026-01-07 05:03:09.822246,574.7,0.61,56.62,0.0,27.35,5,2,7,0,1
2026-01-07 06:03:09.822246,678.05,4.08,69.8,0.0,29.8,6,2,7,0,1
2026-01-07 07:03:09.822246,713.21,5.09,65.72,0.0,26.77,7,2,7,0,1
2026-01-07 08:03:09.822246,664.51,9.43,51.45,0.0,28.0,8,2,7,0,1
2026-01-07 09:03:09.822246,751.12,13.05,44.12,0.0,21.27,9,2,7,0,1
2026-01-07 10:03:09.822246,818.59,-3.42,82.41,0.0,17.62,10,2,7,0,1
2026-01-07 11:03:09.822246,798.85,3.42,51.37,16.05,24.7,11,2,7,0,1
2026-01-07 12:03:09.822246,816.69,3.68,68.87,0.0,3.82,12,2,7,0,1
2026-01-07 13:03:09.822246,827.41,-2.0,78.7,0.0,14.53,13,2,7,0,1
2026-01-07 14:03:09.822246,625.32,2.58,65.07,0.0,8.5,14,2,7,0,1
2026-01-07 15:03:09.822246,632.72,7.15,57.59,0.0,11.36,15,2,7,0,1
2026-01-07 16:03:09.822246,764.1,3.61,49.33,0.0,0.44,16,2,7,0,1
2026-01-07 17:03:09.822246,643.74,-2.72,49.2,0.0,7.17,17,2,7,0,1
2026-01-07 18:03:09.822246,577.61,19.38,67.36,0.0,7.97,18,2,7,0,1
2026-01-07 19:03:09.822246,570.03,6.34,78.11,0.0,7.35,19,2,7,0,1
2026-01-07 20:03:09.822246,694.29,5.57,59.64,0.0,1.99,20,2,7,0,1
2026-01-07 21:03:09.822246,752.69,-0.48,58.04,3.27,4.93,21,2,7,0,1
2026-01-07 22:03:09.822246,578.15,6.31,70.57,0.0,13.52,22,2,7,0,1
2026-01-07 23:03:09.822246,654.35,4.19,56.74,0.0,11.89,23,2,7,0,1
2026-01-08 00:03:09.822246,654.77,-4.44,66.0,0.0,5.03,0,3,8,0,1
2026-01-08 01:03:09.822246,699.3,-0.35,63.67,0.0,15.22,1,3,8,0,1
2026-01-08 02:03:09.822246,647.65,8.98,59.16,0.0,25.93,2,3,8,0,1
2026-01-08 03:03:09.822246,643.99,14.72,63.1,0.0,21.35,3,3,8,0,1
2026-01-08 04:03:09.822246,645.51,6.84,80.89,0.0,17.07,4,3,8,0,1
2026-01-08 05:03:09.822246,751.28,10.52,69.3,0.0,22.88,5,3,8,0,1
2026-01-08 06:03:09.822246,581.97,4.22,74.18,0.0,24.91,6,3,8,0,1
2026-01-08 07:03:09.822246,569.95,4.57,54.07,0.0,20.92,7,3,8,0,1
2026-01-08 08:03:09.822246,632.22,10.46,74.22,0.0,30.4,8,3,8,0,1
2026-01-08 09:03:09.822246,602.52,13.32,69.65,0.0,20.58,9,3,8,0,1
2026-01-08 10:03:09.822246,640.63,11.51,48.26,0.0,18.88,10,3,8,0,1
2026-01-08 11:03:09.822246,723.68,-0.33,68.65,0.0,16.83,11,3,8,0,1
2026-01-08 12:03:09.822246,696.33,4.67,58.12,0.0,5.98,12,3,8,0,1
2026-01-08 13:03:09.822246,678.38,6.39,47.8,0.0,14.3,13,3,8,0,1
2026-01-08 14:03:09.822246,758.37,3.7,64.55,0.0,7.05,14,3,8,0,1
2026-01-08 15:03:09.822246,675.29,6.94,68.65,0.0,0.0,15,3,8,0,1
2026-01-08 16:03:09.822246,643.26,9.1,64.77,0.0,0.0,16,3,8,0,1
2026-01-08 17:03:09.822246,665.77,10.02,62.16,0.0,5.08,17,3,8,0,1
2026-01-08 18:03:09.822246,555.9,13.43,59.95,0.0,11.15,18,3,8,0,1
2026-01-08 19:03:09.822246,612.57,3.35,87.92,0.0,8.93,19,3,8,0,1
2026-01-08 20:03:09.822246,671.21,-1.82,51.43,0.0,9.12,20,3,8,0,1
2026-01-08 21:03:09.822246,515.04,6.79,71.99,0.0,8.44,21,3,8,0,1
2026-01-08 22:03:09.822246,491.97,14.42,63.41,0.0,11.91,22,3,8,0,1
2026-01-08 23:03:09.822246,693.71,2.62,54.71,0.0,12.9,23,3,8,0,1
2026-01-09 00:03:09.822246,642.18,8.43,62.43,0.0,11.32,0,4,9,0,1
2026-01-09 01:03:09.822246,721.76,8.48,48.99,0.0,14.1,1,4,9,0,1
2026-01-09 02:03:09.822246,652.27,5.96,56.96,0.0,20.08,2,4,9,0,1
2026-01-09 03:03:09.822246,657.61,5.03,62.45,0.0,18.25,3,4,9,0,1
2026-01-09 04:03:09.822246,650.44,0.38,47.4,0.0,15.24,4,4,9,0,1
2026-01-09 05:03:09.822246,746.28,-6.41,67.98,0.0,27.66,5,4,9,0,1
2026-01-09 06:03:09.822246,744.63,-0.56,53.28,0.0,27.19,6,4,9,0,1
2026-01-09 07:03:09.822246,562.05,3.05,48.4,0.0,16.13,7,4,9,0,1
2026-01-09 08:03:09.822246,676.27,10.49,52.11,0.0,17.5,8,4,9,0,1
2026-01-09 09:03:09.822246,810.05,4.48,84.68,0.0,23.76,9,4,9,0,1
2026-01-09 10:03:09.822246,756.93,2.41,43.14,0.0,14.27,10,4,9,0,1
2026-01-09 11:03:09.822246,842.22,0.55,67.28,0.0,17.73,11,4,9,0,1
2026-01-09 12:03:09.822246,645.93,8.28,55.4,0.0,19.21,12,4,9,0,1
2026-01-09 13:03:09.822246,707.35,11.79,59.41,0.0,10.1,13,4,9,0,1
2026-01-09 14:03:09.822246,677.12,10.32,68.96,0.0,13.31,14,4,9,0,1
2026-01-09 15:03:09.822246,592.76,8.03,68.46,0.0,5.4,15,4,9,0,1
2026-01-09 16:03:09.822246,663.88,-2.38,56.11,0.0,4.69,16,4,9,0,1
2026-01-09 17:03:09.822246,617.33,3.24,49.34,0.0,7.42,17,4,9,0,1
2026-01-09 18:03:09.822246,631.41,14.74,69.14,0.0,8.36,18,4,9,0,1
2026-01-09 19:03:09.822246,639.46,10.61,68.44,0.0,0.0,19,4,9,0,1
2026-01-09 20:03:09.822246,677.45,-2.69,60.07,0.0,0.0,20,4,9,0,1
2026-01-09 21:03:09.822246,692.23,4.72,67.34,0.0,0.3,21,4,9,0,1
2026-01-09 22:03:09.822246,607.03,6.82,58.46,1.54,18.38,22,4,9,0,1
2026-01-09 23:03:09.822246,692.67,1.19,54.65,6.31,10.23,23,4,9,0,1
2026-01-10 00:03:09.822246,622.58,-6.54,62.61,0.0,11.51,0,5,10,1,1
2026-01-10 01:03:09.822246,563.88,5.5,67.77,0.0,19.05,1,5,10,1,1
2026-01-10 02:03:09.822246,560.41,1.06,65.67,0.0,11.72,2,5,10,1,1
2026-01-10 03:03:09.822246,612.92,1.08,67.67,0.0,20.2,3,5,10,1,1
2026-01-10 04:03:09.822246,544.89,3.23,54.97,0.0,23.7,4,5,10,1,1
2026-01-10 05:03:09.822246,619.14,4.34,78.39,6.23,19.8,5,5,10,1,1
2026-01-10 06:03:09.822246,515.14,4.96,59.15,0.0,19.22,6,5,10,1,1
2026-01-10 07:03:09.822246,558.26,0.58,61.39,0.0,22.77,7,5,10,1,1
2026-01-10 08:03:09.822246,662.56,3.9,49.39,0.0,21.21,8,5,10,1,1
2026-01-10 09:03:09.822246,697.44,-3.78,60.64,0.0,19.47,9,5,10,1,1
2026-01-10 10:03:09.822246,620.16,6.56,67.9,0.0,12.53,10,5,10,1,1
2026-01-10 11:03:09.822246,766.15,-9.28,70.2,0.0,10.08,11,5,10,1,1
2026-01-10 12:03:09.822246,600.32,3.56,78.19,0.0,21.29,12,5,10,1,1
2026-01-10 13:03:09.822246,592.33,9.6,67.78,0.0,5.86,13,5,10,1,1
2026-01-10 14:03:09.822246,745.28,-0.29,65.34,0.0,8.97,14,5,10,1,1
2026-01-10 15:03:09.822246,679.41,8.59,58.11,0.0,7.11,15,5,10,1,1
2026-01-10 16:03:09.822246,644.68,10.78,55.96,0.0,3.94,16,5,10,1,1
2026-01-10 17:03:09.822246,660.67,-11.54,72.28,0.0,4.53,17,5,10,1,1
2026-01-10 18:03:09.822246,634.34,4.25,72.09,0.0,3.22,18,5,10,1,1
2026-01-10 19:03:09.822246,585.92,-9.38,51.8,0.0,3.26,19,5,10,1,1
2026-01-10 20:03:09.822246,504.51,4.41,69.81,0.0,11.61,20,5,10,1,1
2026-01-10 21:03:09.822246,476.92,4.97,69.08,0.0,3.16,21,5,10,1,1
2026-01-10 22:03:09.822246,698.87,-7.41,51.44,0.0,6.82,22,5,10,1,1
2026-01-10 23:03:09.822246,481.78,14.63,67.98,0.0,16.98,23,5,10,1,1
2026-01-11 00:03:09.822246,536.93,6.44,51.74,0.0,12.05,0,6,11,1,1
2026-01-11 01:03:09.822246,509.52,0.77,37.94,13.41,15.35,1,6,11,1,1
2026-01-11 02:03:09.822246,554.54,12.34,60.63,0.0,16.98,2,6,11,1,1
2026-01-11 03:03:09.822246,630.76,-3.97,64.81,0.0,27.31,3,6,11,1,1
2026-01-11 04:03:09.822246,539.88,-1.13,61.08,0.0,28.1,4,6,11,1,1
2026-01-11 05:03:09.822246,632.42,-6.49,90.9,0.0,18.73,5,6,11,1,1
2026-01-11 06:03:09.822246,449.43,14.02,66.02,0.0,32.07,6,6,11,1,1
2026-01-11 07:03:09.822246,524.15,6.67,63.7,0.0,13.83,7,6,11,1,1
2026-01-11 08:03:09.822246,496.84,8.31,66.53,0.0,15.28,8,6,11,1,1
2026-01-11 09:03:09.822246,585.63,6.52,57.82,7.88,14.15,9,6,11,1,1
2026-01-11 10:03:09.822246,625.42,7.88,71.53,0.0,14.49,10,6,11,1,1
2026-01-11 11:03:09.822246,556.67,5.4,65.84,0.0,15.43,11,6,11,1,1
2026-01-11 12:03:09.822246,581.65,6.37,65.38,0.0,9.64,12,6,11,1,1
2026-01-11 13:03:09.822246,641.01,5.55,55.99,0.0,6.36,13,6,11,1,1
2026-01-11 14:03:09.822246,620.92,1.97,46.59,5.23,12.31,14,6,11,1,1
2026-01-11 15:03:09.822246,729.85,4.78,57.22,0.0,6.11,15,6,11,1,1
2026-01-11 16:03:09.822246,676.97,6.38,65.06,0.0,10.01,16,6,11,1,1
2026-01-11 17:03:09.822246,555.17,5.56,57.79,0.0,9.65,17,6,11,1,1
2026-01-11 18:03:09.822246,616.33,-2.38,65.15,0.0,5.48,18,6,11,1,1
2026-01-11 19:03:09.822246,623.41,-1.71,59.91,0.0,8.51,19,6,11,1,1
2026-01-11 20:03:09.822246,479.18,10.43,66.54,0.0,5.07,20,6,11,1,1
2026-01-11 21:03:09.822246,471.32,3.48,52.46,0.0,1.38,21,6,11,1,1
2026-01-11 22:03:09.822246,529.91,7.93,64.16,0.0,2.62,22,6,11,1,1
2026-01-11 23:03:09.822246,563.86,-0.45,55.82,0.0,2.38,23,6,11,1,1
2026-01-12 00:03:09.822246,629.36,-2.34,46.51,0.0,18.48,0,0,12,0,1
2026-01-12 01:03:09.822246,694.98,0.81,60.24,0.0,17.99,1,0,12,0,1
2026-01-12 02:03:09.822246,631.63,3.91,77.25,0.0,4.83,2,0,12,0,1
2026-01-12 03:03:09.822246,590.8,1.7,47.3,0.0,24.91,3,0,12,0,1
2026-01-12 04:03:09.822246,589.94,11.49,63.08,0.0,23.6,4,0,12,0,1
2026-01-12 05:03:09.822246,633.1,5.92,69.87,0.0,19.75,5,0,12,0,1
2026-01-12 06:03:09.822246,534.17,14.27,84.89,0.0,20.02,6,0,12,0,1
2026-01-12 07:03:09.822246,699.12,7.05,56.96,0.0,22.88,7,0,12,0,1
2026-01-12 08:03:09.822246,625.59,-7.04,55.57,0.0,29.24,8,0,12,0,1
2026-01-12 09:03:09.822246,608.25,10.3,50.22,0.0,21.9,9,0,12,0,1
2026-01-12 10:03:09.822246,748.19,-2.52,73.3,0.0,16.04,10,0,12,0,1
2026-01-12 11:03:09.822246,708.5,6.18,53.22,0.0,28.33,11,0,12,0,1
2026-01-12 12:03:09.822246,750.0,1.15,58.18,0.0,19.58,12,0,12,0,1
2026-01-12 13:03:09.822246,759.09,15.74,43.4,0.0,16.9,13,0,12,0,1
2026-01-12 14:03:09.822246,665.7,12.22,70.73,0.0,14.84,14,0,12,0,1
2026-01-12 15:03:09.822246,841.27,1.31,73.47,0.0,13.84,15,0,12,0,1
2026-01-12 16:03:09.822246,686.58,4.39,70.35,0.0,8.44,16,0,12,0,1
2026-01-12 17:03:09.822246,695.53,6.25,45.84,0.0,5.44,17,0,12,0,1
2026-01-12 18:03:09.822246,604.74,9.34,67.96,0.51,5.53,18,0,12,0,1
2026-01-12 19:03:09.822246,757.25,5.17,45.16,0.0,0.0,19,0,12,0,1
2026-01-12 20:03:09.822246,597.96,-0.1,62.47,0.0,0.0,20,0,12,0,1
2026-01-12 21:03:09.822246,604.48,1.44,63.94,0.0,11.48,21,0,12,0,1
2026-01-12 22:03:09.822246,616.34,5.0,64.99,0.0,19.1,22,0,12,0,1
2026-01-12 23:03:09.822246,569.41,11.2,67.24,0.0,10.52,23,0,12,0,1
2026-01-13 00:03:09.822246,525.34,7.18,61.47,0.0,21.94,0,1,13,0,1
2026-01-13 01:03:09.822246,674.37,1.17,41.92,0.0,25.26,1,1,13,0,1
2026-01-13 02:03:09.822246,686.25,8.28,66.9,0.72,17.42,2,1,13,0,1
2026-01-13 03:03:09.822246,621.2,3.11,62.52,0.0,28.12,3,1,13,0,1
2026-01-13 04:03:09.822246,589.21,9.49,52.52,0.0,26.82,4,1,13,0,1
2026-01-13 05:03:09.822246,528.77,17.68,45.85,0.0,23.03,5,1,13,0,1
2026-01-13 06:03:09.822246,704.55,3.25,76.95,4.34,27.66,6,1,13,0,1
2026-01-13 07:03:09.822246,600.91,9.05,73.86,0.0,26.09,7,1,13,0,1
2026-01-13 08:03:09.822246,781.28,1.31,68.61,0.0,13.84,8,1,13,0,1
2026-01-13 09:03:09.822246,824.42,4.48,54.78,0.0,34.52,9,1,13,0,1
2026-01-13 10:03:09.822246,733.54,5.19,36.38,0.0,14.63,10,1,13,0,1
2026-01-13 11:03:09.822246,708.2,4.07,69.19,0.0,18.57,11,1,13,0,1
2026-01-13 12:03:09.822246,711.58,17.36,65.21,0.0,24.17,12,1,13,0,1
2026-01-13 13:03:09.822246,783.74,3.51,57.8,1.4,11.05,13,1,13,0,1
2026-01-13 14:03:09.822246,706.04,7.97,72.8,0.0,6.29,14,1,13,0,1
2026-01-13 15:03:09.822246,723.99,-4.61,70.03,0.0,8.58,15,1,13,0,1
2026-01-13 16:03:09.822246,582.31,7.2,63.31,0.0,4.61,16,1,13,0,1
2026-01-13 17:03:09.822246,649.67,10.75,61.9,0.0,11.46,17,1,13,0,1
2026-01-13 18:03:09.822246,695.23,2.4,62.06,0.0,0.82,18,1,13,0,1
2026-01-13 19:03:09.822246,628.58,-7.51,68.35,0.0,2.48,19,1,13,0,1
2026-01-13 20:03:09.822246,634.76,4.85,52.97,0.0,5.9,20,1,13,0,1
2026-01-13 21:03:09.822246,582.17,5.13,65.81,0.0,1.49,21,1,13,0,1
2026-01-13 22:03:09.822246,585.42,8.66,52.34,0.0,7.24,22,1,13,0,1
2026-01-13 23:03:09.822246,625.66,15.09,74.91,0.0,9.7,23,1,13,0,1
2026-01-14 00:03:09.822246,633.15,3.16,66.53,0.0,8.66,0,2,14,0,1
2026-01-14 01:03:09.822246,662.64,0.78,54.32,0.0,14.49,1,2,14,0,1
2026-01-14 02:03:09.822246,560.62,-0.77,62.01,0.0,23.7,2,2,14,0,1
2026-01-14 03:03:09.822246,617.49,6.05,52.67,0.0,12.07,3,2,14,0,1
2026-01-14 04:03:09.822246,632.36,7.46,76.25,0.0,28.73,4,2,14,0,1
2026-01-14 05:03:09.822246,594.04,2.33,77.43,0.0,22.04,5,2,14,0,1
2026-01-14 06:03:09.822246,583.62,8.95,68.17,0.0,26.64,6,2,14,0,1
2026-01-14 07:03:09.822246,675.74,7.39,76.77,0.0,29.67,7,2,14,0,1
2026-01-14 08:03:09.822246,634.41,5.28,62.72,0.0,18.96,8,2,14,0,1
2026-01-14 09:03:09.822246,668.54,0.55,68.84,0.0,24.32,9,2,14,0,1
2026-01-14 10:03:09.822246,835.66,2.65,73.45,0.0,13.45,10,2,14,0,1
2026-01-14 11:03:09.822246,760.96,-7.09,61.15,0.0,10.6,11,2,14,0,1
2026-01-14 12:03:09.822246,741.4,6.24,61.92,0.0,13.77,12,2,14,0,1
2026-01-14 13:03:09.822246,791.29,5.19,70.54,0.0,11.61,13,2,14,0,1
2026-01-14 14:03:09.822246,910.42,6.0,67.67,0.0,14.82,14,2,14,0,1
2026-01-14 15:03:09.822246,602.92,7.58,53.65,0.0,0.55,15,2,14,0,1
2026-01-14 16:03:09.822246,694.35,6.99,39.34,0.0,9.29,16,2,14,0,1
2026-01-14 17:03:09.822246,600.28,4.51,59.45,0.0,3.26,17,2,14,0,1
2026-01-14 18:03:09.822246,599.95,5.3,40.24,0.0,4.29,18,2,14,0,1
2026-01-14 19:03:09.822246,613.63,-1.96,51.29,0.0,0.0,19,2,14,0,1
2026-01-14 20:03:09.822246,573.19,2.14,52.46,0.0,5.18,20,2,14,0,1
2026-01-14 21:03:09.822246,632.32,5.31,55.52,0.0,11.61,21,2,14,0,1
2026-01-14 22:03:09.822246,611.58,1.38,69.41,0.0,8.39,22,2,14,0,1
2026-01-14 23:03:09.822246,667.24,9.36,71.58,0.0,10.49,23,2,14,0,1
2026-01-15 00:03:09.822246,659.0,1.79,65.95,0.0,24.16,0,3,15,0,1
2026-01-15 01:03:09.822246,621.85,6.17,67.19,0.0,17.24,1,3,15,0,1
2026-01-15 02:03:09.822246,642.55,5.67,67.42,0.0,10.98,2,3,15,0,1
2026-01-15 03:03:09.822246,601.76,8.82,35.89,0.0,14.09,3,3,15,0,1
2026-01-15 04:03:09.822246,648.65,9.59,60.96,0.0,30.91,4,3,15,0,1
2026-01-15 05:03:09.822246,550.29,8.56,42.9,0.0,22.03,5,3,15,0,1
2026-01-15 06:03:09.822246,682.58,-5.44,65.95,0.0,28.93,6,3,15,0,1
2026-01-15 07:03:09.822246,559.35,11.06,39.93,0.0,22.66,7,3,15,0,1
2026-01-15 08:03:09.822246,608.3,12.72,59.06,0.0,25.54,8,3,15,0,1
2026-01-15 09:03:09.822246,626.52,2.68,66.34,0.0,19.71,9,3,15,0,1
2026-01-15 10:03:09.822246,815.73,6.27,49.68,0.0,19.18,10,3,15,0,1
2026-01-15 11:03:09.822246,759.82,0.63,70.48,0.0,19.77,11,3,15,0,1
2026-01-15 12:03:09.822246,857.84,-4.66,65.93,0.0,8.62,12,3,15,0,1
2026-01-15 13:03:09.822246,779.36,1.39,64.67,0.0,13.76,13,3,15,0,1
2026-01-15 14:03:09.822246,660.78,2.39,67.84,0.0,10.86,14,3,15,0,1
2026-01-15 15:03:09.822246,650.54,3.31,57.27,0.0,0.13,15,3,15,0,1
2026-01-15 16:03:09.822246,860.91,0.29,62.38,0.0,19.67,16,3,15,0,1
2026-01-15 17:03:09.822246,766.1,1.42,60.96,0.0,3.46,17,3,15,0,1
2026-01-15 18:03:09.822246,639.14,5.03,60.73,0.0,0.0,18,3,15,0,1
2026-01-15 19:03:09.822246,707.27,1.24,54.14,0.0,12.69,19,3,15,0,1
2026-01-15 20:03:09.822246,587.16,7.8,48.44,0.0,0.03,20,3,15,0,1
2026-01-15 21:03:09.822246,618.85,8.5,57.49,0.0,4.8,21,3,15,0,1
2026-01-15 22:03:09.822246,549.79,16.99,56.94,0.0,10.7,22,3,15,0,1
2026-01-15 23:03:09.822246,486.74,10.72,53.49,0.0,9.41,23,3,15,0,1
2026-01-16 00:03:09.822246,546.93,6.33,69.04,0.0,17.62,0,4,16,0,1
2026-01-16 01:03:09.822246,650.54,2.02,48.79,0.0,20.3,1,4,16,0,1
2026-01-16 02:03:09.822246,615.01,6.59,58.8,10.52,16.07,2,4,16,0,1
2026-01-16 03:03:09.822246,616.55,6.75,72.18,0.0,29.41,3,4,16,0,1
2026-01-16 04:03:09.822246,606.04,2.55,69.61,0.0,22.1,4,4,16,0,1
2026-01-16 05:03:09.822246,571.1,9.04,72.68,0.0,25.66,5,4,16,0,1
2026-01-16 06:03:09.822246,715.35,-1.87,54.61,0.0,23.05,6,4,16,0,1
2026-01-16 07:03:09.822246,706.56,3.89,68.36,0.0,22.43,7,4,16,0,1
2026-01-16 08:03:09.822246,685.02,7.9,49.89,0.0,23.3,8,4,16,0,1
2026-01-16 09:03:09.822246,756.99,3.68,57.76,0.0,31.3,9,4,16,0,1
2026-01-16 10:03:09.822246,745.0,4.08,58.7,0.0,22.09,10,4,16,0,1
2026-01-16 11:03:09.822246,837.27,4.43,54.76,0.0,12.32,11,4,16,0,1
2026-01-16 12:03:09.822246,767.48,0.94,56.9,0.0,15.39,12,4,16,0,1
2026-01-16 13:03:09.822246,681.98,10.99,55.58,0.0,9.6,13,4,16,0,1
2026-01-16 14:03:09.822246,699.15,0.03,50.69,0.0,14.85,14,4,16,0,1
2026-01-16 15:03:09.822246,697.78,6.71,69.08,0.0,7.37,15,4,16,0,1
2026-01-16 16:03:09.822246,707.94,7.18,58.69,0.0,0.0,16,4,16,0,1
2026-01-16 17:03:09.822246,745.63,0.37,62.53,0.0,7.37,17,4,16,0,1
2026-01-16 18:03:09.822246,695.46,5.48,62.15,0.0,0.85,18,4,16,0,1
2026-01-16 19:03:09.822246,573.32,0.57,61.06,0.0,7.36,19,4,16,0,1
2026-01-16 20:03:09.822246,641.53,12.07,61.44,0.0,11.12,20,4,16,0,1
2026-01-16 21:03:09.822246,559.09,-0.58,57.46,0.0,6.5,21,4,16,0,1
2026-01-16 22:03:09.822246,711.7,1.85,74.7,0.0,9.19,22,4,16,0,1
2026-01-16 23:03:09.822246,628.05,-1.0,68.12,0.0,13.26,23,4,16,0,1
2026-01-17 00:03:09.822246,616.03,-1.64,60.36,0.0,11.69,0,5,17,1,1
2026-01-17 01:03:09.822246,431.32,13.11,55.7,0.0,18.04,1,5,17,1,1
2026-01-17 02:03:09.822246,609.8,7.86,58.98,0.0,21.04,2,5,17,1,1
2026-01-17 03:03:09.822246,500.75,5.85,64.35,0.0,17.64,3,5,17,1,1
2026-01-17 04:03:09.822246,487.29,1.87,75.17,0.0,29.65,4,5,17,1,1
2026-01-17 05:03:09.822246,460.75,9.69,46.44,0.0,16.05,5,5,17,1,1
2026-01-17 06:03:09.822246,480.11,1.03,66.77,0.0,29.04,6,5,17,1,1
2026-01-17 07:03:09.822246,582.83,9.12,71.44,0.0,31.56,7,5,17,1,1
2026-01-17 08:03:09.822246,688.06,0.79,45.3,0.0,27.61,8,5,17,1,1
2026-01-17 09:03:09.822246,789.22,1.93,58.36,0.0,16.78,9,5,17,1,1
2026-01-17 10:03:09.822246,656.08,8.94,49.53,0.0,24.33,10,5,17,1,1
2026-01-17 11:03:09.822246,686.98,9.47,64.48,0.0,28.11,11,5,17,1,1
2026-01-17 12:03:09.822246,658.85,8.14,56.59,0.0,14.1,12,5,17,1,1
2026-01-17 13:03:09.822246,700.98,-0.1,58.87,0.0,12.41,13,5,17,1,1
2026-01-17 14:03:09.822246,603.94,2.92,56.06,0.0,13.86,14,5,17,1,1
2026-01-17 15:03:09.822246,621.05,5.94,67.37,0.0,3.57,15,5,17,1,1
2026-01-17 16:03:09.822246,671.04,0.9,62.46,0.0,0.0,16,5,17,1,1
2026-01-17 17:03:09.822246,533.71,12.01,62.48,0.0,7.45,17,5,17,1,1
2026-01-17 18:03:09.822246,624.36,-6.86,61.78,0.0,5.18,18,5,17,1,1
2026-01-17 19:03:09.822246,567.73,1.26,65.9,1.05,0.16,19,5,17,1,1
2026-01-17 20:03:09.822246,621.57,2.6,57.55,2.23,8.27,20,5,17,1,1
2026-01-17 21:03:09.822246,573.14,-9.07,77.18,0.0,6.19,21,5,17,1,1
2026-01-17 22:03:09.822246,552.36,-1.83,47.82,0.0,11.88,22,5,17,1,1
2026-01-17 23:03:09.822246,616.49,8.28,42.91,0.0,13.36,23,5,17,1,1
2026-01-18 00:03:09.822246,598.82,5.34,41.74,0.0,15.67,0,6,18,1,1
2026-01-18 01:03:09.822246,556.85,13.06,39.03,0.0,17.52,1,6,18,1,1
2026-01-18 02:03:09.822246,514.82,12.92,66.56,0.0,11.23,2,6,18,1,1
2026-01-18 03:03:09.822246,574.07,7.35,65.34,0.0,14.56,3,6,18,1,1
2026-01-18 04:03:09.822246,633.0,6.76,71.91,0.0,32.65,4,6,18,1,1
2026-01-18 05:03:09.822246,617.62,5.52,49.26,0.0,31.58,5,6,18,1,1
2026-01-18 06:03:09.822246,510.43,-8.09,67.28,0.0,23.61,6,6,18,1,1
2026-01-18 07:03:09.822246,567.4,-1.78,60.4,0.0,26.8,7,6,18,1,1
2026-01-18 08:03:09.822246,654.0,5.69,61.49,0.0,15.31,8,6,18,1,1
2026-01-18 09:03:09.822246,617.87,8.27,66.08,3.25,14.64,9,6,18,1,1
2026-01-18 10:03:09.822246,600.24,6.64,52.27,0.0,5.26,10,6,18,1,1
2026-01-18 11:03:09.822246,603.68,0.73,85.7,0.0,12.19,11,6,18,1,1
2026-01-18 12:03:09.822246,598.24,9.88,73.15,0.0,11.75,12,6,18,1,1
2026-01-18 13:03:09.822246,578.38,12.6,54.51,0.0,15.95,13,6,18,1,1
2026-01-18 14:03:09.822246,720.43,9.88,48.92,0.0,8.83,14,6,18,1,1
2026-01-18 15:03:09.822246,573.42,10.14,58.95,0.0,9.26,15,6,18,1,1
2026-01-18 16:03:09.822246,651.77,2.39,61.65,0.0,4.49,16,6,18,1,1
2026-01-18 17:03:09.822246,598.1,10.57,70.48,0.0,4.67,17,6,18,1,1
2026-01-18 18:03:09.822246,602.85,5.92,48.14,0.0,3.17,18,6,18,1,1
2026-01-18 19:03:09.822246,530.46,7.75,62.68,0.0,6.64,19,6,18,1,1
2026-01-18 20:03:09.822246,585.67,7.02,44.54,0.0,0.0,20,6,18,1,1
2026-01-18 21:03:09.822246,523.96,4.58,64.19,0.0,7.91,21,6,18,1,1
2026-01-18 22:03:09.822246,534.26,0.89,58.75,0.0,9.22,22,6,18,1,1
2026-01-18 23:03:09.822246,584.95,4.78,79.19,0.0,20.75,23,6,18,1,1
2026-01-19 00:03:09.822246,562.01,10.17,44.02,0.0,16.14,0,0,19,0,1
2026-01-19 01:03:09.822246,650.71,3.03,73.19,0.0,25.54,1,0,19,0,1
2026-01-19 02:03:09.822246,648.0,9.7,42.45,0.0,16.07,2,0,19,0,1
2026-01-19 03:03:09.822246,669.88,8.92,46.21,3.62,18.3,3,0,19,0,1
2026-01-19 04:03:09.822246,567.52,3.74,42.71,0.0,32.05,4,0,19,0,1
2026-01-19 05:03:09.822246,621.46,12.18,61.99,0.0,23.47,5,0,19,0,1
2026-01-19 06:03:09.822246,665.32,3.46,47.75,0.0,20.96,6,0,19,0,1
2026-01-19 07:03:09.822246,662.56,12.78,46.0,0.0,24.77,7,0,19,0,1
2026-01-19 08:03:09.822246,672.35,7.4,61.51,0.0,24.61,8,0,19,0,1
2026-01-19 09:03:09.822246,796.47,5.15,64.0,0.0,28.24,9,0,19,0,1
2026-01-19 10:03:09.822246,793.86,0.79,59.88,0.0,15.99,10,0,19,0,1
2026-01-19 11:03:09.822246,794.97,4.79,57.86,0.0,21.29,11,0,19,0,1
2026-01-19 12:03:09.822246,816.25,4.21,77.77,0.0,23.76,12,0,19,0,1
2026-01-19 13:03:09.822246,784.31,-1.06,60.94,0.0,18.0,13,0,19,0,1
2026-01-19 14:03:09.822246,748.63,4.14,67.54,0.0,19.04,14,0,19,0,1
2026-01-19 15:03:09.822246,772.1,1.21,60.91,0.0,7.99,15,0,19,0,1
2026-01-19 16:03:09.822246,732.18,8.16,48.5,1.31,9.36,16,0,19,0,1
2026-01-19 17:03:09.822246,603.25,11.76,64.98,0.0,1.47,17,0,19,0,1
2026-01-19 18:03:09.822246,706.12,-0.9,52.93,0.0,17.31,18,0,19,0,1
2026-01-19 19:03:09.822246,563.33,13.79,58.57,0.0,9.83,19,0,19,0,1
2026-01-19 20:03:09.822246,568.19,4.59,62.54,0.0,7.49,20,0,19,0,1
2026-01-19 21:03:09.822246,732.53,0.36,40.07,0.0,7.66,21,0,19,0,1
2026-01-19 22:03:09.822246,593.2,9.02,43.39,0.0,0.0,22,0,19,0,1
2026-01-19 23:03:09.822246,765.08,3.0,68.58,0.0,1.56,23,0,19,0,1
2026-01-20 00:03:09.822246,562.13,4.87,52.5,0.0,9.53,0,1,20,0,1
2026-01-20 01:03:09.822246,635.98,3.26,52.98,0.0,14.88,1,1,20,0,1
2026-01-20 02:03:09.822246,669.55,1.2,60.8,0.0,23.24,2,1,20,0,1
2026-01-20 03:03:09.822246,694.62,8.9,55.28,2.75,26.11,3,1,20,0,1
2026-01-20 04:03:09.822246,682.04,3.85,63.32,0.0,23.66,4,1,20,0,1
2026-01-20 05:03:09.822246,689.49,-1.9,58.63,0.0,26.28,5,1,20,0,1
2026-01-20 06:03:09.822246,561.63,8.04,61.13,0.0,24.1,6,1,20,0,1
2026-01-20 07:03:09.822246,654.01,-0.75,52.12,0.0,30.14,7,1,20,0,1
2026-01-20 08:03:09.822246,764.11,-0.49,61.08,0.0,20.01,8,1,20,0,1
2026-01-20 09:03:09.822246,600.89,11.24,70.19,0.0,20.5,9,1,20,0,1
2026-01-20 10:03:09.822246,746.01,-0.7,53.46,0.0,20.96,10,1,20,0,1
2026-01-20 11:03:09.822246,808.57,-6.3,68.29,0.0,13.73,11,1,20,0,1
2026-01-20 12:03:09.822246,661.92,8.39,58.62,0.0,7.54,12,1,20,0,1
2026-01-20 13:03:09.822246,830.09,3.76,66.48,0.0,14.2,13,1,20,0,1
2026-01-20 14:03:09.822246,802.91,4.19,60.43,0.0,21.26,14,1,20,0,1
2026-01-20 15:03:09.822246,645.18,3.71,58.81,0.0,8.49,15,1,20,0,1
2026-01-20 16:03:09.822246,634.24,6.44,62.64,0.0,10.08,16,1,20,0,1
2026-01-20 17:03:09.822246,567.65,1.52,71.28,0.0,3.65,17,1,20,0,1
2026-01-20 18:03:09.822246,531.73,12.66,61.5,0.0,6.99,18,1,20,0,1
2026-01-20 19:03:09.822246,711.11,-2.1,63.92,0.0,0.0,19,1,20,0,1
2026-01-20 20:03:09.822246,628.79,7.5,55.45,0.0,0.94,20,1,20,0,1
2026-01-20 21:03:09.822246,663.6,8.49,74.85,0.0,10.98,21,1,20,0,1
2026-01-20 22:03:09.822246,564.34,1.48,65.54,0.0,8.81,22,1,20,0,1
2026-01-20 23:03:09.822246,711.1,0.16,59.92,0.0,4.09,23,1,20,0,1
2026-01-21 00:03:09.822246,589.88,10.42,57.57,0.0,12.9,0,2,21,0,1
2026-01-21 01:03:09.822246,692.36,0.38,68.57,5.53,22.2,1,2,21,0,1
2026-01-21 02:03:09.822246,662.41,2.3,52.73,0.0,16.87,2,2,21,0,1
2026-01-21 03:03:09.822246,554.23,9.77,40.97,0.0,10.73,3,2,21,0,1
2026-01-21 04:03:09.822246,588.51,5.51,59.52,0.0,32.44,4,2,21,0,1
2026-01-21 05:03:09.822246,712.89,-3.65,70.7,0.0,25.23,5,2,21,0,1
2026-01-21 06:03:09.822246,615.52,14.07,74.71,0.0,33.14,6,2,21,0,1
2026-01-21 07:03:09.822246,765.79,2.68,57.72,0.0,26.42,7,2,21,0,1
2026-01-21 08:03:09.822246,710.95,3.32,59.23,0.0,20.41,8,2,21,0,1
2026-01-21 09:03:09.822246,697.21,6.61,63.99,0.0,23.84,9,2,21,0,1
2026-01-21 10:03:09.822246,643.47,8.46,56.15,0.0,21.59,10,2,21,0,1
2026-01-21 11:03:09.822246,660.71,15.14,63.96,0.0,26.76,11,2,21,0,1
2026-01-21 12:03:09.822246,755.32,-2.97,57.94,0.0,21.43,12,2,21,0,1
2026-01-21 13:03:09.822246,837.71,9.46,68.91,0.0,15.84,13,2,21,0,1
2026-01-21 14:03:09.822246,726.69,9.05,66.03,0.0,11.92,14,2,21,0,1
2026-01-21 15:03:09.822246,782.91,4.65,66.9,0.0,8.33,15,2,21,0,1
2026-01-21 16:03:09.822246,688.8,9.27,56.74,0.09,3.44,16,2,21,0,1
2026-01-21 17:03:09.822246,638.53,10.0,78.06,0.0,10.72,17,2,21,0,1
2026-01-21 18:03:09.822246,633.33,-1.58,63.63,0.0,2.89,18,2,21,0,1
2026-01-21 19:03:09.822246,613.16,14.08,61.27,0.0,4.13,19,2,21,0,1
2026-01-21 20:03:09.822246,599.95,-2.46,51.19,0.0,6.68,20,2,21,0,1
2026-01-21 21:03:09.822246,663.83,-0.34,57.83,0.0,4.8,21,2,21,0,1
2026-01-21 22:03:09.822246,618.58,4.02,59.94,0.0,7.76,22,2,21,0,1
2026-01-21 23:03:09.822246,659.94,14.96,50.92,0.0,12.42,23,2,21,0,1
2026-01-22 00:03:09.822246,531.44,3.85,55.53,0.0,14.6,0,3,22,0,1
2026-01-22 01:03:09.822246,695.78,5.23,56.79,0.0,24.87,1,3,22,0,1
2026-01-22 02:03:09.822246,531.31,12.55,59.01,0.0,12.36,2,3,22,0,1
2026-01-22 03:03:09.822246,593.02,3.89,40.83,0.0,24.88,3,3,22,0,1
2026-01-22 04:03:09.822246,709.01,-0.5,57.1,0.0,21.25,4,3,22,0,1
2026-01-22 05:03:09.822246,671.35,3.3,54.68,0.0,22.92,5,3,22,0,1
2026-01-22 06:03:09.822246,640.99,12.24,58.24,8.86,13.11,6,3,22,0,1
2026-01-22 07:03:09.822246,717.28,5.74,68.81,0.0,20.93,7,3,22,0,1
2026-01-22 08:03:09.822246,733.84,15.04,78.98,0.0,26.26,8,3,22,0,1
2026-01-22 09:03:09.822246,743.77,9.08,65.24,0.0,18.61,9,3,22,0,1
2026-01-22 10:03:09.822246,666.34,2.16,46.11,0.58,17.62,10,3,22,0,1
2026-01-22 11:03:09.822246,761.39,5.64,55.0,0.0,16.07,11,3,22,0,1
2026-01-22 12:03:09.822246,792.38,1.12,64.41,0.0,16.01,12,3,22,0,1
2026-01-22 13:03:09.822246,692.43,2.05,63.29,1.96,20.73,13,3,22,0,1
2026-01-22 14:03:09.822246,652.43,27.78,68.33,0.0,9.63,14,3,22,0,1
2026-01-22 15:03:09.822246,675.77,10.48,57.48,0.0,22.38,15,3,22,0,1
2026-01-22 16:03:09.822246,612.37,9.69,54.82,0.0,19.27,16,3,22,0,1
2026-01-22 17:03:09.822246,666.09,2.27,75.98,0.0,13.54,17,3,22,0,1
2026-01-22 18:03:09.822246,485.81,13.24,59.04,0.0,10.09,18,3,22,0,1
2026-01-22 19:03:09.822246,595.15,10.89,48.29,0.0,7.07,19,3,22,0,1
2026-01-22 20:03:09.822246,621.02,14.8,73.2,0.0,13.93,20,3,22,0,1
2026-01-22 21:03:09.822246,583.81,14.55,43.49,0.0,18.49,21,3,22,0,1
2026-01-22 22:03:09.822246,755.19,-2.01,23.5,0.0,10.56,22,3,22,0,1
2026-01-22 23:03:09.822246,620.48,-0.16,66.15,0.0,13.75,23,3,22,0,1
2026-01-23 00:03:09.822246,744.21,0.43,67.22,0.0,18.86,0,4,23,0,1
2026-01-23 01:03:09.822246,703.55,0.73,62.25,0.0,17.08,1,4,23,0,1
2026-01-23 02:03:09.822246,531.41,7.07,45.08,0.0,27.39,2,4,23,0,1
2026-01-23 03:03:09.822246,745.81,2.62,57.52,0.0,15.91,3,4,23,0,1
2026-01-23 04:03:09.822246,575.25,15.81,55.33,0.0,25.38,4,4,23,0,1
2026-01-23 05:03:09.822246,525.55,14.97,52.74,0.0,18.72,5,4,23,0,1
2026-01-23 06:03:09.822246,560.75,5.42,72.23,0.0,24.81,6,4,23,0,1
2026-01-23 07:03:09.822246,591.85,15.23,47.64,0.0,20.98,7,4,23,0,1
2026-01-23 08:03:09.822246,631.11,12.89,61.27,0.0,23.38,8,4,23,0,1
2026-01-23 09:03:09.822246,719.04,3.2,70.05,0.0,13.69,9,4,23,0,1
2026-01-23 10:03:09.822246,719.18,-4.6,61.92,0.0,22.99,10,4,23,0,1
2026-01-23 11:03:09.822246,755.86,4.36,70.52,0.0,15.66,11,4,23,0,1
2026-01-23 12:03:09.822246,754.31,2.23,63.75,0.0,20.31,12,4,23,0,1
2026-01-23 13:03:09.822246,647.04,6.48,62.4,0.0,12.14,13,4,23,0,1
2026-01-23 14:03:09.822246,708.69,5.9,61.78,1.9,14.21,14,4,23,0,1
2026-01-23 15:03:09.822246,549.76,5.76,64.24,0.0,5.6,15,4,23,0,1
2026-01-23 16:03:09.822246,680.78,8.07,54.25,0.0,10.34,16,4,23,0,1
2026-01-23 17:03:09.822246,628.55,-0.61,45.09,0.0,15.89,17,4,23,0,1
2026-01-23 18:03:09.822246,633.6,7.51,67.65,0.0,1.18,18,4,23,0,1
2026-01-23 19:03:09.822246,711.98,3.25,69.73,0.0,9.4,19,4,23,0,1
2026-01-23 20:03:09.822246,589.64,6.45,60.63,0.0,0.12,20,4,23,0,1
2026-01-23 21:03:09.822246,633.44,10.24,52.63,0.0,7.24,21,4,23,0,1
2026-01-23 22:03:09.822246,603.5,-0.67,42.53,0.0,0.76,22,4,23,0,1
2026-01-23 23:03:09.822246,718.15,4.04,58.97,4.48,15.73,23,4,23,0,1
2026-01-24 00:03:09.822246,515.53,4.92,44.28,0.0,12.04,0,5,24,1,1
2026-01-24 01:03:09.822246,526.38,2.94,42.88,0.0,21.32,1,5,24,1,1
2026-01-24 02:03:09.822246,564.9,10.01,57.56,0.0,21.52,2,5,24,1,1
2026-01-24 03:03:09.822246,522.97,1.91,50.13,0.0,20.87,3,5,24,1,1
2026-01-24 04:03:09.822246,529.19,2.74,61.22,0.0,27.55,4,5,24,1,1
2026-01-24 05:03:09.822246,559.4,1.96,56.17,0.0,29.97,5,5,24,1,1
2026-01-24 06:03:09.822246,554.33,10.97,51.7,0.0,22.9,6,5,24,1,1
2026-01-24 07:03:09.822246,634.32,3.05,40.72,0.0,30.16,7,5,24,1,1
2026-01-24 08:03:09.822246,489.43,7.81,49.24,0.0,22.53,8,5,24,1,1
2026-01-24 09:03:09.822246,562.25,15.39,49.61,0.0,8.37,9,5,24,1,1
2026-01-24 10:03:09.822246,709.34,5.14,45.51,0.0,21.08,10,5,24,1,1
2026-01-24 11:03:09.822246,595.01,11.07,54.48,0.0,14.35,11,5,24,1,1
2026-01-24 12:03:09.822246,690.4,13.87,46.29,0.0,13.08,12,5,24,1,1
2026-01-24 13:03:09.822246,610.7,10.65,56.13,0.0,2.32,13,5,24,1,1
2026-01-24 14:03:09.822246,609.33,5.43,60.17,0.0,11.5,14,5,24,1,1
2026-01-24 15:03:09.822246,631.99,8.72,49.51,0.0,4.48,15,5,24,1,1
2026-01-24 16:03:09.822246,643.0,-0.92,62.02,0.0,3.72,16,5,24,1,1
2026-01-24 17:03:09.822246,540.12,1.61,44.15,0.0,10.63,17,5,24,1,1
2026-01-24 18:03:09.822246,587.31,2.49,46.65,0.0,0.0,18,5,24,1,1
2026-01-24 19:03:09.822246,456.78,16.72,56.63,0.0,7.2,19,5,24,1,1
2026-01-24 20:03:09.822246,509.7,1.45,64.64,0.0,8.3,20,5,24,1,1
2026-01-24 21:03:09.822246,562.53,1.38,66.44,0.0,9.12,21,5,24,1,1
2026-01-24 22:03:09.822246,625.24,0.29,73.89,0.0,15.53,22,5,24,1,1
2026-01-24 23:03:09.822246,401.87,8.31,54.0,0.0,16.83,23,5,24,1,1
2026-01-25 00:03:09.822246,555.82,6.3,56.15,0.0,15.65,0,6,25,1,1
2026-01-25 01:03:09.822246,482.75,11.02,47.1,3.68,13.83,1,6,25,1,1
2026-01-25 02:03:09.822246,480.49,8.94,44.89,0.0,17.76,2,6,25,1,1
2026-01-25 03:03:09.822246,576.24,-1.32,59.71,0.0,21.96,3,6,25,1,1
2026-01-25 04:03:09.822246,583.04,1.55,49.67,0.0,12.0,4,6,25,1,1
2026-01-25 05:03:09.822246,532.16,12.41,69.75,0.0,22.16,5,6,25,1,1
2026-01-25 06:03:09.822246,412.69,4.57,42.8,0.0,30.98,6,6,25,1,1
2026-01-25 07:03:09.822246,618.89,11.52,62.29,0.0,22.7,7,6,25,1,1
2026-01-25 08:03:09.822246,591.24,4.83,47.37,0.0,27.7,8,6,25,1,1
2026-01-25 09:03:09.822246,640.03,0.74,49.22,0.0,26.43,9,6,25,1,1
2026-01-25 10:03:09.822246,678.54,4.07,62.82,0.0,26.06,10,6,25,1,1
2026-01-25 11:03:09.822246,648.8,0.74,50.67,2.46,16.0,11,6,25,1,1
2026-01-25 12:03:09.822246,699.27,2.76,52.27,0.0,13.74,12,6,25,1,1
2026-01-25 13:03:09.822246,629.39,6.59,49.3,0.0,13.96,13,6,25,1,1
2026-01-25 14:03:09.822246,542.62,8.14,75.28,0.0,6.02,14,6,25,1,1
2026-01-25 15:03:09.822246,689.38,-2.37,51.25,0.0,4.42,15,6,25,1,1
2026-01-25 16:03:09.822246,566.23,5.5,57.94,3.31,11.34,16,6,25,1,1
2026-01-25 17:03:09.822246,565.37,2.65,55.41,5.45,1.86,17,6,25,1,1
2026-01-25 18:03:09.822246,556.18,2.34,59.64,0.0,7.55,18,6,25,1,1
2026-01-25 19:03:09.822246,549.59,6.25,51.28,0.0,7.33,19,6,25,1,1
2026-01-25 20:03:09.822246,526.22,2.83,55.42,0.0,6.29,20,6,25,1,1
2026-01-25 21:03:09.822246,549.85,12.49,61.36,0.0,9.26,21,6,25,1,1
2026-01-25 22:03:09.822246,443.09,11.52,48.79,0.0,13.41,22,6,25,1,1
2026-01-25 23:03:09.822246,496.42,11.49,68.32,0.0,19.6,23,6,25,1,1
2026-01-26 00:03:09.822246,621.29,3.18,68.94,0.0,10.3,0,0,26,0,1
2026-01-26 01:03:09.822246,777.19,0.84,63.15,0.0,12.71,1,0,26,0,1
2026-01-26 02:03:09.822246,643.58,6.07,57.78,0.0,19.5,2,0,26,0,1
2026-01-26 03:03:09.822246,663.55,4.9,27.18,0.0,23.84,3,0,26,0,1
2026-01-26 04:03:09.822246,680.8,2.61,61.33,0.0,25.07,4,0,26,0,1
2026-01-26 05:03:09.822246,609.07,-0.22,53.17,0.0,33.26,5,0,26,0,1
2026-01-26 06:03:09.822246,631.48,5.45,54.62,0.0,20.21,6,0,26,0,1
2026-01-26 07:03:09.822246,653.19,3.64,38.11,0.0,16.4,7,0,26,0,1
2026-01-26 08:03:09.822246,691.01,9.1,62.02,0.0,26.23,8,0,26,0,1
2026-01-26 09:03:09.822246,775.32,8.98,42.6,0.0,23.19,9,0,26,0,1
2026-01-26 10:03:09.822246,714.95,11.16,58.27,0.0,19.32,10,0,26,0,1
2026-01-26 11:03:09.822246,793.04,-0.64,66.13,0.0,21.63,11,0,26,0,1
2026-01-26 12:03:09.822246,661.93,7.66,52.39,15.18,6.83,12,0,26,0,1
2026-01-26 13:03:09.822246,734.23,2.02,69.24,0.0,3.75,13,0,26,0,1
2026-01-26 14:03:09.822246,732.97,-0.45,49.61,0.0,0.0,14,0,26,0,1
2026-01-26 15:03:09.822246,744.78,3.51,63.09,0.0,4.38,15,0,26,0,1
2026-01-26 16:03:09.822246,631.79,11.0,44.04,0.0,12.45,16,0,26,0,1
2026-01-26 17:03:09.822246,695.22,3.79,67.4,0.0,0.0,17,0,26,0,1
2026-01-26 18:03:09.822246,584.97,13.48,65.84,0.0,5.19,18,0,26,0,1
2026-01-26 19:03:09.822246,637.1,8.4,61.77,0.0,6.87,19,0,26,0,1
2026-01-26 20:03:09.822246,670.94,3.69,53.15,0.0,14.08,20,0,26,0,1
2026-01-26 21:03:09.822246,499.06,11.46,43.06,0.0,3.62,21,0,26,0,1
2026-01-26 22:03:09.822246,704.56,7.88,53.18,0.0,5.49,22,0,26,0,1
2026-01-26 23:03:09.822246,633.0,0.99,68.19,0.0,17.59,23,0,26,0,1
2026-01-27 00:03:09.822246,470.7,15.03,58.04,0.0,9.64,0,1,27,0,1
2026-01-27 01:03:09.822246,623.9,7.03,41.21,0.0,23.64,1,1,27,0,1
2026-01-27 02:03:09.822246,653.53,5.83,45.5,0.0,21.78,2,1,27,0,1
2026-01-27 03:03:09.822246,621.8,1.46,69.28,0.0,13.24,3,1,27,0,1
2026-01-27 04:03:09.822246,646.28,11.63,61.62,0.0,26.93,4,1,27,0,1
2026-01-27 05:03:09.822246,635.56,8.32,44.4,0.0,26.92,5,1,27,0,1
2026-01-27 06:03:09.822246,634.32,8.88,39.09,0.0,23.79,6,1,27,0,1
2026-01-27 07:03:09.822246,718.15,3.2,50.49,0.0,21.53,7,1,27,0,1
2026-01-27 08:03:09.822246,668.24,9.9,38.23,0.0,31.74,8,1,27,0,1
2026-01-27 09:03:09.822246,771.2,10.29,55.19,0.0,9.83,9,1,27,0,1
2026-01-27 10:03:09.822246,679.62,2.39,81.26,0.0,12.44,10,1,27,0,1
2026-01-27 11:03:09.822246,787.07,-1.35,40.77,1.5,14.95,11,1,27,0,1
2026-01-27 12:03:09.822246,710.16,8.64,54.88,0.0,17.42,12,1,27,0,1
2026-01-27 13:03:09.822246,772.46,-2.13,69.86,0.0,12.4,13,1,27,0,1
2026-01-27 14:03:09.822246,693.95,6.49,64.23,0.0,6.47,14,1,27,0,1
2026-01-27 15:03:09.822246,601.25,3.5,55.26,0.0,10.58,15,1,27,0,1
2026-01-27 16:03:09.822246,634.16,11.83,55.28,0.0,0.0,16,1,27,0,1
2026-01-27 17:03:09.822246,674.48,3.77,45.18,0.0,7.16,17,1,27,0,1
2026-01-27 18:03:09.822246,665.2,11.27,54.07,0.0,3.5,18,1,27,0,1
2026-01-27 19:03:09.822246,555.89,3.16,59.18,0.0,8.7,19,1,27,0,1
2026-01-27 20:03:09.822246,661.05,10.73,67.79,0.66,8.81,20,1,27,0,1
2026-01-27 21:03:09.822246,691.05,16.04,50.54,0.0,11.74,21,1,27,0,1
2026-01-27 22:03:09.822246,647.54,0.39,54.85,0.0,6.95,22,1,27,0,1
2026-01-27 23:03:09.822246,558.49,7.19,47.25,0.0,8.73,23,1,27,0,1
2026-01-28 00:03:09.822246,546.79,19.56,58.66,0.0,15.97,0,2,28,0,1
2026-01-28 01:03:09.822246,625.43,6.15,64.24,0.0,10.3,1,2,28,0,1
2026-01-28 02:03:09.822246,662.72,6.12,62.7,0.0,31.08,2,2,28,0,1
2026-01-28 03:03:09.822246,571.84,9.76,44.7,0.0,30.11,3,2,28,0,1
2026-01-28 04:03:09.822246,703.6,6.02,57.87,2.67,15.88,4,2,28,0,1
2026-01-28 05:03:09.822246,599.34,-2.72,49.63,0.0,25.8,5,2,28,0,1
2026-01-28 06:03:09.822246,496.69,11.48,66.52,0.0,30.91,6,2,28,0,1
2026-01-28 07:03:09.822246,761.69,-4.2,54.79,0.0,22.7,7,2,28,0,1
2026-01-28 08:03:09.822246,612.74,3.73,41.21,0.0,19.91,8,2,28,0,1
2026-01-28 09:03:09.822246,668.3,11.85,54.21,0.0,27.97,9,2,28,0,1
2026-01-28 10:03:09.822246,871.01,4.03,60.99,0.0,26.76,10,2,28,0,1
2026-01-28 11:03:09.822246,713.36,2.35,58.84,0.0,9.53,11,2,28,0,1
2026-01-28 12:03:09.822246,665.56,10.21,51.29,0.0,15.59,12,2,28,0,1
2026-01-28 13:03:09.822246,767.41,1.56,50.55,0.0,11.81,13,2,28,0,1
2026-01-28 14:03:09.822246,754.29,-0.3,46.53,0.0,1.21,14,2,28,0,1
2026-01-28 15:03:09.822246,710.43,7.19,52.46,0.0,0.0,15,2,28,0,1
2026-01-28 16:03:09.822246,688.88,4.9,47.85,0.0,1.74,16,2,28,0,1
2026-01-28 17:03:09.822246,636.95,-0.4,66.11,0.0,5.42,17,2,28,0,1
2026-01-28 18:03:09.822246,686.06,9.0,47.39,0.0,11.46,18,2,28,0,1
2026-01-28 19:03:09.822246,642.32,8.14,57.63,0.0,0.0,19,2,28,0,1
2026-01-28 20:03:09.822246,653.28,4.02,56.95,0.0,6.93,20,2,28,0,1
2026-01-28 21:03:09.822246,603.87,4.36,65.86,0.0,3.17,21,2,28,0,1
2026-01-28 22:03:09.822246,696.97,8.17,67.3,0.0,12.66,22,2,28,0,1
2026-01-28 23:03:09.822246,572.38,11.77,63.36,0.0,17.5,23,2,28,0,1
2026-01-29 00:03:09.822246,642.25,4.49,59.6,0.0,20.24,0,3,29,0,1
2026-01-29 01:03:09.822246,583.13,9.18,45.58,0.0,17.1,1,3,29,0,1
2026-01-29 02:03:09.822246,600.04,8.73,45.38,2.7,18.32,2,3,29,0,1
2026-01-29 03:03:09.822246,655.63,10.3,47.61,0.0,28.74,3,3,29,0,1
2026-01-29 04:03:09.822246,607.07,6.1,63.59,0.0,22.0,4,3,29,0,1
2026-01-29 05:03:09.822246,596.5,1.34,56.8,0.0,24.94,5,3,29,0,1
2026-01-29 06:03:09.822246,603.6,3.59,64.75,0.0,22.69,6,3,29,0,1
2026-01-29 07:03:09.822246,694.18,7.62,66.09,0.0,26.34,7,3,29,0,1
2026-01-29 08:03:09.822246,591.52,14.99,48.81,0.0,16.83,8,3,29,0,1
2026-01-29 09:03:09.822246,696.58,3.48,56.39,0.0,20.6,9,3,29,0,1
2026-01-29 10:03:09.822246,670.3,9.93,55.94,3.3,20.46,10,3,29,0,1
2026-01-29 11:03:09.822246,678.06,4.26,52.79,0.0,22.76,11,3,29,0,1
2026-01-29 12:03:09.822246,671.79,6.45,50.72,0.0,14.14,12,3,29,0,1
2026-01-29 13:03:09.822246,696.32,13.48,67.91,0.0,0.14,13,3,29,0,1
2026-01-29 14:03:09.822246,686.53,9.72,56.59,0.0,7.05,14,3,29,0,1
2026-01-29 15:03:09.822246,791.14,-0.3,56.2,0.0,15.22,15,3,29,0,1
2026-01-29 16:03:09.822246,723.02,3.04,48.04,0.0,7.13,16,3,29,0,1
2026-01-29 17:03:09.822246,648.34,12.18,62.82,0.0,1.72,17,3,29,0,1
2026-01-29 18:03:09.822246,696.04,6.61,46.02,0.0,0.0,18,3,29,0,1
2026-01-29 19:03:09.822246,660.15,0.16,60.62,0.0,7.21,19,3,29,0,1
2026-01-29 20:03:09.822246,724.76,1.81,60.89,0.0,2.9,20,3,29,0,1
2026-01-29 21:03:09.822246,581.82,9.42,51.94,0.0,8.07,21,3,29,0,1
2026-01-29 22:03:09.822246,714.0,10.87,59.24,0.0,6.17,22,3,29,0,1
2026-01-29 23:03:09.822246,724.15,5.99,57.92,0.0,7.95,23,3,29,0,1
2026-01-30 00:03:09.822246,600.76,18.37,55.34,0.0,13.07,0,4,30,0,1
2026-01-30 01:03:09.822246,641.82,10.11,55.86,0.0,16.97,1,4,30,0,1
2026-01-30 02:03:09.822246,705.42,4.78,56.35,0.0,19.72,2,4,30,0,1
2026-01-30 03:03:09.822246,609.7,1.91,57.03,0.0,20.68,3,4,30,0,1
2026-01-30 04:03:09.822246,624.34,1.12,56.33,0.0,29.15,4,4,30,0,1
2026-01-30 05:03:09.822246,648.8,7.67,44.69,0.0,22.62,5,4,30,0,1
2026-01-30 06:03:09.822246,672.09,3.55,54.21,0.0,32.2,6,4,30,0,1
2026-01-30 07:03:09.822246,601.69,14.36,58.38,0.0,23.85,7,4,30,0,1
2026-01-30 08:03:09.822246,582.98,13.32,56.7,0.0,20.35,8,4,30,0,1
2026-01-30 09:03:09.822246,608.56,9.16,65.27,0.0,23.55,9,4,30,0,1
2026-01-30 10:03:09.822246,757.54,0.1,61.93,0.0,23.74,10,4,30,0,1
2026-01-30 11:03:09.822246,770.54,2.63,47.03,0.0,13.5,11,4,30,0,1
2026-01-30 12:03:09.822246,663.26,12.27,54.06,0.0,7.83,12,4,30,0,1
2026-01-30 13:03:09.822246,847.11,3.18,52.62,0.0,17.39,13,4,30,0,1
2026-01-30 14:03:09.822246,649.68,11.6,55.69,0.0,16.7,14,4,30,0,1
2026-01-30 15:03:09.822246,636.26,8.37,55.7,0.0,10.62,15,4,30,0,1
2026-01-30 16:03:09.822246,675.6,6.25,61.84,0.0,2.61,16,4,30,0,1
2026-01-30 17:03:09.822246,630.5,2.48,57.5,0.0,4.58,17,4,30,0,1
2026-01-30 18:03:09.822246,685.94,5.52,68.04,0.0,0.0,18,4,30,0,1
2026-01-30 19:03:09.822246,571.99,6.94,58.14,0.0,10.49,19,4,30,0,1
2026-01-30 20:03:09.822246,657.91,11.16,47.42,0.0,7.43,20,4,30,0,1
2026-01-30 21:03:09.822246,749.57,1.56,51.06,0.0,10.17,21,4,30,0,1
2026-01-30 22:03:09.822246,590.24,4.68,61.77,0.0,10.65,22,4,30,0,1
2026-01-30 23:03:09.822246,654.31,6.22,39.59,0.0,12.43,23,4,30,0,1
2026-01-31 00:03:09.822246,494.73,9.4,41.94,0.0,16.04,0,5,31,1,1
2026-01-31 01:03:09.822246,637.0,1.54,55.5,0.0,17.59,1,5,31,1,1
2026-01-31 02:03:09.822246,616.59,-0.5,64.9,0.0,25.84,2,5,31,1,1
2026-01-31 03:03:09.822246,595.91,9.46,68.46,0.0,15.06,3,5,31,1,1
2026-01-31 04:03:09.822246,611.57,-1.5,53.22,0.0,19.33,4,5,31,1,1
2026-01-31 05:03:09.822246,340.43,12.51,66.0,0.0,22.85,5,5,31,1,1
2026-01-31 06:03:09.822246,525.91,5.31,56.12,0.0,24.07,6,5,31,1,1
2026-01-31 07:03:09.822246,570.08,-1.65,40.08,0.0,29.67,7,5,31,1,1
2026-01-31 08:03:09.822246,511.45,3.68,55.31,0.0,16.85,8,5,31,1,1
2026-01-31 09:03:09.822246,588.21,7.98,49.2,0.0,24.78,9,5,31,1,1
2026-01-31 10:03:09.822246,633.5,3.42,64.58,0.0,19.3,10,5,31,1,1
2026-01-31 11:03:09.822246,583.75,6.19,55.14,0.0,21.85,11,5,31,1,1
2026-01-31 12:03:09.822246,597.94,9.79,42.61,0.0,16.97,12,5,31,1,1
2026-01-31 13:03:09.822246,616.88,5.08,40.4,0.0,11.77,13,5,31,1,1
2026-01-31 14:03:09.822246,755.85,1.4,55.18,0.0,5.03,14,5,31,1,1
2026-01-31 15:03:09.822246,560.3,4.59,31.19,0.0,9.64,15,5,31,1,1
2026-01-31 16:03:09.822246,570.31,13.16,50.21,0.0,4.36,16,5,31,1,1
2026-01-31 17:03:09.822246,529.71,14.51,57.7,0.0,4.8,17,5,31,1,1
2026-01-31 18:03:09.822246,611.55,-4.01,44.82,0.0,8.91,18,5,31,1,1
2026-01-31 19:03:09.822246,571.81,11.54,65.33,0.0,12.72,19,5,31,1,1
2026-01-31 20:03:09.822246,386.44,7.34,67.3,0.0,0.0,20,5,31,1,1
2026-01-31 21:03:09.822246,606.83,10.71,45.23,0.0,11.86,21,5,31,1,1
2026-01-31 22:03:09.822246,616.37,3.33,52.41,0.0,16.49,22,5,31,1,1
2026-01-31 23:03:09.822246,542.3,-2.75,65.34,0.0,11.59,23,5,31,1,1
2026-02-01 00:03:09.822246,481.18,9.11,55.05,0.0,9.23,0,6,32,1,2
2026-02-01 01:03:09.822246,521.75,1.48,41.11,0.0,19.39,1,6,32,1,2
2026-02-01 02:03:09.822246,525.71,-0.76,53.63,0.0,19.09,2,6,32,1,2
2026-02-01 03:03:09.822246,595.04,-0.41,46.53,0.0,39.63,3,6,32,1,2
2026-02-01 04:03:09.822246,430.46,9.19,66.14,0.0,25.33,4,6,32,1,2
2026-02-01 05:03:09.822246,493.48,6.88,61.12,0.0,22.24,5,6,32,1,2
2026-02-01 06:03:09.822246,586.93,10.1,51.92,0.0,17.65,6,6,32,1,2
2026-02-01 07:03:09.822246,488.64,9.53,56.48,0.0,19.8,7,6,32,1,2
2026-02-01 08:03:09.822246,658.08,4.08,41.98,0.0,28.09,8,6,32,1,2
2026-02-01 09:03:09.822246,641.71,5.83,47.52,0.0,13.4,9,6,32,1,2
2026-02-01 10:03:09.822246,551.24,3.63,70.59,0.0,11.5,10,6,32,1,2
2026-02-01 11:03:09.822246,671.57,5.13,55.59,0.0,22.57,11,6,32,1,2
2026-02-01 12:03:09.822246,678.35,1.35,64.36,0.0,13.12,12,6,32,1,2
2026-02-01 13:03:09.822246,619.5,8.14,57.38,0.0,11.08,13,6,32,1,2
2026-02-01 14:03:09.822246,627.55,11.56,68.2,0.0,12.89,14,6,32,1,2
2026-02-01 15:03:09.822246,659.86,2.1,35.07,0.0,6.73,15,6,32,1,2
2026-02-01 16:03:09.822246,585.59,12.59,53.18,0.0,0.0,16,6,32,1,2
2026-02-01 17:03:09.822246,603.33,6.75,71.51,0.0,2.04,17,6,32,1,2
2026-02-01 18:03:09.822246,554.43,7.39,64.62,0.0,7.35,18,6,32,1,2
2026-02-01 19:03:09.822246,522.46,-2.31,68.31,0.0,5.67,19,6,32,1,2
2026-02-01 20:03:09.822246,585.44,-2.85,54.99,0.0,13.84,20,6,32,1,2
2026-02-01 21:03:09.822246,684.33,6.91,49.69,0.0,9.99,21,6,32,1,2
2026-02-01 22:03:09.822246,539.35,10.13,44.79,0.0,5.69,22,6,32,1,2
2026-02-01 23:03:09.822246,654.66,2.83,44.09,0.0,19.44,23,6,32,1,2
2026-02-02 00:03:09.822246,657.83,14.64,62.8,0.0,22.37,0,0,33,0,2
2026-02-02 01:03:09.822246,635.4,9.96,59.86,0.0,14.07,1,0,33,0,2
2026-02-02 02:03:09.822246,637.01,1.75,54.06,0.0,22.81,2,0,33,0,2
2026-02-02 03:03:09.822246,646.22,6.44,59.81,0.0,25.4,3,0,33,0,2
2026-02-02 04:03:09.822246,453.86,18.67,56.15,0.0,25.36,4,0,33,0,2
2026-02-02 05:03:09.822246,643.43,0.08,64.35,0.0,17.77,5,0,33,0,2
2026-02-02 06:03:09.822246,693.52,8.93,64.25,0.0,39.94,6,0,33,0,2
2026-02-02 07:03:09.822246,620.02,4.67,44.07,0.0,22.52,7,0,33,0,2
2026-02-02 08:03:09.822246,675.76,9.82,57.46,0.0,25.46,8,0,33,0,2
2026-02-02 09:03:09.822246,715.22,12.62,38.04,0.0,26.67,9,0,33,0,2
2026-02-02 10:03:09.822246,700.33,4.36,56.06,0.0,17.93,10,0,33,0,2
2026-02-02 11:03:09.822246,669.99,11.88,60.77,0.0,23.79,11,0,33,0,2
2026-02-02 12:03:09.822246,621.48,17.39,41.59,0.0,15.0,12,0,33,0,2
2026-02-02 13:03:09.822246,676.13,6.62,50.56,0.0,9.24,13,0,33,0,2
2026-02-02 14:03:09.822246,600.45,10.21,54.82,0.0,2.86,14,0,33,0,2
2026-02-02 15:03:09.822246,691.84,3.34,57.07,0.0,6.04,15,0,33,0,2
2026-02-02 16:03:09.822246,687.64,6.38,51.94,0.0,8.15,16,0,33,0,2
2026-02-02 17:03:09.822246,616.27,5.4,43.0,0.0,3.76,17,0,33,0,2
2026-02-02 18:03:09.822246,635.04,10.27,54.19,0.0,8.27,18,0,33,0,2
2026-02-02 19:03:09.822246,596.43,12.31,38.2,0.0,13.62,19,0,33,0,2
2026-02-02 20:03:09.822246,670.79,5.74,52.4,0.0,4.82,20,0,33,0,2
2026-02-02 21:03:09.822246,660.9,13.96,50.31,0.0,13.65,21,0,33,0,2
2026-02-02 22:03:09.822246,613.3,13.94,53.38,0.93,10.9,22,0,33,0,2
2026-02-02 23:03:09.822246,606.09,10.52,49.13,0.0,13.95,23,0,33,0,2
2026-02-03 00:03:09.822246,649.05,3.81,39.32,0.0,15.06,0,1,34,0,2
2026-02-03 01:03:09.822246,582.11,3.34,50.73,0.0,19.56,1,1,34,0,2
2026-02-03 02:03:09.822246,747.55,2.33,63.7,0.0,15.91,2,1,34,0,2
2026-02-03 03:03:09.822246,580.27,11.14,67.01,0.0,18.43,3,1,34,0,2
2026-02-03 04:03:09.822246,709.7,0.34,78.79,0.0,20.66,4,1,34,0,2
2026-02-03 05:03:09.822246,657.28,9.78,71.31,0.0,15.91,5,1,34,0,2
2026-02-03 06:03:09.822246,590.83,0.99,42.43,0.0,18.94,6,1,34,0,2
2026-02-03 07:03:09.822246,676.12,10.51,50.31,0.0,24.2,7,1,34,0,2
2026-02-03 08:03:09.822246,724.99,6.48,54.17,0.0,20.79,8,1,34,0,2
2026-02-03 09:03:09.822246,717.31,13.06,53.54,0.0,21.84,9,1,34,0,2
2026-02-03 10:03:09.822246,649.58,12.1,55.09,0.0,23.13,10,1,34,0,2
2026-02-03 11:03:09.822246,613.09,13.57,78.47,0.0,18.83,11,1,34,0,2
2026-02-03 12:03:09.822246,667.78,13.7,43.57,0.0,14.45,12,1,34,0,2
2026-02-03 13:03:09.822246,715.51,7.11,47.26,0.0,3.18,13,1,34,0,2
2026-02-03 14:03:09.822246,744.22,0.6,70.83,0.0,10.25,14,1,34,0,2
2026-02-03 15:03:09.822246,679.23,1.13,48.24,0.0,4.55,15,1,34,0,2
2026-02-03 16:03:09.822246,641.11,-4.04,58.33,0.0,9.8,16,1,34,0,2
2026-02-03 17:03:09.822246,709.87,0.98,64.74,0.0,1.35,17,1,34,0,2
2026-02-03 18:03:09.822246,789.0,6.74,59.26,0.0,0.0,18,1,34,0,2
2026-02-03 19:03:09.822246,641.91,3.6,56.31,4.43,12.44,19,1,34,0,2
2026-02-03 20:03:09.822246,651.53,5.49,63.78,0.0,0.0,20,1,34,0,2
2026-02-03 21:03:09.822246,667.38,8.86,45.46,0.0,16.38,21,1,34,0,2
2026-02-03 22:03:09.822246,620.36,4.87,49.43,0.0,10.53,22,1,34,0,2
2026-02-03 23:03:09.822246,754.43,0.79,59.75,0.0,10.73,23,1,34,0,2
2026-02-04 00:03:09.822246,635.13,6.24,33.37,0.0,12.84,0,2,35,0,2
2026-02-04 01:03:09.822246,600.13,2.01,68.23,0.0,21.99,1,2,35,0,2
2026-02-04 02:03:09.822246,599.57,5.15,57.1,0.0,21.09,2,2,35,0,2
2026-02-04 03:03:09.822246,579.05,13.22,55.6,0.0,22.94,3,2,35,0,2
2026-02-04 04:03:09.822246,626.48,5.15,37.76,0.0,23.33,4,2,35,0,2
2026-02-04 05:03:09.822246,550.63,15.36,41.2,0.0,22.35,5,2,35,0,2
2026-02-04 06:03:09.822246,617.45,13.66,50.08,0.0,31.25,6,2,35,0,2
2026-02-04 07:03:09.822246,660.01,3.61,62.14,0.0,22.28,7,2,35,0,2
2026-02-04 08:03:09.822246,756.49,0.95,33.3,0.0,17.25,8,2,35,0,2
2026-02-04 09:03:09.822246,746.8,6.24,61.95,0.0,23.6,9,2,35,0,2
2026-02-04 10:03:09.822246,738.33,12.27,50.47,0.0,12.84,10,2,35,0,2
2026-02-04 11:03:09.822246,698.04,4.05,51.83,0.0,24.96,11,2,35,0,2
2026-02-04 12:03:09.822246,658.38,11.05,56.6,0.0,17.06,12,2,35,0,2
2026-02-04 13:03:09.822246,684.41,12.55,56.76,0.0,1.83,13,2,35,0,2
2026-02-04 14:03:09.822246,656.0,2.64,46.94,0.0,11.9,14,2,35,0,2
2026-02-04 15:03:09.822246,722.07,3.13,60.31,0.0,6.06,15,2,35,0,2
2026-02-04 16:03:09.822246,644.92,10.07,30.87,0.0,12.71,16,2,35,0,2
2026-02-04 17:03:09.822246,655.48,7.26,49.56,0.0,4.64,17,2,35,0,2
2026-02-04 18:03:09.822246,678.79,3.08,55.6,0.0,4.41,18,2,35,0,2
2026-02-04 19:03:09.822246,601.55,4.74,50.62,0.0,3.34,19,2,35,0,2
2026-02-04 20:03:09.822246,646.08,6.15,35.8,0.0,4.86,20,2,35,0,2
2026-02-04 21:03:09.822246,640.82,-1.32,61.65,0.0,0.0,21,2,35,0,2
2026-02-04 22:03:09.822246,623.56,10.33,41.58,0.0,7.15,22,2,35,0,2
2026-02-04 23:03:09.822246,614.23,4.11,53.39,0.0,7.39,23,2,35,0,2
2026-02-05 00:03:09.822246,792.54,-7.3,55.27,0.0,12.9,0,3,36,0,2
2026-02-05 01:03:09.822246,605.47,6.5,53.94,0.0,23.05,1,3,36,0,2
2026-02-05 02:03:09.822246,683.17,2.91,65.43,0.0,28.09,2,3,36,0,2
2026-02-05 03:03:09.822246,521.35,15.06,53.21,0.0,23.12,3,3,36,0,2
2026-02-05 04:03:09.822246,673.07,3.69,58.01,0.0,20.65,4,3,36,0,2
2026-02-05 05:03:09.822246,682.56,1.13,53.18,0.0,17.58,5,3,36,0,2
2026-02-05 06:03:09.822246,637.22,9.16,59.87,0.0,22.54,6,3,36,0,2
2026-02-05 07:03:09.822246,664.83,3.32,67.67,0.0,18.42,7,3,36,0,2
2026-02-05 08:03:09.822246,701.01,2.72,55.11,0.0,22.54,8,3,36,0,2
2026-02-05 09:03:09.822246,804.45,9.17,61.56,0.0,21.78,9,3,36,0,2
2026-02-05 10:03:09.822246,624.8,1.42,68.29,0.0,20.93,10,3,36,0,2
2026-02-05 11:03:09.822246,803.22,-0.67,67.31,0.0,18.09,11,3,36,0,2
2026-02-05 12:03:09.822246,620.71,15.25,49.88,0.0,5.37,12,3,36,0,2
2026-02-05 13:03:09.822246,734.72,9.52,64.1,0.0,7.61,13,3,36,0,2
2026-02-05 14:03:09.822246,710.19,5.3,56.23,0.0,5.29,14,3,36,0,2
2026-02-05 15:03:09.822246,672.69,6.6,64.91,0.0,5.69,15,3,36,0,2
2026-02-05 16:03:09.822246,654.17,9.15,59.42,9.85,6.85,16,3,36,0,2
2026-02-05 17:03:09.822246,573.99,11.49,56.49,0.0,1.49,17,3,36,0,2
2026-02-05 18:03:09.822246,710.49,2.84,58.08,0.0,20.8,18,3,36,0,2
2026-02-05 19:03:09.822246,518.65,8.45,56.29,0.0,11.48,19,3,36,0,2
2026-02-05 20:03:09.822246,702.12,4.09,56.68,0.0,1.16,20,3,36,0,2
2026-02-05 21:03:09.822246,608.3,5.68,52.15,0.25,14.57,21,3,36,0,2
2026-02-05 22:03:09.822246,571.49,7.42,51.22,0.0,18.32,22,3,36,0,2
2026-02-05 23:03:09.822246,640.2,6.59,71.37,0.0,6.16,23,3,36,0,2
2026-02-06 00:03:09.822246,478.84,10.42,58.19,0.0,9.08,0,4,37,0,2
2026-02-06 01:03:09.822246,632.53,9.17,47.68,0.0,18.21,1,4,37,0,2
2026-02-06 02:03:09.822246,636.07,-0.8,50.64,0.0,25.3,2,4,37,0,2
2026-02-06 03:03:09.822246,687.21,-0.05,63.97,0.0,23.71,3,4,37,0,2
2026-02-06 04:03:09.822246,592.84,4.89,46.05,0.0,15.05,4,4,37,0,2
2026-02-06 05:03:09.822246,559.06,15.88,38.59,0.0,20.69,5,4,37,0,2
2026-02-06 06:03:09.822246,637.83,2.48,39.33,0.0,22.06,6,4,37,0,2
2026-02-06 07:03:09.822246,615.4,5.7,36.12,0.0,28.86,7,4,37,0,2
2026-02-06 08:03:09.822246,686.85,4.06,40.42,3.01,16.56,8,4,37,0,2
2026-02-06 09:03:09.822246,646.98,3.97,41.6,0.0,15.77,9,4,37,0,2
2026-02-06 10:03:09.822246,744.1,7.63,67.26,0.0,20.3,10,4,37,0,2
2026-02-06 11:03:09.822246,782.78,13.74,52.95,0.0,17.57,11,4,37,0,2
2026-02-06 12:03:09.822246,842.43,9.02,49.78,0.0,19.51,12,4,37,0,2
2026-02-06 13:03:09.822246,766.18,2.72,38.98,0.0,9.3,13,4,37,0,2
2026-02-06 14:03:09.822246,713.33,20.51,51.98,0.0,15.4,14,4,37,0,2
2026-02-06 15:03:09.822246,607.9,7.13,36.04,0.0,12.49,15,4,37,0,2
2026-02-06 16:03:09.822246,768.82,3.85,49.72,0.0,5.82,16,4,37,0,2
2026-02-06 17:03:09.822246,638.55,13.8,74.06,0.0,2.65,17,4,37,0,2
2026-02-06 18:03:09.822246,621.71,4.39,60.05,0.0,13.43,18,4,37,0,2
2026-02-06 19:03:09.822246,642.18,15.05,51.31,0.0,7.68,19,4,37,0,2
2026-02-06 20:03:09.822246,621.86,2.39,60.39,0.0,4.9,20,4,37,0,2
2026-02-06 21:03:09.822246,557.06,13.89,48.2,0.0,3.08,21,4,37,0,2
2026-02-06 22:03:09.822246,643.58,7.74,45.41,0.0,16.51,22,4,37,0,2
2026-02-06 23:03:09.822246,538.81,13.19,70.45,0.0,9.18,23,4,37,0,2
2026-02-07 00:03:09.822246,572.68,16.37,41.67,0.0,12.31,0,5,38,1,2
2026-02-07 01:03:09.822246,505.28,1.2,49.55,0.0,13.81,1,5,38,1,2
2026-02-07 02:03:09.822246,466.41,13.24,56.15,0.0,18.12,2,5,38,1,2
2026-02-07 03:03:09.822246,510.67,-0.18,43.73,0.0,24.07,3,5,38,1,2
2026-02-07 04:03:09.822246,584.26,1.63,59.59,0.0,21.09,4,5,38,1,2
2026-02-07 05:03:09.822246,492.88,2.84,50.02,0.0,24.17,5,5,38,1,2
2026-02-07 06:03:09.822246,482.66,9.38,59.73,0.0,21.47,6,5,38,1,2
2026-02-07 07:03:09.822246,554.97,7.03,58.95,3.43,27.1,7,5,38,1,2
2026-02-07 08:03:09.822246,539.81,6.03,50.66,0.0,23.16,8,5,38,1,2
2026-02-07 09:03:09.822246,552.31,7.59,70.19,0.0,15.91,9,5,38,1,2
2026-02-07 10:03:09.822246,546.55,9.82,46.43,0.0,19.37,10,5,38,1,2
2026-02-07 11:03:09.822246,732.39,10.2,66.58,0.0,18.75,11,5,38,1,2
2026-02-07 12:03:09.822246,572.56,12.33,64.84,0.0,12.94,12,5,38,1,2
2026-02-07 13:03:09.822246,571.55,15.96,70.8,0.0,2.02,13,5,38,1,2
2026-02-07 14:03:09.822246,588.82,6.75,54.83,0.63,16.26,14,5,38,1,2
2026-02-07 15:03:09.822246,590.63,4.26,45.2,0.0,2.9,15,5,38,1,2
2026-02-07 16:03:09.822246,593.58,9.93,73.86,0.0,9.42,16,5,38,1,2
2026-02-07 17:03:09.822246,635.24,1.14,49.74,0.0,3.44,17,5,38,1,2
2026-02-07 18:03:09.822246,558.88,3.47,44.95,0.0,4.52,18,5,38,1,2
2026-02-07 19:03:09.822246,488.94,11.86,51.19,0.0,4.35,19,5,38,1,2
2026-02-07 20:03:09.822246,592.2,6.24,43.27,0.0,11.35,20,5,38,1,2
2026-02-07 21:03:09.822246,579.88,0.82,58.35,0.0,9.09,21,5,38,1,2
2026-02-07 22:03:09.822246,625.37,-0.59,47.03,0.0,10.72,22,5,38,1,2
2026-02-07 23:03:09.822246,393.4,7.11,50.21,0.0,6.32,23,5,38,1,2
2026-02-08 00:03:09.822246,524.51,12.7,62.44,0.0,22.49,0,6,39,1,2
2026-02-08 01:03:09.822246,623.71,12.63,59.0,0.0,9.99,1,6,39,1,2
2026-02-08 02:03:09.822246,529.96,7.54,52.92,3.69,26.5,2,6,39,1,2
2026-02-08 03:03:09.822246,468.68,17.03,54.47,0.0,12.94,3,6,39,1,2
2026-02-08 04:03:09.822246,584.03,6.46,52.89,0.0,32.72,4,6,39,1,2
2026-02-08 05:03:09.822246,503.65,6.3,48.45,0.0,26.72,5,6,39,1,2
2026-02-08 06:03:09.822246,581.22,-5.85,52.74,0.0,22.42,6,6,39,1,2
2026-02-08 07:03:09.822246,565.98,4.75,57.67,0.0,17.74,7,6,39,1,2
2026-02-08 08:03:09.822246,546.66,11.25,51.5,0.0,23.58,8,6,39,1,2
2026-02-08 09:03:09.822246,610.62,14.81,56.96,0.0,24.36,9,6,39,1,2
2026-02-08 10:03:09.822246,648.69,2.84,44.4,2.36,20.29,10,6,39,1,2
2026-02-08 11:03:09.822246,654.27,9.3,46.73,0.0,15.55,11,6,39,1,2
2026-02-08 12:03:09.822246,646.05,12.22,45.42,0.0,11.36,12,6,39,1,2
2026-02-08 13:03:09.822246,637.46,7.04,47.11,0.0,18.32,13,6,39,1,2
2026-02-08 14:03:09.822246,620.31,-4.43,65.64,0.0,8.4,14,6,39,1,2
2026-02-08 15:03:09.822246,566.87,8.22,60.03,0.0,9.78,15,6,39,1,2
2026-02-08 16:03:09.822246,593.44,10.8,42.0,0.0,9.07,16,6,39,1,2
2026-02-08 17:03:09.822246,559.87,2.25,57.14,0.0,0.0,17,6,39,1,2
2026-02-08 18:03:09.822246,510.62,5.72,48.86,0.0,4.49,18,6,39,1,2
2026-02-08 19:03:09.822246,501.07,1.21,45.94,0.0,11.91,19,6,39,1,2
2026-02-08 20:03:09.822246,724.03,-5.86,37.91,0.0,7.79,20,6,39,1,2
2026-02-08 21:03:09.822246,380.09,12.12,62.48,0.0,10.16,21,6,39,1,2
2026-02-08 22:03:09.822246,537.77,6.97,39.13,0.0,7.88,22,6,39,1,2
2026-02-08 23:03:09.822246,562.82,14.98,52.25,0.01,17.85,23,6,39,1,2
2026-02-09 00:03:09.822246,601.38,11.41,42.98,0.0,24.76,0,0,40,0,2
2026-02-09 01:03:09.822246,667.49,5.35,60.2,0.0,13.71,1,0,40,0,2
2026-02-09 02:03:09.822246,657.17,6.7,49.1,8.31,23.93,2,0,40,0,2
2026-02-09 03:03:09.822246,595.59,9.95,51.1,0.0,15.19,3,0,40,0,2
2026-02-09 04:03:09.822246,504.19,11.95,51.44,0.0,26.7,4,0,40,0,2
2026-02-09 05:03:09.822246,625.8,8.73,55.47,0.0,26.86,5,0,40,0,2
2026-02-09 06:03:09.822246,535.14,12.65,52.58,0.0,19.28,6,0,40,0,2
2026-02-09 07:03:09.822246,607.67,5.64,52.01,0.0,29.29,7,0,40,0,2
2026-02-09 08:03:09.822246,643.73,2.13,47.26,0.0,18.68,8,0,40,0,2
2026-02-09 09:03:09.822246,776.37,6.79,36.7,0.0,31.74,9,0,40,0,2
2026-02-09 10:03:09.822246,803.67,8.14,41.26,0.0,20.72,10,0,40,0,2
2026-02-09 11:03:09.822246,756.24,1.11,59.63,2.14,16.82,11,0,40,0,2
2026-02-09 12:03:09.822246,727.48,0.43,49.39,0.0,11.66,12,0,40,0,2
2026-02-09 13:03:09.822246,626.48,9.36,45.81,0.0,15.45,13,0,40,0,2
2026-02-09 14:03:09.822246,750.38,5.09,38.39,0.0,11.71,14,0,40,0,2
2026-02-09 15:03:09.822246,757.47,6.29,35.25,0.0,8.64,15,0,40,0,2
2026-02-09 16:03:09.822246,718.24,5.32,45.41,0.0,2.59,16,0,40,0,2
2026-02-09 17:03:09.822246,512.67,14.72,61.33,0.0,4.0,17,0,40,0,2
2026-02-09 18:03:09.822246,596.91,13.43,46.88,0.0,1.31,18,0,40,0,2
2026-02-09 19:03:09.822246,704.56,0.93,56.45,0.0,0.0,19,0,40,0,2
2026-02-09 20:03:09.822246,549.84,4.45,46.42,0.0,5.64,20,0,40,0,2
2026-02-09 21:03:09.822246,603.73,11.37,58.83,0.0,2.36,21,0,40,0,2
2026-02-09 22:03:09.822246,617.17,10.13,48.93,0.0,20.09,22,0,40,0,2
2026-02-09 23:03:09.822246,634.78,6.91,40.13,0.0,21.8,23,0,40,0,2
2026-02-10 00:03:09.822246,591.05,1.56,49.44,0.0,16.77,0,1,41,0,2
2026-02-10 01:03:09.822246,708.02,3.84,70.47,0.0,8.44,1,1,41,0,2
2026-02-10 02:03:09.822246,642.14,4.67,70.03,0.0,22.29,2,1,41,0,2
2026-02-10 03:03:09.822246,519.36,8.64,56.99,0.0,20.98,3,1,41,0,2
2026-02-10 04:03:09.822246,489.83,15.77,50.76,0.0,29.23,4,1,41,0,2
2026-02-10 05:03:09.822246,712.53,3.82,55.17,0.0,29.75,5,1,41,0,2
2026-02-10 06:03:09.822246,635.65,2.12,55.3,0.0,21.22,6,1,41,0,2
2026-02-10 07:03:09.822246,684.79,6.71,51.73,0.0,22.83,7,1,41,0,2
2026-02-10 08:03:09.822246,610.68,12.41,56.54,0.0,21.47,8,1,41,0,2
2026-02-10 09:03:09.822246,700.89,0.02,54.21,0.0,19.99,9,1,41,0,2
2026-02-10 10:03:09.822246,642.59,14.52,48.97,0.0,12.08,10,1,41,0,2
2026-02-10 11:03:09.822246,712.73,6.39,40.18,0.0,19.5,11,1,41,0,2
2026-02-10 12:03:09.822246,626.17,3.58,47.53,0.0,15.41,12,1,41,0,2
2026-02-10 13:03:09.822246,733.7,-0.75,60.12,0.0,10.78,13,1,41,0,2
2026-02-10 14:03:09.822246,694.4,10.79,51.81,0.0,11.37,14,1,41,0,2
2026-02-10 15:03:09.822246,724.18,6.4,55.13,0.0,9.56,15,1,41,0,2
2026-02-10 16:03:09.822246,647.75,8.11,49.3,0.0,12.17,16,1,41,0,2
2026-02-10 17:03:09.822246,712.88,2.75,41.53,0.0,9.82,17,1,41,0,2
2026-02-10 18:03:09.822246,676.97,5.66,49.74,0.0,10.16,18,1,41,0,2
2026-02-10 19:03:09.822246,703.97,4.82,41.9,0.0,0.85,19,1,41,0,2
2026-02-10 20:03:09.822246,626.17,6.75,41.27,0.0,0.73,20,1,41,0,2
2026-02-10 21:03:09.822246,620.81,3.9,64.18,0.0,12.69,21,1,41,0,2
2026-02-10 22:03:09.822246,627.14,-0.42,47.93,0.0,18.54,22,1,41,0,2
2026-02-10 23:03:09.822246,595.87,20.9,44.71,0.0,16.65,23,1,41,0,2
2026-02-11 00:03:09.822246,743.51,0.57,67.99,0.0,16.65,0,2,42,0,2
2026-02-11 01:03:09.822246,642.87,8.3,59.96,0.0,17.62,1,2,42,0,2
2026-02-11 02:03:09.822246,742.88,-1.47,48.1,0.0,34.3,2,2,42,0,2
2026-02-11 03:03:09.822246,580.62,-2.59,56.09,0.0,26.24,3,2,42,0,2
2026-02-11 04:03:09.822246,585.93,7.88,49.45,0.0,22.66,4,2,42,0,2
2026-02-11 05:03:09.822246,668.19,8.26,44.89,0.0,34.58,5,2,42,0,2
2026-02-11 06:03:09.822246,591.18,13.7,56.56,0.0,33.61,6,2,42,0,2
2026-02-11 07:03:09.822246,703.87,9.39,48.57,0.0,17.49,7,2,42,0,2
2026-02-11 08:03:09.822246,665.95,6.64,52.57,0.0,17.52,8,2,42,0,2
2026-02-11 09:03:09.822246,685.13,2.64,62.03,0.0,21.04,9,2,42,0,2
2026-02-11 10:03:09.822246,658.58,14.89,60.93,0.0,26.38,10,2,42,0,2
2026-02-11 11:03:09.822246,611.29,12.03,46.31,0.0,14.69,11,2,42,0,2
2026-02-11 12:03:09.822246,669.65,1.16,56.67,6.93,9.9,12,2,42,0,2
2026-02-11 13:03:09.822246,773.92,7.58,40.53,0.22,16.48,13,2,42,0,2
2026-02-11 14:03:09.822246,736.5,8.11,56.32,0.0,0.35,14,2,42,0,2
2026-02-11 15:03:09.822246,733.82,5.66,53.3,0.0,6.17,15,2,42,0,2
2026-02-11 16:03:09.822246,526.17,11.25,55.6,0.0,0.97,16,2,42,0,2
2026-02-11 17:03:09.822246,593.59,11.55,48.84,0.0,5.3,17,2,42,0,2
2026-02-11 18:03:09.822246,572.6,6.44,72.65,0.0,0.26,18,2,42,0,2
2026-02-11 19:03:09.822246,682.37,5.99,42.8,0.0,4.58,19,2,42,0,2
2026-02-11 20:03:09.822246,537.64,14.89,61.53,0.0,8.45,20,2,42,0,2
2026-02-11 21:03:09.822246,561.99,12.05,41.5,0.0,8.58,21,2,42,0,2
2026-02-11 22:03:09.822246,635.56,7.75,56.86,0.0,7.31,22,2,42,0,2
2026-02-11 23:03:09.822246,610.1,-0.76,57.57,0.0,10.7,23,2,42,0,2
2026-02-12 00:03:09.822246,678.08,9.25,52.05,0.0,26.27,0,3,43,0,2
2026-02-12 01:03:09.822246,542.02,11.02,46.55,0.0,22.0,1,3,43,0,2
2026-02-12 02:03:09.822246,609.46,-6.24,52.91,0.0,18.84,2,3,43,0,2
2026-02-12 03:03:09.822246,497.46,8.79,54.17,0.0,22.96,3,3,43,0,2
2026-02-12 04:03:09.822246,615.46,5.45,69.4,0.0,25.92,4,3,43,0,2
2026-02-12 05:03:09.822246,607.09,6.43,42.78,0.0,20.85,5,3,43,0,2
2026-02-12 06:03:09.822246,581.37,3.0,45.94,0.0,25.01,6,3,43,0,2
2026-02-12 07:03:09.822246,727.8,6.79,54.35,0.0,19.29,7,3,43,0,2
2026-02-12 08:03:09.822246,671.76,14.49,48.94,0.0,18.69,8,3,43,0,2
2026-02-12 09:03:09.822246,663.29,5.3,50.5,0.0,26.45,9,3,43,0,2
2026-02-12 10:03:09.822246,746.29,12.36,62.2,0.0,25.03,10,3,43,0,2
2026-02-12 11:03:09.822246,780.82,3.5,23.3,0.0,23.35,11,3,43,0,2
2026-02-12 12:03:09.822246,657.94,11.33,45.52,0.0,14.64,12,3,43,0,2
2026-02-12 13:03:09.822246,677.02,7.54,34.08,0.0,9.94,13,3,43,0,2
2026-02-12 14:03:09.822246,756.4,9.29,39.54,0.0,10.05,14,3,43,0,2
2026-02-12 15:03:09.822246,677.24,7.57,75.55,0.0,0.0,15,3,43,0,2
2026-02-12 16:03:09.822246,671.4,10.74,57.48,0.0,13.28,16,3,43,0,2
2026-02-12 17:03:09.822246,671.16,-5.31,61.02,0.0,0.0,17,3,43,0,2
2026-02-12 18:03:09.822246,714.42,0.43,50.69,0.0,9.87,18,3,43,0,2
2026-02-12 19:03:09.822246,555.29,9.62,59.09,0.0,0.39,19,3,43,0,2
2026-02-12 20:03:09.822246,684.94,-2.69,33.83,0.0,6.3,20,3,43,0,2
2026-02-12 21:03:09.822246,699.43,4.88,61.88,0.0,3.67,21,3,43,0,2
2026-02-12 22:03:09.822246,587.92,7.26,43.3,0.0,5.82,22,3,43,0,2
2026-02-12 23:03:09.822246,558.11,3.39,46.19,0.0,0.21,23,3,43,0,2
2026-02-13 00:03:09.822246,613.41,4.22,56.24,0.0,8.65,0,4,44,0,2
2026-02-13 01:03:09.822246,639.31,9.04,54.35,0.0,22.14,1,4,44,0,2
2026-02-13 02:03:09.822246,607.24,12.72,52.04,0.0,13.88,2,4,44,0,2
2026-02-13 03:03:09.822246,655.04,2.89,37.56,0.0,15.73,3,4,44,0,2
2026-02-13 04:03:09.822246,643.75,4.8,52.19,0.0,23.12,4,4,44,0,2
2026-02-13 05:03:09.822246,637.26,4.02,60.8,0.0,13.02,5,4,44,0,2
2026-02-13 06:03:09.822246,652.56,-4.43,45.86,2.49,23.25,6,4,44,0,2
2026-02-13 07:03:09.822246,646.66,8.39,64.34,0.0,25.95,7,4,44,0,2
2026-02-13 08:03:09.822246,622.82,12.35,42.46,0.0,25.52,8,4,44,0,2
2026-02-13 09:03:09.822246,601.4,12.76,51.26,0.0,16.88,9,4,44,0,2
2026-02-13 10:03:09.822246,716.63,3.32,66.54,0.0,26.04,10,4,44,0,2
2026-02-13 11:03:09.822246,716.73,1.42,44.38,0.53,22.69,11,4,44,0,2
2026-02-13 12:03:09.822246,730.75,7.79,61.73,0.0,6.36,12,4,44,0,2
2026-02-13 13:03:09.822246,700.97,11.82,70.94,9.2,15.98,13,4,44,0,2
2026-02-13 14:03:09.822246,485.35,8.45,52.9,0.0,10.76,14,4,44,0,2
2026-02-13 15:03:09.822246,642.35,9.12,45.92,5.22,10.48,15,4,44,0,2
2026-02-13 16:03:09.822246,595.31,13.39,43.46,0.0,3.26,16,4,44,0,2
2026-02-13 17:03:09.822246,727.39,3.98,64.24,0.0,0.0,17,4,44,0,2
2026-02-13 18:03:09.822246,620.09,6.58,63.96,0.0,4.26,18,4,44,0,2
2026-02-13 19:03:09.822246,588.03,15.85,65.68,0.0,7.23,19,4,44,0,2
2026-02-13 20:03:09.822246,695.37,6.69,50.86,0.0,8.32,20,4,44,0,2
2026-02-13 21:03:09.822246,555.42,1.34,61.57,0.0,9.64,21,4,44,0,2
2026-02-13 22:03:09.822246,613.08,4.33,50.7,0.0,4.62,22,4,44,0,2
2026-02-13 23:03:09.822246,581.26,2.99,42.36,0.0,19.26,23,4,44,0,2
2026-02-14 00:03:09.822246,487.16,9.61,62.12,0.0,20.96,0,5,45,1,2
2026-02-14 01:03:09.822246,496.52,3.35,67.22,0.0,18.82,1,5,45,1,2
2026-02-14 02:03:09.822246,475.9,9.18,40.68,0.0,15.23,2,5,45,1,2
2026-02-14 03:03:09.822246,657.57,4.15,40.49,0.0,23.38,3,5,45,1,2
2026-02-14 04:03:09.822246,620.76,-2.79,51.28,0.96,21.52,4,5,45,1,2
2026-02-14 05:03:09.822246,543.77,9.36,60.44,0.0,22.9,5,5,45,1,2
2026-02-14 06:03:09.822246,556.91,8.57,39.54,0.0,28.35,6,5,45,1,2
2026-02-14 07:03:09.822246,444.97,10.42,53.15,0.0,22.56,7,5,45,1,2
2026-02-14 08:03:09.822246,615.41,4.46,44.98,0.0,30.73,8,5,45,1,2
2026-02-14 09:03:09.822246,684.42,3.93,57.89,0.0,25.22,9,5,45,1,2
2026-02-14 10:03:09.822246,544.76,9.83,42.9,0.0,25.04,10,5,45,1,2
2026-02-14 11:03:09.822246,615.12,15.42,58.6,0.0,13.11,11,5,45,1,2
2026-02-14 12:03:09.822246,672.91,7.88,49.3,0.0,11.91,12,5,45,1,2
2026-02-14 13:03:09.822246,692.08,9.95,41.51,0.0,6.19,13,5,45,1,2
2026-02-14 14:03:09.822246,592.39,6.22,51.52,0.0,16.6,14,5,45,1,2
2026-02-14 15:03:09.822246,576.67,0.11,31.5,0.0,22.33,15,5,45,1,2
2026-02-14 16:03:09.822246,564.53,12.66,45.29,0.0,8.94,16,5,45,1,2
2026-02-14 17:03:09.822246,642.19,12.37,54.26,0.0,6.64,17,5,45,1,2
2026-02-14 18:03:09.822246,404.35,11.38,33.16,0.0,2.62,18,5,45,1,2
2026-02-14 19:03:09.822246,412.97,6.92,25.17,0.0,13.42,19,5,45,1,2
2026-02-14 20:03:09.822246,492.32,10.81,27.49,0.0,6.12,20,5,45,1,2
2026-02-14 21:03:09.822246,500.4,12.3,64.15,0.0,4.69,21,5,45,1,2
2026-02-14 22:03:09.822246,504.89,15.93,50.11,0.0,2.62,22,5,45,1,2
2026-02-14 23:03:09.822246,579.06,12.77,45.56,0.0,7.19,23,5,45,1,2
2026-02-15 00:03:09.822246,544.15,8.3,60.03,0.0,15.35,0,6,46,1,2
2026-02-15 01:03:09.822246,468.58,1.44,46.53,0.0,8.42,1,6,46,1,2
2026-02-15 02:03:09.822246,603.48,8.76,53.26,4.49,13.87,2,6,46,1,2
2026-02-15 03:03:09.822246,494.41,9.26,50.83,0.0,30.39,3,6,46,1,2
2026-02-15 04:03:09.822246,442.49,11.52,45.87,0.0,27.81,4,6,46,1,2
2026-02-15 05:03:09.822246,524.93,14.75,53.52,0.0,23.03,5,6,46,1,2
2026-02-15 06:03:09.822246,544.37,7.5,58.31,0.0,29.72,6,6,46,1,2
2026-02-15 07:03:09.822246,453.52,18.48,48.73,3.56,20.83,7,6,46,1,2
2026-02-15 08:03:09.822246,671.42,-0.82,45.97,0.0,27.56,8,6,46,1,2
2026-02-15 09:03:09.822246,654.11,10.08,47.15,0.0,20.26,9,6,46,1,2
2026-02-15 10:03:09.822246,611.64,3.99,27.6,0.0,29.85,10,6,46,1,2
2026-02-15 11:03:09.822246,763.36,-1.56,53.41,0.0,11.9,11,6,46,1,2
2026-02-15 12:03:09.822246,540.2,6.97,38.49,0.0,22.65,12,6,46,1,2
2026-02-15 13:03:09.822246,687.31,0.69,56.87,0.0,11.77,13,6,46,1,2
2026-02-15 14:03:09.822246,572.03,7.17,49.67,11.17,0.61,14,6,46,1,2
2026-02-15 15:03:09.822246,723.06,8.15,51.63,0.0,9.48,15,6,46,1,2
2026-02-15 16:03:09.822246,577.34,13.57,57.58,0.0,9.83,16,6,46,1,2
2026-02-15 17:03:09.822246,604.94,0.44,41.31,8.29,12.84,17,6,46,1,2
2026-02-15 18:03:09.822246,537.89,12.52,54.27,0.0,8.81,18,6,46,1,2
2026-02-15 19:03:09.822246,559.72,8.47,53.25,0.0,0.69,19,6,46,1,2
2026-02-15 20:03:09.822246,546.54,13.12,48.73,0.0,11.53,20,6,46,1,2
2026-02-15 21:03:09.822246,479.99,5.82,41.29,0.0,8.2,21,6,46,1,2
2026-02-15 22:03:09.822246,543.77,1.32,56.53,0.0,2.09,22,6,46,1,2
2026-02-15 23:03:09.822246,543.59,1.89,57.61,0.0,11.99,23,6,46,1,2
2026-02-16 00:03:09.822246,638.32,1.68,51.41,0.0,9.12,0,0,47,0,2
2026-02-16 01:03:09.822246,610.36,10.52,39.57,0.0,16.89,1,0,47,0,2
2026-02-16 02:03:09.822246,468.8,15.52,45.0,0.0,23.64,2,0,47,0,2
2026-02-16 03:03:09.822246,650.82,5.31,49.67,0.0,16.44,3,0,47,0,2
2026-02-16 04:03:09.822246,585.81,11.28,57.16,0.0,25.13,4,0,47,0,2
2026-02-16 05:03:09.822246,617.21,0.52,34.44,0.0,30.08,5,0,47,0,2
2026-02-16 06:03:09.822246,554.01,9.04,44.64,0.0,21.88,6,0,47,0,2
2026-02-16 07:03:09.822246,604.67,11.48,46.25,0.0,23.24,7,0,47,0,2
2026-02-16 08:03:09.822246,494.06,0.9,49.44,0.0,29.0,8,0,47,0,2
2026-02-16 09:03:09.822246,664.51,7.12,37.26,0.0,27.64,9,0,47,0,2
2026-02-16 10:03:09.822246,679.68,11.72,48.1,0.0,14.21,10,0,47,0,2
2026-02-16 11:03:09.822246,803.77,-6.53,47.17,0.0,12.38,11,0,47,0,2
2026-02-16 12:03:09.822246,626.29,14.81,39.9,0.0,18.95,12,0,47,0,2
2026-02-16 13:03:09.822246,640.35,9.9,49.09,0.0,11.26,13,0,47,0,2
2026-02-16 14:03:09.822246,743.31,11.72,44.86,0.0,9.22,14,0,47,0,2
2026-02-16 15:03:09.822246,756.35,6.07,55.23,0.0,0.0,15,0,47,0,2
2026-02-16 16:03:09.822246,755.09,-0.48,41.42,0.0,4.03,16,0,47,0,2
2026-02-16 17:03:09.822246,616.57,10.81,51.17,0.0,4.52,17,0,47,0,2
2026-02-16 18:03:09.822246,674.31,7.72,42.19,0.0,8.62,18,0,47,0,2
2026-02-16 19:03:09.822246,589.74,8.3,44.28,0.0,3.48,19,0,47,0,2
2026-02-16 20:03:09.822246,554.4,13.57,53.25,0.0,9.97,20,0,47,0,2
2026-02-16 21:03:09.822246,626.5,11.95,52.62,0.0,7.07,21,0,47,0,2
2026-02-16 22:03:09.822246,534.19,17.74,46.1,0.0,16.28,22,0,47,0,2
2026-02-16 23:03:09.822246,660.21,8.91,47.58,0.0,12.34,23,0,47,0,2
2026-02-17 00:03:09.822246,593.02,4.84,35.44,0.0,12.42,0,1,48,0,2
2026-02-17 01:03:09.822246,662.16,7.35,64.0,0.0,13.93,1,1,48,0,2
2026-02-17 02:03:09.822246,675.39,10.37,56.85,0.0,14.81,2,1,48,0,2
2026-02-17 03:03:09.822246,609.58,13.37,56.49,0.0,23.64,3,1,48,0,2
2026-02-17 04:03:09.822246,578.74,0.96,34.02,0.0,33.46,4,1,48,0,2
2026-02-17 05:03:09.822246,608.87,8.34,44.02,0.0,28.59,5,1,48,0,2
2026-02-17 06:03:09.822246,624.93,16.34,46.63,0.0,27.06,6,1,48,0,2
2026-02-17 07:03:09.822246,704.65,7.09,30.66,0.0,18.5,7,1,48,0,2
2026-02-17 08:03:09.822246,599.66,12.95,58.87,0.0,17.76,8,1,48,0,2
2026-02-17 09:03:09.822246,641.71,10.76,64.51,0.0,26.82,9,1,48,0,2
2026-02-17 10:03:09.822246,726.44,13.07,70.59,0.0,22.31,10,1,48,0,2
2026-02-17 11:03:09.822246,685.07,4.25,39.52,0.0,14.41,11,1,48,0,2
2026-02-17 12:03:09.822246,697.09,4.27,51.15,0.09,6.42,12,1,48,0,2
2026-02-17 13:03:09.822246,807.89,8.4,63.2,0.0,11.42,13,1,48,0,2
2026-02-17 14:03:09.822246,744.68,0.63,47.44,0.0,5.51,14,1,48,0,2
2026-02-17 15:03:09.822246,633.81,6.95,44.31,0.0,5.29,15,1,48,0,2
2026-02-17 16:03:09.822246,577.18,9.56,31.31,0.0,0.0,16,1,48,0,2
2026-02-17 17:03:09.822246,596.18,17.22,61.3,0.0,9.37,17,1,48,0,2
2026-02-17 18:03:09.822246,559.06,10.31,49.78,0.0,1.95,18,1,48,0,2
2026-02-17 19:03:09.822246,591.07,11.42,42.68,0.0,7.9,19,1,48,0,2
2026-02-17 20:03:09.822246,601.38,14.12,52.81,0.0,8.27,20,1,48,0,2
2026-02-17 21:03:09.822246,724.64,3.47,51.51,0.0,5.02,21,1,48,0,2
2026-02-17 22:03:09.822246,605.44,7.47,51.66,0.0,9.07,22,1,48,0,2
2026-02-17 23:03:09.822246,515.38,20.42,47.8,0.0,21.21,23,1,48,0,2
2026-02-18 00:03:09.822246,693.2,8.06,65.9,0.0,9.85,0,2,49,0,2
2026-02-18 01:03:09.822246,544.75,14.04,48.34,0.0,13.39,1,2,49,0,2
2026-02-18 02:03:09.822246,504.33,13.28,65.87,0.0,9.5,2,2,49,0,2
2026-02-18 03:03:09.822246,631.84,1.07,55.32,0.0,21.34,3,2,49,0,2
2026-02-18 04:03:09.822246,661.2,10.01,53.19,0.0,13.18,4,2,49,0,2
2026-02-18 05:03:09.822246,604.62,9.19,48.55,0.0,22.22,5,2,49,0,2
2026-02-18 06:03:09.822246,603.34,10.11,59.42,0.0,15.96,6,2,49,0,2
2026-02-18 07:03:09.822246,723.0,4.69,50.81,0.0,28.29,7,2,49,0,2
2026-02-18 08:03:09.822246,607.5,2.87,40.36,0.0,22.82,8,2,49,0,2
2026-02-18 09:03:09.822246,609.53,6.08,40.02,0.0,5.41,9,2,49,0,2
2026-02-18 10:03:09.822246,612.09,7.97,53.9,0.0,15.16,10,2,49,0,2
2026-02-18 11:03:09.822246,697.22,14.38,40.6,0.0,15.2,11,2,49,0,2
2026-02-18 12:03:09.822246,672.86,17.55,49.06,0.0,17.63,12,2,49,0,2
2026-02-18 13:03:09.822246,734.37,15.44,60.25,0.0,16.76,13,2,49,0,2
2026-02-18 14:03:09.822246,669.99,12.76,52.72,0.0,11.97,14,2,49,0,2
2026-02-18 15:03:09.822246,675.69,3.44,42.46,0.0,9.44,15,2,49,0,2
2026-02-18 16:03:09.822246,659.72,6.41,63.78,0.0,8.41,16,2,49,0,2
2026-02-18 17:03:09.822246,611.78,9.51,55.16,0.0,8.58,17,2,49,0,2
2026-02-18 18:03:09.822246,520.6,5.3,59.86,0.0,5.06,18,2,49,0,2
2026-02-18 19:03:09.822246,739.02,11.34,27.0,0.0,4.26,19,2,49,0,2
2026-02-18 20:03:09.822246,568.66,12.06,52.99,0.0,7.26,20,2,49,0,2
2026-02-18 21:03:09.822246,616.36,11.14,58.1,0.0,13.76,21,2,49,0,2
2026-02-18 22:03:09.822246,619.68,13.58,66.68,0.0,0.0,22,2,49,0,2
2026-02-18 23:03:09.822246,683.43,3.94,35.04,5.71,0.94,23,2,49,0,2
2026-02-19 00:03:09.822246,574.21,13.29,61.45,0.0,17.8,0,3,50,0,2
2026-02-19 01:03:09.822246,615.28,5.15,65.83,0.0,13.1,1,3,50,0,2
2026-02-19 02:03:09.822246,677.98,3.92,29.21,0.0,20.35,2,3,50,0,2
2026-02-19 03:03:09.822246,660.14,11.29,54.17,0.0,21.91,3,3,50,0,2
2026-02-19 04:03:09.822246,581.25,14.7,55.56,0.0,34.47,4,3,50,0,2
2026-02-19 05:03:09.822246,649.01,11.07,46.12,0.0,28.04,5,3,50,0,2
2026-02-19 06:03:09.822246,684.43,8.73,44.48,0.0,30.02,6,3,50,0,2
2026-02-19 07:03:09.822246,691.27,10.18,56.06,0.0,23.11,7,3,50,0,2
2026-02-19 08:03:09.822246,717.95,9.31,43.24,0.0,19.63,8,3,50,0,2
2026-02-19 09:03:09.822246,680.79,3.0,47.21,0.0,17.84,9,3,50,0,2
2026-02-19 10:03:09.822246,730.07,2.41,57.51,0.0,26.13,10,3,50,0,2
2026-02-19 11:03:09.822246,737.44,8.23,66.93,0.0,20.21,11,3,50,0,2
2026-02-19 12:03:09.822246,679.3,9.02,54.77,0.0,15.38,12,3,50,0,2
2026-02-19 13:03:09.822246,687.19,8.68,50.72,0.0,20.97,13,3,50,0,2
2026-02-19 14:03:09.822246,681.48,12.01,44.22,0.0,9.3,14,3,50,0,2
2026-02-19 15:03:09.822246,648.5,7.55,39.28,0.0,4.08,15,3,50,0,2
2026-02-19 16:03:09.822246,738.7,11.44,60.48,0.0,4.63,16,3,50,0,2
2026-02-19 17:03:09.822246,562.88,7.9,47.85,0.0,10.72,17,3,50,0,2
2026-02-19 18:03:09.822246,479.78,17.74,60.89,0.0,0.0,18,3,50,0,2
2026-02-19 19:03:09.822246,705.74,9.03,46.09,0.0,5.1,19,3,50,0,2
2026-02-19 20:03:09.822246,572.8,20.33,42.89,0.0,14.39,20,3,50,0,2
2026-02-19 21:03:09.822246,552.54,10.39,53.59,0.0,9.96,21,3,50,0,2
2026-02-19 22:03:09.822246,619.83,7.56,48.62,0.0,9.01,22,3,50,0,2
2026-02-19 23:03:09.822246,685.59,4.13,37.33,0.0,22.04,23,3,50,0,2
2026-02-20 00:03:09.822246,631.66,1.58,67.27,0.0,16.74,0,4,51,0,2
2026-02-20 01:03:09.822246,734.24,3.84,42.83,0.0,9.53,1,4,51,0,2
2026-02-20 02:03:09.822246,543.64,4.4,58.37,0.0,19.14,2,4,51,0,2
2026-02-20 03:03:09.822246,599.36,10.77,57.51,0.0,28.15,3,4,51,0,2
2026-02-20 04:03:09.822246,677.47,6.16,36.5,0.0,24.5,4,4,51,0,2
2026-02-20 05:03:09.822246,646.12,9.73,39.07,0.0,32.42,5,4,51,0,2
2026-02-20 06:03:09.822246,565.5,15.21,46.08,0.0,19.63,6,4,51,0,2
2026-02-20 07:03:09.822246,634.72,8.36,40.44,0.97,24.23,7,4,51,0,2
2026-02-20 08:03:09.822246,645.36,19.19,66.36,0.0,25.44,8,4,51,0,2
2026-02-20 09:03:09.822246,728.41,2.92,47.09,0.0,15.85,9,4,51,0,2
2026-02-20 10:03:09.822246,733.31,8.04,57.99,0.0,19.97,10,4,51,0,2
2026-02-20 11:03:09.822246,767.13,6.1,54.23,0.0,19.71,11,4,51,0,2
2026-02-20 12:03:09.822246,649.68,13.48,51.74,6.09,8.68,12,4,51,0,2
2026-02-20 13:03:09.822246,735.95,-2.4,49.5,0.0,5.01,13,4,51,0,2
2026-02-20 14:03:09.822246,646.06,1.58,61.47,0.0,15.94,14,4,51,0,2
2026-02-20 15:03:09.822246,654.81,8.26,40.84,0.0,8.51,15,4,51,0,2
2026-02-20 16:03:09.822246,665.98,16.55,66.36,0.0,0.0,16,4,51,0,2
2026-02-20 17:03:09.822246,653.89,9.92,36.22,0.0,1.94,17,4,51,0,2
2026-02-20 18:03:09.822246,786.22,2.04,56.91,3.47,5.4,18,4,51,0,2
2026-02-20 19:03:09.822246,619.46,2.81,35.04,0.0,0.0,19,4,51,0,2
2026-02-20 20:03:09.822246,589.11,17.16,45.94,0.0,1.73,20,4,51,0,2
2026-02-20 21:03:09.822246,607.18,5.69,50.03,0.0,6.33,21,4,51,0,2
2026-02-20 22:03:09.822246,579.59,4.08,44.23,0.0,8.4,22,4,51,0,2
2026-02-20 23:03:09.822246,568.05,16.18,47.28,0.0,7.14,23,4,51,0,2
2026-02-21 00:03:09.822246,558.28,14.02,34.94,0.0,14.3,0,5,52,1,2
2026-02-21 01:03:09.822246,494.29,15.34,38.93,0.0,15.56,1,5,52,1,2
2026-02-21 02:03:09.822246,504.67,4.22,53.79,0.0,19.03,2,5,52,1,2
2026-02-21 03:03:09.822246,489.34,1.34,49.1,0.0,23.62,3,5,52,1,2
2026-02-21 04:03:09.822246,495.5,9.63,41.9,0.0,14.36,4,5,52,1,2
2026-02-21 05:03:09.822246,542.96,10.64,62.05,0.0,28.23,5,5,52,1,2
2026-02-21 06:03:09.822246,572.26,10.79,36.61,0.0,27.63,6,5,52,1,2
2026-02-21 07:03:09.822246,481.09,16.36,45.19,0.0,27.08,7,5,52,1,2
2026-02-21 08:03:09.822246,600.73,0.3,43.75,0.0,22.77,8,5,52,1,2
2026-02-21 09:03:09.822246,563.0,13.27,54.96,0.0,21.07,9,5,52,1,2
2026-02-21 10:03:09.822246,527.77,3.49,49.29,0.0,19.38,10,5,52,1,2
2026-02-21 11:03:09.822246,578.63,13.25,47.73,0.0,17.96,11,5,52,1,2
2026-02-21 12:03:09.822246,607.05,6.59,30.37,0.0,18.96,12,5,52,1,2
2026-02-21 13:03:09.822246,572.41,4.9,57.46,0.0,16.19,13,5,52,1,2
2026-02-21 14:03:09.822246,637.74,5.92,46.63,0.0,8.59,14,5,52,1,2
2026-02-21 15:03:09.822246,632.97,1.74,49.96,0.0,10.87,15,5,52,1,2
2026-02-21 16:03:09.822246,518.68,9.17,41.32,0.0,8.78,16,5,52,1,2
2026-02-21 17:03:09.822246,585.37,5.11,39.75,0.0,8.8,17,5,52,1,2
2026-02-21 18:03:09.822246,572.85,12.9,63.8,0.0,3.07,18,5,52,1,2
2026-02-21 19:03:09.822246,580.38,12.17,31.08,0.0,11.76,19,5,52,1,2
2026-02-21 20:03:09.822246,365.14,17.41,38.27,0.0,10.38,20,5,52,1,2
2026-02-21 21:03:09.822246,504.27,10.8,63.61,0.0,2.48,21,5,52,1,2
2026-02-21 22:03:09.822246,473.65,11.57,55.22,0.0,5.99,22,5,52,1,2
2026-02-21 23:03:09.822246,515.97,15.97,45.55,0.0,20.01,23,5,52,1,2
2026-02-22 00:03:09.822246,506.2,6.01,60.99,0.0,5.72,0,6,53,1,2
2026-02-22 01:03:09.822246,601.18,1.7,52.99,0.0,17.46,1,6,53,1,2
2026-02-22 02:03:09.822246,503.41,10.15,50.85,0.0,30.5,2,6,53,1,2
2026-02-22 03:03:09.822246,533.51,2.03,50.78,0.0,27.44,3,6,53,1,2
2026-02-22 04:03:09.822246,434.58,21.42,53.18,0.0,28.79,4,6,53,1,2
2026-02-22 05:03:09.822246,462.72,16.42,53.58,0.0,18.7,5,6,53,1,2
2026-02-22 06:03:09.822246,502.71,19.97,70.48,0.0,28.98,6,6,53,1,2
2026-02-22 07:03:09.822246,550.73,9.46,46.58,0.0,32.33,7,6,53,1,2
2026-02-22 08:03:09.822246,622.93,11.9,46.88,0.0,22.11,8,6,53,1,2
2026-02-22 09:03:09.822246,572.36,6.85,36.16,0.0,22.09,9,6,53,1,2
2026-02-22 10:03:09.822246,609.47,13.56,48.01,0.0,25.06,10,6,53,1,2
2026-02-22 11:03:09.822246,693.9,3.07,67.15,0.0,16.51,11,6,53,1,2
2026-02-22 12:03:09.822246,773.17,-3.57,58.37,0.0,7.42,12,6,53,1,2
2026-02-22 13:03:09.822246,617.44,5.19,43.09,4.14,0.0,13,6,53,1,2
2026-02-22 14:03:09.822246,603.96,1.87,48.82,0.0,11.58,14,6,53,1,2
2026-02-22 15:03:09.822246,579.35,16.53,35.56,0.0,5.41,15,6,53,1,2
2026-02-22 16:03:09.822246,471.91,18.22,38.83,0.0,0.0,16,6,53,1,2
2026-02-22 17:03:09.822246,580.1,2.13,50.02,11.45,1.35,17,6,53,1,2
2026-02-22 18:03:09.822246,551.9,15.6,43.58,0.0,3.06,18,6,53,1,2
2026-02-22 19:03:09.822246,534.86,13.9,38.08,0.0,2.92,19,6,53,1,2
2026-02-22 20:03:09.822246,542.11,1.3,53.42,0.0,11.99,20,6,53,1,2
2026-02-22 21:03:09.822246,541.98,7.19,47.7,0.0,11.22,21,6,53,1,2
2026-02-22 22:03:09.822246,534.43,6.24,32.85,0.0,9.27,22,6,53,1,2
2026-02-22 23:03:09.822246,544.94,12.89,27.77,0.0,6.04,23,6,53,1,2
2026-02-23 00:03:09.822246,642.6,3.18,42.54,0.0,18.53,0,0,54,0,2
2026-02-23 01:03:09.822246,573.06,8.83,32.36,0.0,24.94,1,0,54,0,2
2026-02-23 02:03:09.822246,616.35,5.9,29.56,0.0,28.66,2,0,54,0,2
2026-02-23 03:03:09.822246,577.4,11.69,59.53,0.0,20.71,3,0,54,0,2
2026-02-23 04:03:09.822246,548.55,8.24,47.27,7.37,26.62,4,0,54,0,2
2026-02-23 05:03:09.822246,650.89,6.65,45.59,0.0,21.43,5,0,54,0,2
2026-02-23 06:03:09.822246,588.42,8.26,46.36,0.0,20.88,6,0,54,0,2
2026-02-23 07:03:09.822246,662.13,19.51,36.87,0.0,28.27,7,0,54,0,2
2026-02-23 08:03:09.822246,728.73,7.24,52.35,0.0,17.4,8,0,54,0,2
2026-02-23 09:03:09.822246,673.52,4.12,46.94,0.0,19.65,9,0,54,0,2
2026-02-23 10:03:09.822246,682.02,12.24,40.67,0.0,25.74,10,0,54,0,2
2026-02-23 11:03:09.822246,661.36,8.61,42.17,0.0,15.08,11,0,54,0,2
2026-02-23 12:03:09.822246,740.89,2.25,35.97,0.0,9.83,12,0,54,0,2
2026-02-23 13:03:09.822246,753.45,20.48,44.18,0.0,22.38,13,0,54,0,2
2026-02-23 14:03:09.822246,683.32,7.56,45.85,0.0,12.82,14,0,54,0,2
2026-02-23 15:03:09.822246,688.92,7.44,43.92,0.0,0.0,15,0,54,0,2
2026-02-23 16:03:09.822246,712.99,10.12,48.8,0.0,8.02,16,0,54,0,2
2026-02-23 17:03:09.822246,513.13,17.98,47.46,0.0,4.74,17,0,54,0,2
2026-02-23 18:03:09.822246,592.48,0.93,50.55,0.0,9.06,18,0,54,0,2
2026-02-23 19:03:09.822246,526.12,10.71,57.68,0.0,7.85,19,0,54,0,2
2026-02-23 20:03:09.822246,500.18,19.76,54.17,0.0,6.12,20,0,54,0,2
2026-02-23 21:03:09.822246,466.62,9.97,57.79,0.0,9.25,21,0,54,0,2
2026-02-23 22:03:09.822246,667.04,3.15,39.77,0.0,11.59,22,0,54,0,2
2026-02-23 23:03:09.822246,729.67,6.23,43.16,0.0,14.41,23,0,54,0,2
2026-02-24 00:03:09.822246,599.24,10.54,54.5,0.0,13.12,0,1,55,0,2
2026-02-24 01:03:09.822246,517.82,16.16,54.68,0.0,10.39,1,1,55,0,2
2026-02-24 02:03:09.822246,559.65,7.81,41.18,0.0,18.89,2,1,55,0,2
2026-02-24 03:03:09.822246,538.28,13.64,54.08,0.0,19.79,3,1,55,0,2
2026-02-24 04:03:09.822246,559.39,2.33,38.53,0.0,23.36,4,1,55,0,2
2026-02-24 05:03:09.822246,669.09,2.29,52.78,0.0,30.18,5,1,55,0,2
2026-02-24 06:03:09.822246,653.37,7.09,47.7,0.0,32.28,6,1,55,0,2
2026-02-24 07:03:09.822246,519.73,16.7,34.12,4.67,28.25,7,1,55,0,2
2026-02-24 08:03:09.822246,673.3,9.85,43.63,0.0,27.72,8,1,55,0,2
2026-02-24 09:03:09.822246,760.79,10.96,69.79,0.0,21.61,9,1,55,0,2
2026-02-24 10:03:09.822246,759.81,10.9,50.0,0.0,18.07,10,1,55,0,2
2026-02-24 11:03:09.822246,804.58,15.05,70.97,0.0,21.27,11,1,55,0,2
2026-02-24 12:03:09.822246,676.54,6.46,33.53,0.0,19.86,12,1,55,0,2
2026-02-24 13:03:09.822246,786.02,12.95,55.47,0.0,17.21,13,1,55,0,2
2026-02-24 14:03:09.822246,664.47,5.35,22.62,14.3,9.29,14,1,55,0,2
2026-02-24 15:03:09.822246,605.48,19.42,47.97,0.0,8.35,15,1,55,0,2
2026-02-24 16:03:09.822246,648.22,5.51,54.28,0.0,16.03,16,1,55,0,2
2026-02-24 17:03:09.822246,588.08,5.1,56.35,0.0,0.0,17,1,55,0,2
2026-02-24 18:03:09.822246,571.81,12.26,39.97,0.0,9.9,18,1,55,0,2
2026-02-24 19:03:09.822246,523.76,9.91,58.36,0.0,3.64,19,1,55,0,2
2026-02-24 20:03:09.822246,553.13,11.14,42.63,0.0,4.64,20,1,55,0,2
2026-02-24 21:03:09.822246,640.42,10.64,46.33,0.0,6.5,21,1,55,0,2
2026-02-24 22:03:09.822246,646.32,4.06,43.63,0.0,0.74,22,1,55,0,2
2026-02-24 23:03:09.822246,561.43,17.57,36.6,0.0,11.36,23,1,55,0,2
2026-02-25 00:03:09.822246,603.01,14.16,63.39,0.0,21.4,0,2,56,0,2
2026-02-25 01:03:09.822246,628.85,16.49,48.17,0.0,16.12,1,2,56,0,2
2026-02-25 02:03:09.822246,548.88,7.05,58.57,0.0,19.22,2,2,56,0,2
2026-02-25 03:03:09.822246,606.35,11.78,58.14,0.0,17.62,3,2,56,0,2
2026-02-25 04:03:09.822246,577.27,10.68,38.01,0.0,23.77,4,2,56,0,2
2026-02-25 05:03:09.822246,572.71,15.33,59.86,0.0,11.86,5,2,56,0,2
2026-02-25 06:03:09.822246,601.07,15.5,52.73,0.0,21.03,6,2,56,0,2
2026-02-25 07:03:09.822246,555.34,10.66,37.29,0.0,26.59,7,2,56,0,2
2026-02-25 08:03:09.822246,640.6,2.1,52.18,0.21,17.03,8,2,56,0,2
2026-02-25 09:03:09.822246,543.96,18.59,37.46,0.0,15.88,9,2,56,0,2
2026-02-25 10:03:09.822246,624.84,12.47,63.76,0.0,17.67,10,2,56,0,2
2026-02-25 11:03:09.822246,797.25,6.65,55.83,0.0,20.08,11,2,56,0,2
2026-02-25 12:03:09.822246,673.1,11.73,46.98,0.0,20.06,12,2,56,0,2
2026-02-25 13:03:09.822246,689.16,2.14,60.34,2.82,12.42,13,2,56,0,2
2026-02-25 14:03:09.822246,632.55,14.97,31.87,0.0,8.43,14,2,56,0,2
2026-02-25 15:03:09.822246,635.83,2.34,40.2,0.0,9.96,15,2,56,0,2
2026-02-25 16:03:09.822246,588.8,8.59,45.17,2.59,5.22,16,2,56,0,2
2026-02-25 17:03:09.822246,667.66,10.92,70.05,5.02,9.01,17,2,56,0,2
2026-02-25 18:03:09.822246,494.66,14.89,36.99,0.0,12.43,18,2,56,0,2
2026-02-25 19:03:09.822246,670.74,10.23,30.62,0.38,4.55,19,2,56,0,2
2026-02-25 20:03:09.822246,555.58,12.87,33.25,0.0,0.64,20,2,56,0,2
2026-02-25 21:03:09.822246,588.66,9.55,56.76,0.0,7.64,21,2,56,0,2
2026-02-25 22:03:09.822246,617.97,9.53,41.75,0.0,20.07,22,2,56,0,2
2026-02-25 23:03:09.822246,646.35,10.12,46.1,0.0,14.0,23,2,56,0,2
2026-02-26 00:03:09.822246,644.85,8.94,55.05,0.0,10.09,0,3,57,0,2
2026-02-26 01:03:09.822246,658.52,1.45,45.84,1.51,17.77,1,3,57,0,2
2026-02-26 02:03:09.822246,665.26,6.04,49.47,0.0,19.64,2,3,57,0,2
2026-02-26 03:03:09.822246,586.2,11.11,52.78,0.0,17.92,3,3,57,0,2
2026-02-26 04:03:09.822246,629.57,8.64,43.12,0.0,29.97,4,3,57,0,2
2026-02-26 05:03:09.822246,591.82,9.1,45.76,0.0,27.75,5,3,57,0,2
2026-02-26 06:03:09.822246,599.81,8.27,49.84,0.0,30.8,6,3,57,0,2
2026-02-26 07:03:09.822246,621.35,5.57,56.11,0.0,9.2,7,3,57,0,2
2026-02-26 08:03:09.822246,620.72,7.42,39.5,4.62,25.06,8,3,57,0,2
2026-02-26 09:03:09.822246,618.45,8.35,20.0,0.0,22.46,9,3,57,0,2
2026-02-26 10:03:09.822246,714.64,9.91,54.22,0.0,15.08,10,3,57,0,2
2026-02-26 11:03:09.822246,744.61,11.85,56.7,0.0,19.78,11,3,57,0,2
2026-02-26 12:03:09.822246,726.07,8.98,49.43,0.0,10.18,12,3,57,0,2
2026-02-26 13:03:09.822246,647.16,4.74,50.11,0.0,4.38,13,3,57,0,2
2026-02-26 14:03:09.822246,787.4,2.89,41.78,0.0,13.63,14,3,57,0,2
2026-02-26 15:03:09.822246,600.28,22.87,52.43,0.0,7.15,15,3,57,0,2
2026-02-26 16:03:09.822246,709.65,4.23,55.96,0.0,0.0,16,3,57,0,2
2026-02-26 17:03:09.822246,544.38,7.29,47.99,0.0,12.52,17,3,57,0,2
2026-02-26 18:03:09.822246,620.91,12.47,72.34,0.0,5.3,18,3,57,0,2
2026-02-26 19:03:09.822246,607.65,11.69,31.79,0.0,1.32,19,3,57,0,2
2026-02-26 20:03:09.822246,469.84,12.49,49.05,0.0,0.0,20,3,57,0,2
2026-02-26 21:03:09.822246,568.53,7.67,35.68,0.0,2.41,21,3,57,0,2
2026-02-26 22:03:09.822246,661.76,11.08,56.22,0.0,1.83,22,3,57,0,2
2026-02-26 23:03:09.822246,566.48,10.19,31.61,0.0,20.98,23,3,57,0,2
2026-02-27 00:03:09.822246,675.8,8.51,33.82,0.0,25.0,0,4,58,0,2
2026-02-27 01:03:09.822246,595.12,11.3,40.83,0.0,23.72,1,4,58,0,2
2026-02-27 02:03:09.822246,594.48,15.35,49.82,0.0,11.7,2,4,58,0,2
2026-02-27 03:03:09.822246,498.24,9.96,41.2,0.0,24.78,3,4,58,0,2
2026-02-27 04:03:09.822246,733.24,10.0,41.3,0.0,35.33,4,4,58,0,2
2026-02-27 05:03:09.822246,650.95,15.42,45.35,0.0,20.65,5,4,58,0,2
2026-02-27 06:03:09.822246,582.16,14.88,44.74,0.0,24.55,6,4,58,0,2
2026-02-27 07:03:09.822246,463.24,18.0,62.03,4.02,33.64,7,4,58,0,2
2026-02-27 08:03:09.822246,674.99,1.29,54.02,0.0,25.4,8,4,58,0,2
2026-02-27 09:03:09.822246,536.93,14.6,43.91,0.0,25.41,9,4,58,0,2
2026-02-27 10:03:09.822246,688.98,13.08,68.13,0.0,16.58,10,4,58,0,2
2026-02-27 11:03:09.822246,742.06,5.65,52.08,0.0,10.27,11,4,58,0,2
2026-02-27 12:03:09.822246,653.19,11.33,37.47,0.0,17.41,12,4,58,0,2
2026-02-27 13:03:09.822246,719.18,15.33,49.72,2.37,9.94,13,4,58,0,2
2026-02-27 14:03:09.822246,747.82,5.93,52.51,0.0,6.72,14,4,58,0,2
2026-02-27 15:03:09.822246,708.93,12.29,40.28,0.0,3.95,15,4,58,0,2
2026-02-27 16:03:09.822246,631.31,14.43,36.63,0.0,10.47,16,4,58,0,2
2026-02-27 17:03:09.822246,586.06,4.72,48.02,0.0,7.73,17,4,58,0,2
2026-02-27 18:03:09.822246,664.47,9.36,43.56,0.0,14.57,18,4,58,0,2
2026-02-27 19:03:09.822246,548.03,11.58,61.95,0.0,11.13,19,4,58,0,2
2026-02-27 20:03:09.822246,529.69,6.09,54.57,0.0,7.11,20,4,58,0,2
2026-02-27 21:03:09.822246,693.25,5.68,40.75,0.0,8.45,21,4,58,0,2
2026-02-27 22:03:09.822246,669.14,9.4,51.42,0.0,15.3,22,4,58,0,2
2026-02-27 23:03:09.822246,569.07,14.08,59.83,0.0,13.16,23,4,58,0,2
2026-02-28 00:03:09.822246,624.57,13.49,32.96,0.0,21.22,0,5,59,1,2
2026-02-28 01:03:09.822246,568.68,5.96,36.67,0.0,18.49,1,5,59,1,2
2026-02-28 02:03:09.822246,489.74,13.53,46.79,0.0,23.35,2,5,59,1,2
2026-02-28 03:03:09.822246,509.5,6.09,47.25,0.0,29.6,3,5,59,1,2
2026-02-28 04:03:09.822246,653.22,2.22,46.37,0.0,15.87,4,5,59,1,2
2026-02-28 05:03:09.822246,490.76,8.43,43.79,0.0,31.71,5,5,59,1,2
2026-02-28 06:03:09.822246,533.88,15.89,43.64,0.0,32.37,6,5,59,1,2
2026-02-28 07:03:09.822246,531.46,13.55,50.74,0.0,23.53,7,5,59,1,2
2026-02-28 08:03:09.822246,540.32,10.26,58.24,0.0,24.27,8,5,59,1,2
2026-02-28 09:03:09.822246,640.17,8.19,42.09,0.0,20.56,9,5,59,1,2
2026-02-28 10:03:09.822246,616.05,8.32,71.28,0.0,17.24,10,5,59,1,2
2026-02-28 11:03:09.822246,583.38,10.81,66.5,11.24,23.99,11,5,59,1,2
2026-02-28 12:03:09.822246,705.24,4.93,60.19,0.0,8.03,12,5,59,1,2
2026-02-28 13:03:09.822246,713.0,8.53,53.12,0.0,13.21,13,5,59,1,2
2026-02-28 14:03:09.822246,613.86,9.19,66.98,0.0,3.62,14,5,59,1,2
2026-02-28 15:03:09.822246,583.43,3.52,44.0,0.0,5.4,15,5,59,1,2
2026-02-28 16:03:09.822246,547.33,6.08,38.57,0.0,0.83,16,5,59,1,2
2026-02-28 17:03:09.822246,524.2,12.32,41.64,0.0,5.89,17,5,59,1,2
2026-02-28 18:03:09.822246,544.93,10.32,36.87,0.0,7.75,18,5,59,1,2
2026-02-28 19:03:09.822246,447.55,8.73,48.11,0.0,11.34,19,5,59,1,2
2026-02-28 20:03:09.822246,565.77,5.71,49.9,0.0,6.36,20,5,59,1,2
2026-02-28 21:03:09.822246,482.44,18.15,48.91,0.0,17.82,21,5,59,1,2
2026-02-28 22:03:09.822246,445.64,6.08,46.77,0.0,7.88,22,5,59,1,2
2026-02-28 23:03:09.822246,466.69,11.53,48.23,0.0,16.36,23,5,59,1,2
2026-03-01 00:03:09.822246,508.83,8.03,64.0,0.0,22.0,0,6,60,1,3
2026-03-01 01:03:09.822246,518.99,10.65,52.84,0.0,15.97,1,6,60,1,3
2026-03-01 02:03:09.822246,615.54,12.76,55.86,0.0,23.0,2,6,60,1,3
2026-03-01 03:03:09.822246,603.63,3.62,48.55,0.0,9.65,3,6,60,1,3
2026-03-01 04:03:09.822246,486.95,10.44,30.48,0.0,29.42,4,6,60,1,3
2026-03-01 05:03:09.822246,490.86,16.42,28.5,0.0,20.63,5,6,60,1,3
2026-03-01 06:03:09.822246,458.03,19.28,67.47,0.0,32.85,6,6,60,1,3
2026-03-01 07:03:09.822246,549.43,9.82,41.32,0.0,24.54,7,6,60,1,3
2026-03-01 08:03:09.822246,610.62,10.68,40.47,0.0,28.57,8,6,60,1,3
2026-03-01 09:03:09.822246,607.43,21.53,49.1,0.0,19.15,9,6,60,1,3
2026-03-01 10:03:09.822246,599.63,16.14,52.14,0.0,35.9,10,6,60,1,3
2026-03-01 11:03:09.822246,697.82,7.38,53.41,0.0,18.59,11,6,60,1,3
2026-03-01 12:03:09.822246,665.98,7.37,64.38,0.0,26.8,12,6,60,1,3
2026-03-01 13:03:09.822246,543.73,15.25,61.65,0.0,12.48,13,6,60,1,3
2026-03-01 14:03:09.822246,722.72,5.41,38.53,0.0,8.38,14,6,60,1,3
2026-03-01 15:03:09.822246,581.6,15.91,56.33,0.0,11.38,15,6,60,1,3
2026-03-01 16:03:09.822246,515.53,12.14,42.8,0.0,12.51,16,6,60,1,3
2026-03-01 17:03:09.822246,612.96,13.06,45.26,0.0,10.0,17,6,60,1,3
2026-03-01 18:03:09.822246,581.24,9.18,35.7,8.0,7.86,18,6,60,1,3
2026-03-01 19:03:09.822246,505.01,7.32,29.71,0.0,5.64,19,6,60,1,3
2026-03-01 20:03:09.822246,447.24,17.78,46.32,0.0,10.7,20,6,60,1,3
2026-03-01 21:03:09.822246,510.48,9.23,37.08,0.0,10.08,21,6,60,1,3
2026-03-01 22:03:09.822246,588.71,8.41,55.92,0.0,9.35,22,6,60,1,3
2026-03-01 23:03:09.822246,557.4,10.07,43.83,0.0,11.68,23,6,60,1,3
2026-03-02 00:03:09.822246,589.98,11.63,49.47,0.0,22.28,0,0,61,0,3
2026-03-02 01:03:09.822246,598.48,5.52,60.06,0.0,11.07,1,0,61,0,3
2026-03-02 02:03:09.822246,679.92,7.84,31.53,0.0,24.45,2,0,61,0,3
2026-03-02 03:03:09.822246,603.02,7.58,39.14,0.0,25.98,3,0,61,0,3
2026-03-02 04:03:09.822246,608.05,14.9,48.19,0.0,34.89,4,0,61,0,3
2026-03-02 05:03:09.822246,599.71,6.24,49.51,0.0,8.81,5,0,61,0,3
2026-03-02 06:03:09.822246,630.58,1.89,57.42,0.0,17.33,6,0,61,0,3
2026-03-02 07:03:09.822246,632.76,0.83,55.06,0.0,20.25,7,0,61,0,3
2026-03-02 08:03:09.822246,663.76,3.32,47.35,0.0,20.52,8,0,61,0,3
2026-03-02 09:03:09.822246,623.71,17.48,49.42,0.0,26.83,9,0,61,0,3
2026-03-02 10:03:09.822246,728.26,10.75,49.7,0.0,13.37,10,0,61,0,3
2026-03-02 11:03:09.822246,632.61,13.18,31.69,0.0,16.16,11,0,61,0,3
2026-03-02 12:03:09.822246,619.76,13.35,44.82,0.0,11.57,12,0,61,0,3
2026-03-02 13:03:09.822246,768.59,10.95,48.87,0.0,10.98,13,0,61,0,3
2026-03-02 14:03:09.822246,735.17,10.3,50.97,0.0,17.0,14,0,61,0,3
2026-03-02 15:03:09.822246,502.64,15.89,37.14,0.0,10.81,15,0,61,0,3
2026-03-02 16:03:09.822246,578.91,11.4,33.7,0.0,3.28,16,0,61,0,3
2026-03-02 17:03:09.822246,460.12,17.66,44.04,0.0,0.0,17,0,61,0,3
2026-03-02 18:03:09.822246,545.78,13.77,66.06,0.0,7.69,18,0,61,0,3
2026-03-02 19:03:09.822246,413.95,7.58,38.19,0.0,2.08,19,0,61,0,3
2026-03-02 20:03:09.822246,616.86,8.18,58.12,0.0,5.0,20,0,61,0,3
2026-03-02 21:03:09.822246,562.75,7.03,62.23,0.0,6.7,21,0,61,0,3
2026-03-02 22:03:09.822246,552.59,16.76,46.84,3.2,15.56,22,0,61,0,3
2026-03-02 23:03:09.822246,532.12,8.64,39.59,0.0,10.67,23,0,61,0,3
2026-03-03 00:03:09.822246,607.11,6.88,51.26,0.0,12.95,0,1,62,0,3
2026-03-03 01:03:09.822246,566.57,12.47,48.08,0.0,13.03,1,1,62,0,3
2026-03-03 02:03:09.822246,627.09,10.39,37.54,0.0,16.21,2,1,62,0,3
2026-03-03 03:03:09.822246,653.16,12.35,39.55,0.0,26.66,3,1,62,0,3
2026-03-03 04:03:09.822246,575.07,20.32,50.67,0.0,23.7,4,1,62,0,3
2026-03-03 05:03:09.822246,537.95,15.44,55.47,0.0,23.68,5,1,62,0,3
2026-03-03 06:03:09.822246,703.48,11.01,42.91,0.0,18.38,6,1,62,0,3
2026-03-03 07:03:09.822246,612.66,3.83,45.44,0.0,19.49,7,1,62,0,3
2026-03-03 08:03:09.822246,605.35,8.37,52.82,0.0,26.34,8,1,62,0,3
2026-03-03 09:03:09.822246,659.06,14.43,44.41,0.0,20.99,9,1,62,0,3
2026-03-03 10:03:09.822246,799.04,5.02,43.14,0.0,18.91,10,1,62,0,3
2026-03-03 11:03:09.822246,649.12,21.58,38.58,0.0,19.37,11,1,62,0,3
2026-03-03 12:03:09.822246,669.87,10.94,38.41,0.0,18.22,12,1,62,0,3
2026-03-03 13:03:09.822246,600.86,11.12,72.82,0.0,15.88,13,1,62,0,3
2026-03-03 14:03:09.822246,780.66,7.54,44.17,0.0,8.59,14,1,62,0,3
2026-03-03 15:03:09.822246,652.97,13.36,59.78,2.12,7.34,15,1,62,0,3
2026-03-03 16:03:09.822246,715.08,5.08,62.97,0.0,8.98,16,1,62,0,3
2026-03-03 17:03:09.822246,552.6,21.7,44.3,0.0,0.0,17,1,62,0,3
2026-03-03 18:03:09.822246,535.52,17.46,49.82,0.0,5.82,18,1,62,0,3
2026-03-03 19:03:09.822246,514.05,15.79,47.16,0.0,8.9,19,1,62,0,3
2026-03-03 20:03:09.822246,636.25,3.92,30.01,0.0,2.88,20,1,62,0,3
2026-03-03 21:03:09.822246,536.17,11.9,30.61,0.0,1.55,21,1,62,0,3
2026-03-03 22:03:09.822246,482.52,16.92,46.62,0.0,17.14,22,1,62,0,3
2026-03-03 23:03:09.822246,552.3,13.84,41.89,0.0,8.46,23,1,62,0,3
2026-03-04 00:03:09.822246,602.73,6.07,64.8,0.0,14.79,0,2,63,0,3
2026-03-04 01:03:09.822246,561.19,7.83,43.52,0.0,19.14,1,2,63,0,3
2026-03-04 02:03:09.822246,627.41,8.82,65.4,0.0,15.45,2,2,63,0,3
2026-03-04 03:03:09.822246,621.41,8.06,41.12,0.0,14.2,3,2,63,0,3
2026-03-04 04:03:09.822246,526.16,18.72,65.01,0.0,25.07,4,2,63,0,3
2026-03-04 05:03:09.822246,673.71,1.47,50.95,0.0,17.7,5,2,63,0,3
2026-03-04 06:03:09.822246,530.77,14.36,51.52,0.0,28.37,6,2,63,0,3
2026-03-04 07:03:09.822246,617.14,4.62,40.77,0.0,23.91,7,2,63,0,3
2026-03-04 08:03:09.822246,668.72,6.27,51.66,0.0,34.4,8,2,63,0,3
2026-03-04 09:03:09.822246,615.48,1.03,62.82,0.0,22.79,9,2,63,0,3
2026-03-04 10:03:09.822246,714.96,8.33,44.44,0.0,16.43,10,2,63,0,3
2026-03-04 11:03:09.822246,580.9,18.63,42.49,0.0,21.54,11,2,63,0,3
2026-03-04 12:03:09.822246,721.39,12.4,43.42,0.0,20.38,12,2,63,0,3
2026-03-04 13:03:09.822246,754.1,5.09,62.09,0.0,5.69,13,2,63,0,3
2026-03-04 14:03:09.822246,689.8,16.16,54.44,0.0,12.16,14,2,63,0,3
2026-03-04 15:03:09.822246,633.45,17.24,60.37,0.0,9.65,15,2,63,0,3
2026-03-04 16:03:09.822246,600.47,11.6,49.02,0.0,11.18,16,2,63,0,3
2026-03-04 17:03:09.822246,603.69,21.25,46.28,0.0,0.21,17,2,63,0,3
2026-03-04 18:03:09.822246,586.01,15.19,50.13,0.0,8.6,18,2,63,0,3
2026-03-04 19:03:09.822246,525.65,14.49,56.59,0.0,7.4,19,2,63,0,3
2026-03-04 20:03:09.822246,576.22,7.06,43.42,0.0,5.13,20,2,63,0,3
2026-03-04 21:03:09.822246,448.89,14.22,59.58,5.99,21.29,21,2,63,0,3
2026-03-04 22:03:09.822246,618.25,12.16,49.55,0.0,4.06,22,2,63,0,3
2026-03-04 23:03:09.822246,563.85,13.68,21.83,0.0,11.2,23,2,63,0,3
2026-03-05 00:03:09.822246,689.82,7.87,54.48,0.0,10.52,0,3,64,0,3
2026-03-05 01:03:09.822246,596.96,11.93,32.92,0.0,19.28,1,3,64,0,3
2026-03-05 02:03:09.822246,640.86,7.2,54.24,0.0,28.53,2,3,64,0,3
2026-03-05 03:03:09.822246,589.62,0.55,54.66,0.0,29.23,3,3,64,0,3
2026-03-05 04:03:09.822246,626.09,16.28,48.95,0.0,10.52,4,3,64,0,3
2026-03-05 05:03:09.822246,573.72,3.78,51.08,0.0,32.56,5,3,64,0,3
2026-03-05 06:03:09.822246,618.86,11.82,56.64,0.0,22.5,6,3,64,0,3
2026-03-05 07:03:09.822246,535.07,12.95,40.69,0.0,21.16,7,3,64,0,3
2026-03-05 08:03:09.822246,644.57,12.92,53.58,0.0,24.41,8,3,64,0,3
2026-03-05 09:03:09.822246,573.43,9.87,57.28,0.0,20.64,9,3,64,0,3
2026-03-05 10:03:09.822246,654.64,12.64,63.25,0.0,18.31,10,3,64,0,3
2026-03-05 11:03:09.822246,670.2,13.64,34.59,0.0,13.92,11,3,64,0,3
2026-03-05 12:03:09.822246,633.57,14.96,49.73,2.82,16.6,12,3,64,0,3
2026-03-05 13:03:09.822246,584.43,19.96,36.03,0.0,18.5,13,3,64,0,3
2026-03-05 14:03:09.822246,715.41,12.46,35.61,0.0,10.73,14,3,64,0,3
2026-03-05 15:03:09.822246,632.73,11.61,49.24,0.0,7.43,15,3,64,0,3
2026-03-05 16:03:09.822246,630.82,6.75,46.42,0.0,9.43,16,3,64,0,3
2026-03-05 17:03:09.822246,638.83,13.47,57.1,0.0,11.68,17,3,64,0,3
2026-03-05 18:03:09.822246,717.22,14.62,42.18,0.0,5.64,18,3,64,0,3
2026-03-05 19:03:09.822246,663.57,10.33,44.31,0.0,4.54,19,3,64,0,3
2026-03-05 20:03:09.822246,626.81,14.01,47.76,0.0,9.51,20,3,64,0,3
2026-03-05 21:03:09.822246,616.33,9.83,37.03,0.0,4.5,21,3,64,0,3
2026-03-05 22:03:09.822246,575.33,14.64,38.42,1.73,0.0,22,3,64,0,3
2026-03-05 23:03:09.822246,450.47,15.85,56.81,0.0,15.47,23,3,64,0,3
2026-03-06 00:03:09.822246,500.51,15.99,39.92,0.0,12.91,0,4,65,0,3
2026-03-06 01:03:09.822246,538.7,12.09,57.23,0.0,14.94,1,4,65,0,3
2026-03-06 02:03:09.822246,485.77,6.3,51.48,0.0,10.49,2,4,65,0,3
2026-03-06 03:03:09.822246,553.99,8.44,29.93,0.0,18.33,3,4,65,0,3
2026-03-06 04:03:09.822246,482.25,14.48,50.71,0.0,21.89,4,4,65,0,3
2026-03-06 05:03:09.822246,542.94,23.74,50.63,0.0,31.86,5,4,65,0,3
2026-03-06 06:03:09.822246,616.99,9.8,49.64,0.0,33.77,6,4,65,0,3
2026-03-06 07:03:09.822246,666.11,13.78,43.99,0.0,23.75,7,4,65,0,3
2026-03-06 08:03:09.822246,680.45,8.72,36.01,0.0,26.4,8,4,65,0,3
2026-03-06 09:03:09.822246,661.0,6.63,58.87,0.0,16.33,9,4,65,0,3
2026-03-06 10:03:09.822246,572.06,8.12,44.39,0.0,20.62,10,4,65,0,3
2026-03-06 11:03:09.822246,640.15,1.09,36.57,0.0,15.53,11,4,65,0,3
2026-03-06 12:03:09.822246,586.83,18.27,49.98,0.0,7.11,12,4,65,0,3
2026-03-06 13:03:09.822246,700.84,0.35,37.98,0.0,18.07,13,4,65,0,3
2026-03-06 14:03:09.822246,686.17,10.18,35.92,0.0,10.99,14,4,65,0,3
2026-03-06 15:03:09.822246,628.7,5.61,41.65,1.96,11.4,15,4,65,0,3
2026-03-06 16:03:09.822246,675.07,7.08,38.75,0.0,4.39,16,4,65,0,3
2026-03-06 17:03:09.822246,555.19,18.38,36.29,0.0,0.0,17,4,65,0,3
2026-03-06 18:03:09.822246,548.31,12.5,53.47,0.0,0.0,18,4,65,0,3
2026-03-06 19:03:09.822246,645.84,6.67,44.27,0.0,9.91,19,4,65,0,3
2026-03-06 20:03:09.822246,527.98,8.55,57.93,0.0,5.11,20,4,65,0,3
2026-03-06 21:03:09.822246,632.89,7.67,36.86,0.0,10.98,21,4,65,0,3
2026-03-06 22:03:09.822246,539.9,11.28,28.13,0.0,7.88,22,4,65,0,3
2026-03-06 23:03:09.822246,572.15,12.36,46.9,0.0,12.88,23,4,65,0,3
2026-03-07 00:03:09.822246,520.19,21.19,63.74,0.0,15.0,0,5,66,1,3
2026-03-07 01:03:09.822246,582.48,2.13,50.49,0.0,12.97,1,5,66,1,3
2026-03-07 02:03:09.822246,491.38,11.54,77.33,0.0,21.3,2,5,66,1,3
2026-03-07 03:03:09.822246,503.61,10.14,48.5,0.0,29.79,3,5,66,1,3
2026-03-07 04:03:09.822246,494.97,16.45,47.53,0.0,21.2,4,5,66,1,3
2026-03-07 05:03:09.822246,473.99,13.49,23.62,0.0,16.35,5,5,66,1,3
2026-03-07 06:03:09.822246,477.69,14.67,49.46,0.0,28.6,6,5,66,1,3
2026-03-07 07:03:09.822246,518.06,13.44,46.86,0.0,17.8,7,5,66,1,3
2026-03-07 08:03:09.822246,648.85,7.05,41.1,4.23,18.74,8,5,66,1,3
2026-03-07 09:03:09.822246,476.87,17.77,43.81,0.0,20.7,9,5,66,1,3
2026-03-07 10:03:09.822246,549.74,15.71,44.49,0.0,23.16,10,5,66,1,3
2026-03-07 11:03:09.822246,534.06,16.29,43.38,0.0,20.01,11,5,66,1,3
2026-03-07 12:03:09.822246,565.95,18.03,66.07,0.0,13.4,12,5,66,1,3
2026-03-07 13:03:09.822246,532.34,13.8,41.47,0.0,5.82,13,5,66,1,3
2026-03-07 14:03:09.822246,580.95,19.12,46.87,0.0,23.41,14,5,66,1,3
2026-03-07 15:03:09.822246,529.03,13.6,41.14,0.0,8.85,15,5,66,1,3
2026-03-07 16:03:09.822246,508.87,10.62,53.01,0.0,10.44,16,5,66,1,3
2026-03-07 17:03:09.822246,470.14,11.68,46.94,0.0,7.76,17,5,66,1,3
2026-03-07 18:03:09.822246,466.75,11.59,42.38,0.0,12.52,18,5,66,1,3
2026-03-07 19:03:09.822246,556.47,9.12,25.92,0.0,0.03,19,5,66,1,3
2026-03-07 20:03:09.822246,453.12,19.87,47.61,0.0,8.16,20,5,66,1,3
2026-03-07 21:03:09.822246,553.0,13.19,42.08,0.0,6.33,21,5,66,1,3
2026-03-07 22:03:09.822246,568.06,12.19,44.57,0.0,4.58,22,5,66,1,3
2026-03-07 23:03:09.822246,516.85,13.65,33.35,0.0,18.93,23,5,66,1,3
2026-03-08 00:03:09.822246,448.34,26.83,59.28,0.0,10.28,0,6,67,1,3
2026-03-08 01:03:09.822246,507.32,6.27,53.51,0.0,20.0,1,6,67,1,3
2026-03-08 02:03:09.822246,499.67,7.7,59.25,0.0,28.43,2,6,67,1,3
2026-03-08 03:03:09.822246,489.85,5.03,56.42,0.0,30.39,3,6,67,1,3
2026-03-08 04:03:09.822246,421.77,10.77,50.87,0.0,19.05,4,6,67,1,3
2026-03-08 05:03:09.822246,554.86,13.16,33.52,0.0,29.53,5,6,67,1,3
2026-03-08 06:03:09.822246,472.01,9.6,63.38,0.0,27.95,6,6,67,1,3
2026-03-08 07:03:09.822246,538.05,9.23,35.67,0.0,18.76,7,6,67,1,3
2026-03-08 08:03:09.822246,505.37,12.64,42.26,0.0,14.38,8,6,67,1,3
2026-03-08 09:03:09.822246,593.79,9.42,52.02,0.0,22.1,9,6,67,1,3
2026-03-08 10:03:09.822246,540.37,13.48,52.51,0.0,26.05,10,6,67,1,3
2026-03-08 11:03:09.822246,556.6,17.5,50.67,0.0,32.14,11,6,67,1,3
2026-03-08 12:03:09.822246,621.96,15.32,40.94,0.0,11.97,12,6,67,1,3
2026-03-08 13:03:09.822246,607.82,16.33,38.88,0.0,13.32,13,6,67,1,3
2026-03-08 14:03:09.822246,565.17,17.36,70.29,0.0,4.8,14,6,67,1,3
2026-03-08 15:03:09.822246,434.92,13.34,44.55,0.0,15.86,15,6,67,1,3
2026-03-08 16:03:09.822246,696.14,11.14,43.33,0.0,7.95,16,6,67,1,3
2026-03-08 17:03:09.822246,614.62,8.07,37.81,0.0,7.54,17,6,67,1,3
2026-03-08 18:03:09.822246,557.37,9.97,47.39,0.0,5.65,18,6,67,1,3
2026-03-08 19:03:09.822246,497.14,9.31,46.93,0.0,1.16,19,6,67,1,3
2026-03-08 20:03:09.822246,473.5,15.59,44.78,0.0,10.89,20,6,67,1,3
2026-03-08 21:03:09.822246,458.71,13.66,48.76,0.0,13.07,21,6,67,1,3
2026-03-08 22:03:09.822246,553.64,15.41,62.58,0.0,16.41,22,6,67,1,3
2026-03-08 23:03:09.822246,542.54,6.13,39.0,0.0,17.71,23,6,67,1,3
2026-03-09 00:03:09.822246,497.81,19.31,45.15,0.0,10.24,0,0,68,0,3
2026-03-09 01:03:09.822246,567.93,10.01,38.24,0.0,16.61,1,0,68,0,3
2026-03-09 02:03:09.822246,652.81,6.65,47.67,0.0,22.16,2,0,68,0,3
2026-03-09 03:03:09.822246,681.32,9.95,39.04,0.0,18.93,3,0,68,0,3
2026-03-09 04:03:09.822246,670.98,24.57,39.47,0.0,17.95,4,0,68,0,3
2026-03-09 05:03:09.822246,620.05,10.21,30.13,0.0,23.26,5,0,68,0,3
2026-03-09 06:03:09.822246,580.03,10.52,45.7,0.0,25.76,6,0,68,0,3
2026-03-09 07:03:09.822246,405.18,11.19,49.02,0.0,41.37,7,0,68,0,3
2026-03-09 08:03:09.822246,609.73,11.41,63.33,0.0,30.14,8,0,68,0,3
2026-03-09 09:03:09.822246,670.53,8.24,49.42,0.0,18.49,9,0,68,0,3
2026-03-09 10:03:09.822246,658.57,12.86,40.23,0.0,16.35,10,0,68,0,3
2026-03-09 11:03:09.822246,633.93,17.53,31.13,0.0,12.24,11,0,68,0,3
2026-03-09 12:03:09.822246,610.76,13.72,32.51,0.0,18.77,12,0,68,0,3
2026-03-09 13:03:09.822246,722.39,6.59,31.77,0.0,10.5,13,0,68,0,3
2026-03-09 14:03:09.822246,711.67,10.43,63.5,0.0,9.33,14,0,68,0,3
2026-03-09 15:03:09.822246,697.08,9.39,47.6,0.0,5.54,15,0,68,0,3
2026-03-09 16:03:09.822246,686.95,12.41,38.89,0.0,17.81,16,0,68,0,3
2026-03-09 17:03:09.822246,596.16,18.8,35.12,0.0,11.85,17,0,68,0,3
2026-03-09 18:03:09.822246,558.79,11.4,36.16,8.56,0.02,18,0,68,0,3
2026-03-09 19:03:09.822246,568.85,11.71,38.63,0.0,0.0,19,0,68,0,3
2026-03-09 20:03:09.822246,537.1,21.04,57.88,0.0,12.38,20,0,68,0,3
2026-03-09 21:03:09.822246,568.33,16.53,44.42,0.0,3.16,21,0,68,0,3
2026-03-09 22:03:09.822246,592.8,15.02,30.25,0.0,16.57,22,0,68,0,3
2026-03-09 23:03:09.822246,599.66,21.94,67.83,0.0,16.05,23,0,68,0,3
2026-03-10 00:03:09.822246,646.07,14.82,33.1,4.43,10.4,0,1,69,0,3
2026-03-10 01:03:09.822246,727.44,2.44,38.59,10.84,20.86,1,1,69,0,3
2026-03-10 02:03:09.822246,548.95,16.53,57.6,0.0,22.04,2,1,69,0,3
2026-03-10 03:03:09.822246,433.42,4.41,48.65,0.0,14.17,3,1,69,0,3
2026-03-10 04:03:09.822246,649.04,14.63,39.8,0.0,23.69,4,1,69,0,3
2026-03-10 05:03:09.822246,596.08,3.8,32.19,0.0,22.88,5,1,69,0,3
2026-03-10 06:03:09.822246,576.63,10.04,34.84,0.0,26.84,6,1,69,0,3
2026-03-10 07:03:09.822246,575.22,10.55,35.44,0.0,23.83,7,1,69,0,3
2026-03-10 08:03:09.822246,615.59,8.52,44.57,0.0,25.54,8,1,69,0,3
2026-03-10 09:03:09.822246,656.33,10.63,46.41,0.0,18.98,9,1,69,0,3
2026-03-10 10:03:09.822246,534.62,17.53,43.02,0.0,19.41,10,1,69,0,3
2026-03-10 11:03:09.822246,653.2,8.8,44.11,0.0,10.99,11,1,69,0,3
2026-03-10 12:03:09.822246,673.53,15.1,34.0,0.0,12.99,12,1,69,0,3
2026-03-10 13:03:09.822246,716.43,7.54,47.43,0.0,10.3,13,1,69,0,3
2026-03-10 14:03:09.822246,679.65,11.42,57.31,0.0,2.81,14,1,69,0,3
2026-03-10 15:03:09.822246,610.92,13.99,42.87,0.0,8.23,15,1,69,0,3
2026-03-10 16:03:09.822246,591.8,7.39,42.68,0.0,14.44,16,1,69,0,3
2026-03-10 17:03:09.822246,584.3,5.81,45.33,0.0,1.79,17,1,69,0,3
2026-03-10 18:03:09.822246,574.24,14.83,55.68,0.0,10.83,18,1,69,0,3
2026-03-10 19:03:09.822246,630.41,17.99,35.56,0.0,6.76,19,1,69,0,3
2026-03-10 20:03:09.822246,470.37,11.97,59.01,0.0,0.0,20,1,69,0,3
2026-03-10 21:03:09.822246,563.91,10.08,48.71,0.0,20.26,21,1,69,0,3
2026-03-10 22:03:09.822246,504.69,13.15,44.79,0.0,5.43,22,1,69,0,3
2026-03-10 23:03:09.822246,462.73,12.65,56.63,0.0,12.52,23,1,69,0,3
2026-03-11 00:03:09.822246,627.38,13.81,32.47,0.0,16.92,0,2,70,0,3
2026-03-11 01:03:09.822246,670.03,-0.05,49.51,0.0,17.42,1,2,70,0,3
2026-03-11 02:03:09.822246,641.57,7.25,48.59,2.27,24.09,2,2,70,0,3
2026-03-11 03:03:09.822246,622.51,8.37,34.93,0.0,28.2,3,2,70,0,3
2026-03-11 04:03:09.822246,512.85,13.35,48.89,0.0,19.15,4,2,70,0,3
2026-03-11 05:03:09.822246,516.04,13.52,47.12,0.0,23.55,5,2,70,0,3
2026-03-11 06:03:09.822246,645.48,15.77,42.5,0.0,21.63,6,2,70,0,3
2026-03-11 07:03:09.822246,555.17,13.88,52.92,0.0,21.26,7,2,70,0,3
2026-03-11 08:03:09.822246,701.83,6.09,38.57,0.0,24.22,8,2,70,0,3
2026-03-11 09:03:09.822246,597.16,19.83,46.99,0.0,27.05,9,2,70,0,3
2026-03-11 10:03:09.822246,529.58,18.95,42.97,0.0,11.91,10,2,70,0,3
2026-03-11 11:03:09.822246,585.81,6.3,38.14,0.0,16.83,11,2,70,0,3
2026-03-11 12:03:09.822246,631.38,14.26,49.32,0.0,10.77,12,2,70,0,3
2026-03-11 13:03:09.822246,749.63,9.62,42.21,0.0,15.56,13,2,70,0,3
2026-03-11 14:03:09.822246,725.56,13.29,29.56,0.0,12.68,14,2,70,0,3
2026-03-11 15:03:09.822246,680.03,17.86,26.28,0.0,12.83,15,2,70,0,3
2026-03-11 16:03:09.822246,552.53,23.24,52.18,0.0,0.07,16,2,70,0,3
2026-03-11 17:03:09.822246,654.03,16.35,32.08,0.0,7.07,17,2,70,0,3
2026-03-11 18:03:09.822246,540.64,14.07,47.08,0.0,4.61,18,2,70,0,3
2026-03-11 19:03:09.822246,572.41,10.89,44.84,0.09,0.0,19,2,70,0,3
2026-03-11 20:03:09.822246,566.69,13.5,40.6,0.0,0.0,20,2,70,0,3
2026-03-11 21:03:09.822246,506.11,19.39,63.85,0.0,5.64,21,2,70,0,3
2026-03-11 22:03:09.822246,663.52,12.37,46.08,0.0,10.01,22,2,70,0,3
2026-03-11 23:03:09.822246,586.77,8.16,51.84,0.0,18.46,23,2,70,0,3
2026-03-12 00:03:09.822246,517.22,4.72,46.92,0.0,13.49,0,3,71,0,3
2026-03-12 01:03:09.822246,530.92,15.38,41.76,0.0,19.42,1,3,71,0,3
2026-03-12 02:03:09.822246,533.83,14.06,43.89,0.0,20.44,2,3,71,0,3
2026-03-12 03:03:09.822246,766.3,9.59,58.66,0.0,17.43,3,3,71,0,3
2026-03-12 04:03:09.822246,562.19,17.95,54.96,0.0,21.27,4,3,71,0,3
2026-03-12 05:03:09.822246,545.14,10.71,63.6,0.0,24.79,5,3,71,0,3
2026-03-12 06:03:09.822246,533.08,12.15,46.29,1.26,18.8,6,3,71,0,3
2026-03-12 07:03:09.822246,507.37,12.74,35.31,0.0,27.54,7,3,71,0,3
2026-03-12 08:03:09.822246,575.67,11.06,39.67,0.0,30.89,8,3,71,0,3
2026-03-12 09:03:09.822246,641.58,14.0,32.2,2.34,30.08,9,3,71,0,3
2026-03-12 10:03:09.822246,704.4,18.58,51.75,0.0,23.45,10,3,71,0,3
2026-03-12 11:03:09.822246,767.47,7.11,38.22,0.0,19.28,11,3,71,0,3
2026-03-12 12:03:09.822246,686.04,15.26,20.0,0.0,5.71,12,3,71,0,3
2026-03-12 13:03:09.822246,635.52,13.68,68.71,0.0,7.34,13,3,71,0,3
2026-03-12 14:03:09.822246,663.84,13.59,38.37,0.0,3.12,14,3,71,0,3
2026-03-12 15:03:09.822246,580.81,17.18,38.31,0.0,5.55,15,3,71,0,3
2026-03-12 16:03:09.822246,712.93,13.07,60.79,0.0,10.17,16,3,71,0,3
2026-03-12 17:03:09.822246,554.36,15.22,31.99,0.0,6.66,17,3,71,0,3
2026-03-12 18:03:09.822246,524.98,16.4,55.44,0.0,6.87,18,3,71,0,3
2026-03-12 19:03:09.822246,462.33,10.3,38.2,0.1,7.7,19,3,71,0,3
2026-03-12 20:03:09.822246,510.63,14.31,30.84,0.0,2.6,20,3,71,0,3
2026-03-12 21:03:09.822246,544.72,11.57,61.13,0.0,6.8,21,3,71,0,3
2026-03-12 22:03:09.822246,527.24,12.16,53.31,5.96,11.06,22,3,71,0,3
2026-03-12 23:03:09.822246,549.56,11.21,53.28,0.0,17.98,23,3,71,0,3
2026-03-13 00:03:09.822246,575.77,15.4,47.55,0.0,14.35,0,4,72,0,3
2026-03-13 01:03:09.822246,488.43,13.45,49.86,0.0,16.42,1,4,72,0,3
2026-03-13 02:03:09.822246,640.17,15.02,31.55,0.0,13.08,2,4,72,0,3
2026-03-13 03:03:09.822246,537.96,12.96,44.99,0.0,18.0,3,4,72,0,3
2026-03-13 04:03:09.822246,613.04,5.03,34.58,0.0,24.8,4,4,72,0,3
2026-03-13 05:03:09.822246,496.51,13.2,29.98,0.0,23.81,5,4,72,0,3
2026-03-13 06:03:09.822246,587.76,13.36,47.98,0.0,17.66,6,4,72,0,3
2026-03-13 07:03:09.822246,719.34,14.26,55.45,0.0,17.23,7,4,72,0,3
2026-03-13 08:03:09.822246,660.94,10.08,40.04,0.0,18.3,8,4,72,0,3
2026-03-13 09:03:09.822246,618.19,7.07,41.75,0.0,20.66,9,4,72,0,3
2026-03-13 10:03:09.822246,691.38,16.17,32.49,0.0,24.87,10,4,72,0,3
2026-03-13 11:03:09.822246,638.3,11.68,43.94,0.0,18.89,11,4,72,0,3
2026-03-13 12:03:09.822246,735.5,13.9,51.47,0.0,10.2,12,4,72,0,3
2026-03-13 13:03:09.822246,735.0,11.64,51.79,0.0,8.86,13,4,72,0,3
2026-03-13 14:03:09.822246,530.02,13.02,49.32,0.0,12.42,14,4,72,0,3
2026-03-13 15:03:09.822246,637.85,10.8,37.69,0.0,9.62,15,4,72,0,3
2026-03-13 16:03:09.822246,679.95,8.21,37.37,0.0,2.91,16,4,72,0,3
2026-03-13 17:03:09.822246,578.33,15.42,51.82,0.0,0.0,17,4,72,0,3
2026-03-13 18:03:09.822246,543.33,10.03,51.99,0.0,6.53,18,4,72,0,3
2026-03-13 19:03:09.822246,559.13,13.87,42.15,0.0,3.63,19,4,72,0,3
2026-03-13 20:03:09.822246,483.37,15.1,39.61,0.0,15.0,20,4,72,0,3
2026-03-13 21:03:09.822246,590.84,10.11,55.54,12.2,6.22,21,4,72,0,3
2026-03-13 22:03:09.822246,691.98,7.03,40.27,0.0,9.88,22,4,72,0,3
2026-03-13 23:03:09.822246,584.22,25.18,51.33,1.7,11.35,23,4,72,0,3
2026-03-14 00:03:09.822246,618.62,10.64,42.3,0.0,17.19,0,5,73,1,3
2026-03-14 01:03:09.822246,522.59,16.39,33.19,0.0,19.57,1,5,73,1,3
2026-03-14 02:03:09.822246,515.45,22.97,59.79,0.0,14.41,2,5,73,1,3
2026-03-14 03:03:09.822246,573.95,17.23,44.87,0.0,15.42,3,5,73,1,3
2026-03-14 04:03:09.822246,513.98,11.77,36.56,2.77,29.17,4,5,73,1,3
2026-03-14 05:03:09.822246,493.5,12.94,29.76,0.0,22.31,5,5,73,1,3
2026-03-14 06:03:09.822246,547.01,9.11,30.77,0.0,27.73,6,5,73,1,3
2026-03-14 07:03:09.822246,534.05,17.69,39.94,0.0,22.94,7,5,73,1,3
2026-03-14 08:03:09.822246,472.24,16.11,62.92,0.0,14.32,8,5,73,1,3
2026-03-14 09:03:09.822246,519.07,10.7,37.82,0.0,29.05,9,5,73,1,3
2026-03-14 10:03:09.822246,594.08,8.07,58.14,0.0,23.95,10,5,73,1,3
2026-03-14 11:03:09.822246,656.6,6.67,42.36,0.0,20.31,11,5,73,1,3
2026-03-14 12:03:09.822246,584.25,18.21,31.86,0.0,10.24,12,5,73,1,3
2026-03-14 13:03:09.822246,486.35,13.88,38.94,0.0,15.98,13,5,73,1,3
2026-03-14 14:03:09.822246,632.18,14.35,30.86,0.0,11.37,14,5,73,1,3
2026-03-14 15:03:09.822246,548.97,9.16,35.11,0.0,4.36,15,5,73,1,3
2026-03-14 16:03:09.822246,558.94,5.96,34.81,0.64,4.99,16,5,73,1,3
2026-03-14 17:03:09.822246,446.59,18.09,24.63,0.0,4.98,17,5,73,1,3
2026-03-14 18:03:09.822246,610.45,13.49,58.8,0.0,2.06,18,5,73,1,3
2026-03-14 19:03:09.822246,511.26,17.81,45.78,0.0,6.91,19,5,73,1,3
2026-03-14 20:03:09.822246,429.6,11.35,36.81,0.0,10.65,20,5,73,1,3
2026-03-14 21:03:09.822246,536.38,12.09,45.89,0.0,5.63,21,5,73,1,3
2026-03-14 22:03:09.822246,462.52,16.84,35.31,0.0,9.46,22,5,73,1,3
2026-03-14 23:03:09.822246,466.42,16.94,20.0,0.0,11.85,23,5,73,1,3
2026-03-15 00:03:09.822246,490.71,17.5,73.04,0.0,19.15,0,6,74,1,3
2026-03-15 01:03:09.822246,423.34,12.03,45.37,0.0,18.51,1,6,74,1,3
2026-03-15 02:03:09.822246,453.01,16.58,37.58,0.0,25.15,2,6,74,1,3
2026-03-15 03:03:09.822246,331.48,19.05,24.13,0.0,18.79,3,6,74,1,3
2026-03-15 04:03:09.822246,403.72,12.98,28.53,0.0,23.61,4,6,74,1,3
2026-03-15 05:03:09.822246,606.7,10.94,60.02,0.0,27.54,5,6,74,1,3
2026-03-15 06:03:09.822246,537.8,20.22,58.49,0.0,28.52,6,6,74,1,3
2026-03-15 07:03:09.822246,521.82,10.24,51.01,0.0,22.78,7,6,74,1,3
2026-03-15 08:03:09.822246,604.21,16.66,32.32,0.0,23.49,8,6,74,1,3
2026-03-15 09:03:09.822246,539.99,13.22,58.57,0.0,17.97,9,6,74,1,3
2026-03-15 10:03:09.822246,617.32,4.3,47.97,0.0,10.34,10,6,74,1,3
2026-03-15 11:03:09.822246,551.98,19.15,50.02,0.0,16.02,11,6,74,1,3
2026-03-15 12:03:09.822246,627.7,-0.28,47.93,0.0,13.46,12,6,74,1,3
2026-03-15 13:03:09.822246,589.67,3.59,28.4,0.0,10.31,13,6,74,1,3
2026-03-15 14:03:09.822246,637.07,16.15,31.49,0.0,4.6,14,6,74,1,3
2026-03-15 15:03:09.822246,520.8,16.14,38.37,0.0,10.75,15,6,74,1,3
2026-03-15 16:03:09.822246,600.5,10.32,49.91,0.0,9.79,16,6,74,1,3
2026-03-15 17:03:09.822246,540.32,14.25,29.67,0.0,5.02,17,6,74,1,3
2026-03-15 18:03:09.822246,553.48,0.85,41.72,0.0,0.94,18,6,74,1,3
2026-03-15 19:03:09.822246,442.65,17.04,41.71,0.0,2.45,19,6,74,1,3
2026-03-15 20:03:09.822246,396.55,14.76,51.4,0.0,6.19,20,6,74,1,3
2026-03-15 21:03:09.822246,487.07,13.28,50.22,0.0,12.18,21,6,74,1,3
2026-03-15 22:03:09.822246,498.12,13.61,33.37,0.0,3.37,22,6,74,1,3
2026-03-15 23:03:09.822246,488.19,15.97,57.94,0.0,9.64,23,6,74,1,3
2026-03-16 00:03:09.822246,575.1,13.6,31.65,0.0,15.74,0,0,75,0,3
2026-03-16 01:03:09.822246,721.47,4.37,54.2,0.0,21.37,1,0,75,0,3
2026-03-16 02:03:09.822246,470.22,24.72,37.78,0.0,13.4,2,0,75,0,3
2026-03-16 03:03:09.822246,443.53,19.75,44.92,0.0,18.38,3,0,75,0,3
2026-03-16 04:03:09.822246,610.75,7.32,45.54,0.0,12.04,4,0,75,0,3
2026-03-16 05:03:09.822246,550.8,12.02,45.26,0.0,31.21,5,0,75,0,3
2026-03-16 06:03:09.822246,559.05,12.56,50.03,0.0,19.46,6,0,75,0,3
2026-03-16 07:03:09.822246,576.09,19.14,47.2,0.0,27.14,7,0,75,0,3
2026-03-16 08:03:09.822246,695.91,2.95,51.12,0.0,30.81,8,0,75,0,3
2026-03-16 09:03:09.822246,572.29,11.25,47.93,0.0,29.09,9,0,75,0,3
2026-03-16 10:03:09.822246,673.26,4.94,30.64,0.0,10.98,10,0,75,0,3
2026-03-16 11:03:09.822246,705.56,12.32,45.98,0.0,22.66,11,0,75,0,3
2026-03-16 12:03:09.822246,683.41,11.38,37.64,0.0,19.07,12,0,75,0,3
2026-03-16 13:03:09.822246,779.76,14.14,32.19,0.0,17.22,13,0,75,0,3
2026-03-16 14:03:09.822246,710.09,10.72,40.38,0.0,0.0,14,0,75,0,3
2026-03-16 15:03:09.822246,669.38,9.99,45.11,4.93,4.96,15,0,75,0,3
2026-03-16 16:03:09.822246,515.96,16.84,45.78,0.0,0.0,16,0,75,0,3
2026-03-16 17:03:09.822246,579.72,16.02,53.84,0.0,2.95,17,0,75,0,3
2026-03-16 18:03:09.822246,514.31,16.5,56.35,0.0,9.04,18,0,75,0,3
2026-03-16 19:03:09.822246,603.08,12.86,46.64,0.0,15.11,19,0,75,0,3
2026-03-16 20:03:09.822246,572.47,10.88,48.45,0.0,10.6,20,0,75,0,3
2026-03-16 21:03:09.822246,479.03,13.15,44.23,0.0,9.94,21,0,75,0,3
2026-03-16 22:03:09.822246,537.68,16.25,50.95,0.0,7.44,22,0,75,0,3
2026-03-16 23:03:09.822246,653.53,2.86,48.15,0.0,9.64,23,0,75,0,3
2026-03-17 00:03:09.822246,600.02,15.95,42.55,0.0,17.1,0,1,76,0,3
2026-03-17 01:03:09.822246,574.77,15.52,64.61,0.0,17.02,1,1,76,0,3
2026-03-17 02:03:09.822246,594.17,14.29,37.63,0.0,22.87,2,1,76,0,3
2026-03-17 03:03:09.822246,640.55,13.23,57.64,0.0,21.4,3,1,76,0,3
2026-03-17 04:03:09.822246,578.95,1.15,29.55,0.0,30.96,4,1,76,0,3
2026-03-17 05:03:09.822246,543.12,11.78,51.23,0.0,29.66,5,1,76,0,3
2026-03-17 06:03:09.822246,513.51,22.92,57.46,0.0,20.75,6,1,76,0,3
2026-03-17 07:03:09.822246,600.89,14.04,24.02,0.0,28.48,7,1,76,0,3
2026-03-17 08:03:09.822246,485.41,12.44,44.48,0.0,24.94,8,1,76,0,3
2026-03-17 09:03:09.822246,625.42,14.06,50.25,0.0,18.45,9,1,76,0,3
2026-03-17 10:03:09.822246,652.76,15.75,45.61,0.0,30.35,10,1,76,0,3
2026-03-17 11:03:09.822246,593.06,17.27,46.88,0.0,19.11,11,1,76,0,3
2026-03-17 12:03:09.822246,590.11,12.83,44.46,0.0,16.76,12,1,76,0,3
2026-03-17 13:03:09.822246,686.91,16.1,32.15,0.0,16.36,13,1,76,0,3
2026-03-17 14:03:09.822246,643.08,22.36,66.78,0.0,12.84,14,1,76,0,3
2026-03-17 15:03:09.822246,588.63,19.01,38.06,0.0,12.83,15,1,76,0,3
2026-03-17 16:03:09.822246,607.72,25.68,47.44,0.0,0.22,16,1,76,0,3
2026-03-17 17:03:09.822246,587.59,10.69,36.63,0.0,12.36,17,1,76,0,3
2026-03-17 18:03:09.822246,585.87,22.36,20.34,0.0,6.97,18,1,76,0,3
2026-03-17 19:03:09.822246,555.21,10.02,33.85,0.0,6.57,19,1,76,0,3
2026-03-17 20:03:09.822246,474.34,15.75,28.62,0.0,2.61,20,1,76,0,3
2026-03-17 21:03:09.822246,637.04,17.64,54.01,0.0,3.42,21,1,76,0,3
2026-03-17 22:03:09.822246,578.66,11.42,37.03,0.0,5.37,22,1,76,0,3
2026-03-17 23:03:09.822246,560.97,14.42,37.95,0.0,10.0,23,1,76,0,3
2026-03-18 00:03:09.822246,498.1,18.77,32.27,0.0,15.3,0,2,77,0,3
2026-03-18 01:03:09.822246,589.13,10.66,43.85,3.11,10.83,1,2,77,0,3
2026-03-18 02:03:09.822246,530.69,22.56,35.75,0.0,28.83,2,2,77,0,3
2026-03-18 03:03:09.822246,696.45,7.29,52.84,0.0,24.58,3,2,77,0,3
2026-03-18 04:03:09.822246,517.03,23.91,45.93,0.0,18.4,4,2,77,0,3
2026-03-18 05:03:09.822246,495.75,19.22,37.2,0.0,29.55,5,2,77,0,3
2026-03-18 06:03:09.822246,623.53,13.77,51.42,0.0,22.46,6,2,77,0,3
2026-03-18 07:03:09.822246,629.86,12.2,42.99,0.0,20.79,7,2,77,0,3
2026-03-18 08:03:09.822246,627.3,11.68,43.13,0.0,30.14,8,2,77,0,3
2026-03-18 09:03:09.822246,640.6,13.54,28.29,7.26,18.79,9,2,77,0,3
2026-03-18 10:03:09.822246,620.8,13.97,42.2,0.0,20.25,10,2,77,0,3
2026-03-18 11:03:09.822246,669.94,20.49,46.13,0.0,22.13,11,2,77,0,3
2026-03-18 12:03:09.822246,715.09,24.06,56.25,0.0,20.91,12,2,77,0,3
2026-03-18 13:03:09.822246,694.66,15.21,35.39,0.0,13.69,13,2,77,0,3
2026-03-18 14:03:09.822246,665.09,9.99,65.69,0.0,1.36,14,2,77,0,3
2026-03-18 15:03:09.822246,712.27,11.49,48.48,0.0,2.6,15,2,77,0,3
2026-03-18 16:03:09.822246,483.74,13.3,27.72,0.0,13.58,16,2,77,0,3
2026-03-18 17:03:09.822246,747.15,9.06,34.46,0.0,9.65,17,2,77,0,3
2026-03-18 18:03:09.822246,476.34,8.32,57.12,0.0,8.28,18,2,77,0,3
2026-03-18 19:03:09.822246,497.22,24.7,55.35,0.0,1.72,19,2,77,0,3
2026-03-18 20:03:09.822246,535.6,15.73,43.09,0.0,1.31,20,2,77,0,3
2026-03-18 21:03:09.822246,579.23,10.05,44.41,0.0,0.84,21,2,77,0,3
2026-03-18 22:03:09.822246,591.14,18.3,31.27,0.0,7.36,22,2,77,0,3
2026-03-18 23:03:09.822246,518.09,8.32,56.13,0.0,14.3,23,2,77,0,3
2026-03-19 00:03:09.822246,589.37,8.97,32.86,0.0,22.26,0,3,78,0,3
2026-03-19 01:03:09.822246,537.9,10.44,51.18,0.0,17.07,1,3,78,0,3
2026-03-19 02:03:09.822246,561.05,22.73,56.26,0.0,19.87,2,3,78,0,3
2026-03-19 03:03:09.822246,549.47,13.19,43.22,0.0,26.75,3,3,78,0,3
2026-03-19 04:03:09.822246,654.76,2.25,52.41,0.0,21.24,4,3,78,0,3
2026-03-19 05:03:09.822246,497.22,20.5,61.21,0.0,23.92,5,3,78,0,3
2026-03-19 06:03:09.822246,532.2,12.92,45.42,0.0,25.41,6,3,78,0,3
2026-03-19 07:03:09.822246,656.33,5.21,40.98,6.77,22.06,7,3,78,0,3
2026-03-19 08:03:09.822246,671.52,12.87,42.07,1.86,26.1,8,3,78,0,3
2026-03-19 09:03:09.822246,606.25,17.06,35.31,0.0,22.7,9,3,78,0,3
2026-03-19 10:03:09.822246,607.92,16.47,35.08,0.0,20.97,10,3,78,0,3
2026-03-19 11:03:09.822246,667.84,23.45,47.16,0.0,12.64,11,3,78,0,3
2026-03-19 12:03:09.822246,698.36,10.19,41.1,0.0,19.08,12,3,78,0,3
2026-03-19 13:03:09.822246,684.59,14.69,46.01,0.0,20.83,13,3,78,0,3
2026-03-19 14:03:09.822246,592.55,10.96,27.84,0.0,13.7,14,3,78,0,3
2026-03-19 15:03:09.822246,575.25,6.74,41.81,0.0,4.17,15,3,78,0,3
2026-03-19 16:03:09.822246,564.59,18.88,53.04,0.0,0.0,16,3,78,0,3
2026-03-19 17:03:09.822246,536.06,16.77,31.55,0.0,4.73,17,3,78,0,3
2026-03-19 18:03:09.822246,553.73,15.87,42.9,0.0,7.96,18,3,78,0,3
2026-03-19 19:03:09.822246,497.48,16.59,24.19,0.0,1.94,19,3,78,0,3
2026-03-19 20:03:09.822246,622.07,11.03,29.68,0.0,4.74,20,3,78,0,3
2026-03-19 21:03:09.822246,594.1,9.43,50.81,0.0,13.54,21,3,78,0,3
2026-03-19 22:03:09.822246,546.77,14.64,39.64,0.0,2.06,22,3,78,0,3
2026-03-19 23:03:09.822246,555.11,20.26,60.96,0.0,14.0,23,3,78,0,3
2026-03-20 00:03:09.822246,558.22,22.74,46.89,0.0,9.69,0,4,79,0,3
2026-03-20 01:03:09.822246,546.07,18.67,47.87,0.0,21.84,1,4,79,0,3
2026-03-20 02:03:09.822246,562.67,14.84,31.8,2.52,23.82,2,4,79,0,3
2026-03-20 03:03:09.822246,509.87,16.04,38.71,0.0,21.87,3,4,79,0,3
2026-03-20 04:03:09.822246,624.08,14.75,35.24,0.0,25.12,4,4,79,0,3
2026-03-20 05:03:09.822246,566.89,9.57,31.91,0.0,20.11,5,4,79,0,3
2026-03-20 06:03:09.822246,492.12,14.82,49.2,0.0,29.21,6,4,79,0,3
2026-03-20 07:03:09.822246,633.01,8.02,51.21,0.0,26.65,7,4,79,0,3
2026-03-20 08:03:09.822246,592.39,14.07,46.56,0.0,23.41,8,4,79,0,3
2026-03-20 09:03:09.822246,665.86,22.88,34.29,0.0,18.17,9,4,79,0,3
2026-03-20 10:03:09.822246,748.54,18.81,45.87,0.0,20.47,10,4,79,0,3
2026-03-20 11:03:09.822246,660.65,10.08,23.44,0.0,15.72,11,4,79,0,3
2026-03-20 12:03:09.822246,676.1,14.33,55.8,0.0,18.96,12,4,79,0,3
2026-03-20 13:03:09.822246,565.7,10.52,29.58,0.0,20.62,13,4,79,0,3
2026-03-20 14:03:09.822246,668.24,14.38,31.36,0.0,13.31,14,4,79,0,3
2026-03-20 15:03:09.822246,562.94,19.9,43.72,0.0,6.16,15,4,79,0,3
2026-03-20 16:03:09.822246,572.65,17.96,44.61,0.0,13.61,16,4,79,0,3
2026-03-20 17:03:09.822246,544.38,27.12,41.84,0.0,3.33,17,4,79,0,3
2026-03-20 18:03:09.822246,563.47,20.66,31.46,0.0,6.43,18,4,79,0,3
2026-03-20 19:03:09.822246,622.99,15.71,53.9,0.0,3.26,19,4,79,0,3
2026-03-20 20:03:09.822246,543.96,18.08,25.71,0.0,6.45,20,4,79,0,3
2026-03-20 21:03:09.822246,511.32,13.68,27.73,0.0,0.0,21,4,79,0,3
2026-03-20 22:03:09.822246,626.59,9.06,41.5,0.0,3.99,22,4,79,0,3
2026-03-20 23:03:09.822246,504.94,21.22,29.92,0.0,12.1,23,4,79,0,3
2026-03-21 00:03:09.822246,314.93,19.98,54.63,0.0,16.46,0,5,80,1,3
2026-03-21 01:03:09.822246,480.39,13.73,30.62,0.0,16.9,1,5,80,1,3
2026-03-21 02:03:09.822246,418.54,16.31,57.97,0.0,24.34,2,5,80,1,3
2026-03-21 03:03:09.822246,510.89,21.14,52.75,0.0,11.45,3,5,80,1,3
2026-03-21 04:03:09.822246,408.92,19.17,54.75,0.0,26.04,4,5,80,1,3
2026-03-21 05:03:09.822246,530.4,7.62,61.27,0.0,31.29,5,5,80,1,3
2026-03-21 06:03:09.822246,534.19,16.16,43.21,0.0,28.88,6,5,80,1,3
2026-03-21 07:03:09.822246,457.5,14.1,32.27,0.0,27.97,7,5,80,1,3
2026-03-21 08:03:09.822246,458.85,20.5,41.37,0.0,28.64,8,5,80,1,3
2026-03-21 09:03:09.822246,529.1,20.09,36.73,0.0,16.03,9,5,80,1,3
2026-03-21 10:03:09.822246,600.33,21.53,35.31,0.0,13.93,10,5,80,1,3
2026-03-21 11:03:09.822246,537.84,9.35,43.91,0.0,16.02,11,5,80,1,3
2026-03-21 12:03:09.822246,583.11,11.02,39.28,0.0,14.48,12,5,80,1,3
2026-03-21 13:03:09.822246,598.02,20.51,34.88,0.0,13.34,13,5,80,1,3
2026-03-21 14:03:09.822246,567.34,11.98,39.95,0.0,3.97,14,5,80,1,3
2026-03-21 15:03:09.822246,601.99,7.33,47.89,0.0,6.62,15,5,80,1,3
2026-03-21 16:03:09.822246,432.72,17.6,51.96,0.0,11.15,16,5,80,1,3
2026-03-21 17:03:09.822246,633.05,12.2,26.37,0.0,3.56,17,5,80,1,3
2026-03-21 18:03:09.822246,408.71,23.89,39.37,0.0,0.0,18,5,80,1,3
2026-03-21 19:03:09.822246,483.7,16.42,40.99,0.0,0.0,19,5,80,1,3
2026-03-21 20:03:09.822246,451.5,15.74,30.57,0.0,11.31,20,5,80,1,3
2026-03-21 21:03:09.822246,564.85,13.09,41.2,0.0,15.32,21,5,80,1,3
2026-03-21 22:03:09.822246,376.52,22.89,43.88,0.0,6.12,22,5,80,1,3
2026-03-21 23:03:09.822246,588.81,16.73,47.59,0.0,16.7,23,5,80,1,3
2026-03-22 00:03:09.822246,517.64,13.14,43.01,0.0,18.15,0,6,81,1,3
2026-03-22 01:03:09.822246,495.83,11.21,33.43,0.0,10.46,1,6,81,1,3
2026-03-22 02:03:09.822246,383.39,14.81,62.36,0.0,22.51,2,6,81,1,3
2026-03-22 03:03:09.822246,505.97,10.29,50.53,0.0,25.54,3,6,81,1,3
2026-03-22 04:03:09.822246,415.56,20.33,47.77,0.0,22.21,4,6,81,1,3
2026-03-22 05:03:09.822246,543.13,6.14,52.29,2.53,22.64,5,6,81,1,3
2026-03-22 06:03:09.822246,406.22,14.48,44.68,0.0,26.15,6,6,81,1,3
2026-03-22 07:03:09.822246,475.07,18.23,55.1,0.0,20.75,7,6,81,1,3
2026-03-22 08:03:09.822246,478.84,16.89,42.81,0.0,29.51,8,6,81,1,3
2026-03-22 09:03:09.822246,484.99,11.59,42.26,0.0,22.0,9,6,81,1,3
2026-03-22 10:03:09.822246,560.47,18.48,48.59,8.1,17.83,10,6,81,1,3
2026-03-22 11:03:09.822246,609.92,10.75,58.0,0.0,16.86,11,6,81,1,3
2026-03-22 12:03:09.822246,637.57,15.07,57.36,0.0,20.0,12,6,81,1,3
2026-03-22 13:03:09.822246,472.08,18.44,48.17,0.0,11.68,13,6,81,1,3
2026-03-22 14:03:09.822246,595.2,17.5,47.4,0.0,7.74,14,6,81,1,3
2026-03-22 15:03:09.822246,708.01,11.81,49.2,0.0,0.0,15,6,81,1,3
2026-03-22 16:03:09.822246,468.79,21.17,52.1,0.0,7.2,16,6,81,1,3
2026-03-22 17:03:09.822246,566.66,15.61,55.23,0.0,3.92,17,6,81,1,3
2026-03-22 18:03:09.822246,401.49,18.9,39.87,0.0,0.0,18,6,81,1,3
2026-03-22 19:03:09.822246,403.48,22.83,55.42,0.0,7.51,19,6,81,1,3
2026-03-22 20:03:09.822246,432.06,20.77,45.67,0.0,0.89,20,6,81,1,3
2026-03-22 21:03:09.822246,472.29,20.78,48.75,0.0,4.71,21,6,81,1,3
2026-03-22 22:03:09.822246,427.84,16.14,56.06,0.0,12.34,22,6,81,1,3
2026-03-22 23:03:09.822246,437.14,19.15,49.71,0.0,14.73,23,6,81,1,3
2026-03-23 00:03:09.822246,576.58,16.49,51.24,0.0,15.39,0,0,82,0,3
2026-03-23 01:03:09.822246,564.77,9.38,38.19,0.0,16.23,1,0,82,0,3
2026-03-23 02:03:09.822246,546.33,16.94,57.07,0.0,17.61,2,0,82,0,3
2026-03-23 03:03:09.822246,557.55,16.71,49.04,0.0,17.7,3,0,82,0,3
2026-03-23 04:03:09.822246,557.3,18.34,43.34,0.0,22.23,4,0,82,0,3
2026-03-23 05:03:09.822246,577.05,14.79,53.09,0.0,29.96,5,0,82,0,3
2026-03-23 06:03:09.822246,557.99,11.62,67.96,0.0,19.47,6,0,82,0,3
2026-03-23 07:03:09.822246,518.05,18.71,30.39,0.0,11.75,7,0,82,0,3
2026-03-23 08:03:09.822246,683.5,8.86,34.05,0.0,19.94,8,0,82,0,3
2026-03-23 09:03:09.822246,563.37,22.72,68.94,0.0,29.7,9,0,82,0,3
2026-03-23 10:03:09.822246,673.96,14.27,46.35,0.0,18.0,10,0,82,0,3
2026-03-23 11:03:09.822246,646.43,16.65,43.99,0.0,17.66,11,0,82,0,3
2026-03-23 12:03:09.822246,663.49,18.22,40.93,0.0,15.39,12,0,82,0,3
2026-03-23 13:03:09.822246,621.58,18.38,54.17,0.0,8.99,13,0,82,0,3
2026-03-23 14:03:09.822246,609.27,8.38,68.2,0.0,16.75,14,0,82,0,3
2026-03-23 15:03:09.822246,519.95,19.55,35.43,0.0,6.74,15,0,82,0,3
2026-03-23 16:03:09.822246,562.01,16.94,41.11,0.0,11.71,16,0,82,0,3
2026-03-23 17:03:09.822246,527.0,12.25,38.58,0.0,5.6,17,0,82,0,3
2026-03-23 18:03:09.822246,586.68,11.68,49.41,0.0,5.46,18,0,82,0,3
2026-03-23 19:03:09.822246,624.18,13.76,54.31,0.0,0.18,19,0,82,0,3
2026-03-23 20:03:09.822246,570.88,8.93,58.29,35.57,11.44,20,0,82,0,3
2026-03-23 21:03:09.822246,483.92,24.04,49.75,0.0,7.01,21,0,82,0,3
2026-03-23 22:03:09.822246,449.16,22.86,67.28,0.0,10.69,22,0,82,0,3
2026-03-23 23:03:09.822246,566.04,17.68,36.34,0.0,20.91,23,0,82,0,3
2026-03-24 00:03:09.822246,620.64,14.56,33.59,0.0,16.37,0,1,83,0,3
2026-03-24 01:03:09.822246,630.52,14.69,56.63,0.0,18.48,1,1,83,0,3
2026-03-24 02:03:09.822246,578.63,19.46,43.16,0.0,24.91,2,1,83,0,3
2026-03-24 03:03:09.822246,567.31,24.46,28.17,0.0,25.4,3,1,83,0,3
2026-03-24 04:03:09.822246,613.02,12.82,38.77,0.0,21.35,4,1,83,0,3
2026-03-24 05:03:09.822246,563.72,10.08,44.49,0.0,21.78,5,1,83,0,3
2026-03-24 06:03:09.822246,552.16,23.41,35.47,1.88,27.23,6,1,83,0,3
2026-03-24 07:03:09.822246,589.81,6.74,31.79,0.0,21.9,7,1,83,0,3
2026-03-24 08:03:09.822246,557.74,10.63,39.86,0.0,23.89,8,1,83,0,3
2026-03-24 09:03:09.822246,581.55,14.44,31.29,0.0,15.8,9,1,83,0,3
2026-03-24 10:03:09.822246,646.68,7.87,48.28,0.0,28.42,10,1,83,0,3
2026-03-24 11:03:09.822246,640.96,21.23,22.49,0.0,14.43,11,1,83,0,3
2026-03-24 12:03:09.822246,714.14,19.96,42.84,0.0,17.99,12,1,83,0,3
2026-03-24 13:03:09.822246,647.29,12.8,47.13,0.0,15.57,13,1,83,0,3
2026-03-24 14:03:09.822246,664.07,22.07,41.03,0.0,18.71,14,1,83,0,3
2026-03-24 15:03:09.822246,592.68,22.92,52.87,0.0,9.52,15,1,83,0,3
2026-03-24 16:03:09.822246,577.1,15.11,28.23,0.0,4.37,16,1,83,0,3
2026-03-24 17:03:09.822246,504.36,13.42,34.92,0.0,5.15,17,1,83,0,3
2026-03-24 18:03:09.822246,498.24,26.97,38.63,0.0,0.66,18,1,83,0,3
2026-03-24 19:03:09.822246,541.94,19.28,49.06,0.0,11.95,19,1,83,0,3
2026-03-24 20:03:09.822246,543.55,16.95,44.12,0.0,4.75,20,1,83,0,3
2026-03-24 21:03:09.822246,594.53,22.49,63.37,0.0,16.72,21,1,83,0,3
2026-03-24 22:03:09.822246,564.26,17.18,33.88,0.0,6.72,22,1,83,0,3
2026-03-24 23:03:09.822246,526.78,13.14,27.98,0.0,25.29,23,1,83,0,3
2026-03-25 00:03:09.822246,618.97,16.32,59.68,0.0,11.59,0,2,84,0,3
2026-03-25 01:03:09.822246,534.11,21.11,27.48,0.0,13.92,1,2,84,0,3
2026-03-25 02:03:09.822246,653.68,5.96,48.62,0.0,16.8,2,2,84,0,3
2026-03-25 03:03:09.822246,502.87,14.48,32.0,0.0,18.73,3,2,84,0,3
2026-03-25 04:03:09.822246,586.26,22.84,21.09,0.0,25.52,4,2,84,0,3
2026-03-25 05:03:09.822246,545.49,13.36,38.04,0.0,20.54,5,2,84,0,3
2026-03-25 06:03:09.822246,531.47,23.65,50.78,0.0,19.25,6,2,84,0,3
2026-03-25 07:03:09.822246,477.98,22.99,29.57,0.0,20.12,7,2,84,0,3
2026-03-25 08:03:09.822246,650.88,15.59,47.55,7.61,33.79,8,2,84,0,3
2026-03-25 09:03:09.822246,707.42,13.08,49.42,0.0,16.42,9,2,84,0,3
2026-03-25 10:03:09.822246,656.34,14.48,29.07,0.0,20.94,10,2,84,0,3
2026-03-25 11:03:09.822246,694.69,29.24,39.51,0.0,13.0,11,2,84,0,3
2026-03-25 12:03:09.822246,522.14,25.29,57.56,0.0,17.3,12,2,84,0,3
2026-03-25 13:03:09.822246,591.44,16.55,48.29,2.43,13.2,13,2,84,0,3
2026-03-25 14:03:09.822246,632.87,12.88,39.17,0.0,18.32,14,2,84,0,3
2026-03-25 15:03:09.822246,653.34,16.51,45.94,0.0,5.72,15,2,84,0,3
2026-03-25 16:03:09.822246,663.09,17.14,34.94,0.0,8.47,16,2,84,0,3
2026-03-25 17:03:09.822246,604.92,9.7,52.92,0.0,10.57,17,2,84,0,3
2026-03-25 18:03:09.822246,577.12,16.32,52.92,0.0,3.16,18,2,84,0,3
2026-03-25 19:03:09.822246,524.96,22.53,43.0,0.0,6.4,19,2,84,0,3
2026-03-25 20:03:09.822246,537.67,6.92,44.09,0.0,0.0,20,2,84,0,3
2026-03-25 21:03:09.822246,396.34,20.05,31.8,0.0,10.16,21,2,84,0,3
2026-03-25 22:03:09.822246,558.69,22.79,28.27,0.0,10.91,22,2,84,0,3
2026-03-25 23:03:09.822246,563.6,13.12,38.02,0.0,8.61,23,2,84,0,3
2026-03-26 00:03:09.822246,521.13,24.64,40.77,0.0,8.82,0,3,85,0,3
2026-03-26 01:03:09.822246,455.01,12.72,52.27,0.0,16.21,1,3,85,0,3
2026-03-26 02:03:09.822246,561.29,18.38,50.87,0.0,14.05,2,3,85,0,3
2026-03-26 03:03:09.822246,534.93,14.64,43.5,0.0,22.56,3,3,85,0,3
2026-03-26 04:03:09.822246,579.81,14.63,53.55,0.0,26.76,4,3,85,0,3
2026-03-26 05:03:09.822246,630.68,13.08,32.21,0.0,15.89,5,3,85,0,3
2026-03-26 06:03:09.822246,403.88,19.66,52.42,0.0,20.8,6,3,85,0,3
2026-03-26 07:03:09.822246,497.87,20.41,33.74,0.0,32.7,7,3,85,0,3
2026-03-26 08:03:09.822246,620.74,15.85,54.05,0.0,26.71,8,3,85,0,3
2026-03-26 09:03:09.822246,741.97,9.37,41.51,0.0,14.98,9,3,85,0,3
2026-03-26 10:03:09.822246,533.98,18.19,21.67,0.0,17.54,10,3,85,0,3
2026-03-26 11:03:09.822246,732.34,18.28,48.95,0.0,8.54,11,3,85,0,3
2026-03-26 12:03:09.822246,683.53,15.09,49.74,0.0,20.72,12,3,85,0,3
2026-03-26 13:03:09.822246,672.84,25.51,37.08,0.0,12.33,13,3,85,0,3
2026-03-26 14:03:09.822246,664.38,8.35,37.94,0.0,10.66,14,3,85,0,3
2026-03-26 15:03:09.822246,628.37,5.08,40.05,0.0,13.89,15,3,85,0,3
2026-03-26 16:03:09.822246,685.44,12.52,22.4,0.0,5.19,16,3,85,0,3
2026-03-26 17:03:09.822246,499.98,19.72,20.0,0.0,6.71,17,3,85,0,3
2026-03-26 18:03:09.822246,577.5,10.89,54.66,0.0,10.44,18,3,85,0,3
2026-03-26 19:03:09.822246,559.48,11.26,33.41,0.0,1.25,19,3,85,0,3
2026-03-26 20:03:09.822246,475.1,20.92,60.2,0.0,0.1,20,3,85,0,3
2026-03-26 21:03:09.822246,627.66,18.48,55.35,0.0,16.9,21,3,85,0,3
2026-03-26 22:03:09.822246,577.66,18.06,57.32,0.0,6.3,22,3,85,0,3
2026-03-26 23:03:09.822246,561.48,20.08,35.15,0.0,0.61,23,3,85,0,3
2026-03-27 00:03:09.822246,622.45,14.29,25.43,0.0,11.39,0,4,86,0,3
2026-03-27 01:03:09.822246,439.88,14.52,30.65,0.0,14.21,1,4,86,0,3
2026-03-27 02:03:09.822246,618.82,20.47,37.05,0.0,30.1,2,4,86,0,3
2026-03-27 03:03:09.822246,452.38,9.7,20.0,0.0,24.82,3,4,86,0,3
2026-03-27 04:03:09.822246,546.63,5.71,36.76,0.0,22.6,4,4,86,0,3
2026-03-27 05:03:09.822246,519.55,14.25,39.5,0.0,21.21,5,4,86,0,3
2026-03-27 06:03:09.822246,544.83,21.07,28.57,0.0,28.41,6,4,86,0,3
2026-03-27 07:03:09.822246,600.32,17.7,31.11,0.0,29.92,7,4,86,0,3
2026-03-27 08:03:09.822246,582.45,20.71,39.31,0.0,26.15,8,4,86,0,3
2026-03-27 09:03:09.822246,653.67,6.34,45.08,0.0,26.68,9,4,86,0,3
2026-03-27 10:03:09.822246,555.36,18.0,32.61,0.0,27.75,10,4,86,0,3
2026-03-27 11:03:09.822246,543.34,19.69,44.44,0.0,18.06,11,4,86,0,3
2026-03-27 12:03:09.822246,708.32,9.67,42.88,0.0,12.46,12,4,86,0,3
2026-03-27 13:03:09.822246,634.56,20.73,41.98,0.0,10.26,13,4,86,0,3
2026-03-27 14:03:09.822246,729.14,15.86,34.99,0.0,16.26,14,4,86,0,3
2026-03-27 15:03:09.822246,605.44,31.78,28.18,0.0,11.58,15,4,86,0,3
2026-03-27 16:03:09.822246,678.91,5.53,58.48,0.0,7.08,16,4,86,0,3
2026-03-27 17:03:09.822246,564.71,23.27,47.82,0.0,2.64,17,4,86,0,3
2026-03-27 18:03:09.822246,639.3,14.45,51.57,0.0,0.96,18,4,86,0,3
2026-03-27 19:03:09.822246,632.15,8.33,40.68,0.0,5.34,19,4,86,0,3
2026-03-27 20:03:09.822246,533.63,13.79,39.87,0.0,1.35,20,4,86,0,3
2026-03-27 21:03:09.822246,526.36,17.81,46.42,0.0,6.79,21,4,86,0,3
2026-03-27 22:03:09.822246,579.8,21.61,23.17,0.0,15.97,22,4,86,0,3
2026-03-27 23:03:09.822246,567.33,25.03,30.37,0.0,11.76,23,4,86,0,3
2026-03-28 00:03:09.822246,431.88,23.78,33.41,7.22,13.81,0,5,87,1,3
2026-03-28 01:03:09.822246,400.98,11.84,36.84,0.0,18.3,1,5,87,1,3
2026-03-28 02:03:09.822246,405.93,22.32,32.59,0.0,24.83,2,5,87,1,3
2026-03-28 03:03:09.822246,524.8,18.63,44.71,0.0,31.09,3,5,87,1,3
2026-03-28 04:03:09.822246,510.99,13.4,42.2,0.0,17.87,4,5,87,1,3
2026-03-28 05:03:09.822246,400.32,15.61,55.31,0.0,30.67,5,5,87,1,3
2026-03-28 06:03:09.822246,427.15,13.12,66.12,0.0,29.01,6,5,87,1,3
2026-03-28 07:03:09.822246,502.74,16.86,28.76,0.0,18.49,7,5,87,1,3
2026-03-28 08:03:09.822246,460.18,13.02,42.86,2.5,18.78,8,5,87,1,3
2026-03-28 09:03:09.822246,558.98,11.53,42.84,0.0,26.85,9,5,87,1,3
2026-03-28 10:03:09.822246,470.04,19.07,41.24,0.0,22.77,10,5,87,1,3
2026-03-28 11:03:09.822246,618.59,19.81,30.54,0.0,8.92,11,5,87,1,3
2026-03-28 12:03:09.822246,512.18,15.73,32.21,0.0,10.85,12,5,87,1,3
2026-03-28 13:03:09.822246,623.1,23.51,43.79,0.0,15.08,13,5,87,1,3
2026-03-28 14:03:09.822246,566.66,15.37,31.93,0.0,14.64,14,5,87,1,3
2026-03-28 15:03:09.822246,558.12,15.16,42.98,0.0,9.92,15,5,87,1,3
2026-03-28 16:03:09.822246,352.56,19.97,38.93,0.0,0.0,16,5,87,1,3
2026-03-28 17:03:09.822246,377.84,16.01,42.8,0.0,1.74,17,5,87,1,3
2026-03-28 18:03:09.822246,446.46,17.1,31.85,0.0,0.11,18,5,87,1,3
2026-03-28 19:03:09.822246,506.55,4.07,42.96,0.0,8.8,19,5,87,1,3
2026-03-28 20:03:09.822246,396.81,16.75,32.58,0.0,4.01,20,5,87,1,3
2026-03-28 21:03:09.822246,452.07,7.54,42.99,0.0,10.6,21,5,87,1,3
2026-03-28 22:03:09.822246,515.32,10.57,54.78,0.0,10.86,22,5,87,1,3
2026-03-28 23:03:09.822246,529.89,9.99,44.0,0.0,6.57,23,5,87,1,3
2026-03-29 00:03:09.822246,482.13,11.71,44.48,0.0,19.41,0,6,88,1,3
2026-03-29 01:03:09.822246,519.29,14.18,49.43,0.0,23.41,1,6,88,1,3
2026-03-29 02:03:09.822246,380.52,14.49,27.23,0.0,24.67,2,6,88,1,3
2026-03-29 03:03:09.822246,407.38,20.24,58.45,0.0,23.15,3,6,88,1,3
2026-03-29 04:03:09.822246,522.48,18.04,30.71,0.0,23.19,4,6,88,1,3
2026-03-29 05:03:09.822246,501.37,7.42,50.06,0.0,21.6,5,6,88,1,3
2026-03-29 06:03:09.822246,425.46,17.34,48.73,0.0,31.33,6,6,88,1,3
2026-03-29 07:03:09.822246,583.3,18.51,32.24,0.0,32.75,7,6,88,1,3
2026-03-29 08:03:09.822246,456.71,15.28,51.35,0.0,20.37,8,6,88,1,3
2026-03-29 09:03:09.822246,538.46,16.62,46.24,0.0,16.63,9,6,88,1,3
2026-03-29 10:03:09.822246,588.33,17.87,60.16,0.0,14.79,10,6,88,1,3
2026-03-29 11:03:09.822246,546.91,20.75,43.2,0.0,12.77,11,6,88,1,3
2026-03-29 12:03:09.822246,643.81,9.05,40.18,0.0,16.65,12,6,88,1,3
2026-03-29 13:03:09.822246,546.04,15.7,36.11,0.0,5.83,13,6,88,1,3
2026-03-29 14:03:09.822246,515.68,24.47,23.83,0.0,7.2,14,6,88,1,3
2026-03-29 15:03:09.822246,546.05,24.01,38.08,7.81,5.27,15,6,88,1,3
2026-03-29 16:03:09.822246,519.2,21.18,38.5,0.0,7.21,16,6,88,1,3
2026-03-29 17:03:09.822246,569.17,19.61,43.88,0.0,4.31,17,6,88,1,3
2026-03-29 18:03:09.822246,566.75,25.2,27.03,0.0,7.24,18,6,88,1,3
2026-03-29 19:03:09.822246,477.1,26.51,38.87,0.0,4.76,19,6,88,1,3
2026-03-29 20:03:09.822246,522.44,16.28,47.02,0.0,7.34,20,6,88,1,3
2026-03-29 21:03:09.822246,437.79,12.08,48.02,0.0,17.59,21,6,88,1,3
2026-03-29 22:03:09.822246,505.8,15.57,22.66,0.0,10.68,22,6,88,1,3
2026-03-29 23:03:09.822246,488.68,32.41,48.33,0.0,13.75,23,6,88,1,3
2026-03-30 00:03:09.822246,586.95,9.33,38.68,0.0,27.11,0,0,89,0,3
2026-03-30 01:03:09.822246,566.64,14.82,39.29,0.0,16.84,1,0,89,0,3
2026-03-30 02:03:09.822246,490.31,10.11,20.0,0.0,27.34,2,0,89,0,3
2026-03-30 03:03:09.822246,451.81,17.8,56.08,0.0,28.22,3,0,89,0,3
2026-03-30 04:03:09.822246,577.1,11.16,42.91,0.0,18.97,4,0,89,0,3
2026-03-30 05:03:09.822246,448.03,16.63,25.83,0.0,25.4,5,0,89,0,3
2026-03-30 06:03:09.822246,637.04,7.43,44.9,0.0,28.2,6,0,89,0,3
2026-03-30 07:03:09.822246,600.0,20.26,44.59,0.0,29.37,7,0,89,0,3
2026-03-30 08:03:09.822246,624.79,23.29,53.37,0.0,19.72,8,0,89,0,3
2026-03-30 09:03:09.822246,540.03,15.26,38.05,0.0,18.11,9,0,89,0,3
2026-03-30 10:03:09.822246,730.12,16.5,41.26,0.0,24.45,10,0,89,0,3
2026-03-30 11:03:09.822246,711.77,16.36,34.72,0.0,12.53,11,0,89,0,3
2026-03-30 12:03:09.822246,627.53,18.08,47.12,0.0,13.38,12,0,89,0,3
2026-03-30 13:03:09.822246,658.35,16.99,33.31,0.0,5.28,13,0,89,0,3
2026-03-30 14:03:09.822246,630.47,21.02,32.21,0.0,5.85,14,0,89,0,3
2026-03-30 15:03:09.822246,625.41,23.34,40.47,0.0,6.71,15,0,89,0,3
2026-03-30 16:03:09.822246,594.61,13.11,28.89,0.0,5.64,16,0,89,0,3
2026-03-30 17:03:09.822246,603.31,15.63,57.17,0.0,6.05,17,0,89,0,3
2026-03-30 18:03:09.822246,558.18,21.68,60.42,0.0,4.34,18,0,89,0,3
2026-03-30 19:03:09.822246,664.13,10.07,36.61,3.03,9.88,19,0,89,0,3
2026-03-30 20:03:09.822246,485.12,7.32,27.28,0.0,12.57,20,0,89,0,3
2026-03-30 21:03:09.822246,508.57,18.31,44.51,0.0,4.44,21,0,89,0,3
2026-03-30 22:03:09.822246,393.51,19.66,36.32,0.0,1.63,22,0,89,0,3
2026-03-30 23:03:09.822246,629.3,13.57,52.89,0.0,14.51,23,0,89,0,3
2026-03-31 00:03:09.822246,548.48,14.54,33.16,0.0,20.11,0,1,90,0,3
2026-03-31 01:03:09.822246,475.05,13.63,46.48,0.0,13.71,1,1,90,0,3
2026-03-31 02:03:09.822246,607.26,13.1,42.17,0.0,18.47,2,1,90,0,3
2026-03-31 03:03:09.822246,600.54,20.9,34.27,0.0,26.92,3,1,90,0,3
2026-03-31 04:03:09.822246,627.16,11.53,43.43,0.0,29.2,4,1,90,0,3
2026-03-31 05:03:09.822246,554.43,16.1,49.82,2.23,27.01,5,1,90,0,3
2026-03-31 06:03:09.822246,571.84,12.9,41.9,0.0,25.19,6,1,90,0,3
2026-03-31 07:03:09.822246,642.79,10.15,42.01,0.0,22.24,7,1,90,0,3
2026-03-31 08:03:09.822246,535.43,21.78,32.3,0.0,24.77,8,1,90,0,3
2026-03-31 09:03:09.822246,643.08,14.83,52.47,0.0,22.5,9,1,90,0,3
2026-03-31 10:03:09.822246,550.27,18.37,51.48,0.0,23.32,10,1,90,0,3
2026-03-31 11:03:09.822246,603.16,9.89,36.93,0.0,19.61,11,1,90,0,3
2026-03-31 12:03:09.822246,624.18,13.72,39.79,0.0,8.09,12,1,90,0,3
2026-03-31 13:03:09.822246,646.95,21.21,55.17,0.0,11.7,13,1,90,0,3
2026-03-31 14:03:09.822246,668.47,30.37,29.7,3.63,16.53,14,1,90,0,3
2026-03-31 15:03:09.822246,698.08,7.55,47.08,3.55,0.0,15,1,90,0,3
2026-03-31 16:03:09.822246,580.98,16.43,35.45,0.37,0.0,16,1,90,0,3
2026-03-31 17:03:09.822246,593.47,19.49,58.81,0.0,0.32,17,1,90,0,3
2026-03-31 18:03:09.822246,498.39,14.35,41.67,0.0,8.32,18,1,90,0,3
2026-03-31 19:03:09.822246,507.93,21.68,53.64,0.0,2.85,19,1,90,0,3
2026-03-31 20:03:09.822246,578.4,13.1,33.42,0.0,6.92,20,1,90,0,3
2026-03-31 21:03:09.822246,536.9,18.2,28.55,0.0,10.4,21,1,90,0,3
2026-03-31 22:03:09.822246,564.13,14.82,38.69,0.0,12.44,22,1,90,0,3
2026-03-31 23:03:09.822246,517.46,23.53,43.66,0.0,9.1,23,1,90,0,3
2026-04-01 00:03:09.822246,519.18,14.3,35.82,0.0,13.42,0,2,91,0,4
2026-04-01 01:03:09.822246,709.68,15.93,48.51,0.0,16.59,1,2,91,0,4
2026-04-01 02:03:09.822246,558.2,22.41,38.83,0.0,28.28,2,2,91,0,4
2026-04-01 03:03:09.822246,551.83,12.55,20.11,0.0,21.01,3,2,91,0,4
2026-04-01 04:03:09.822246,507.84,18.03,46.45,0.0,26.74,4,2,91,0,4
2026-04-01 05:03:09.822246,549.66,8.57,32.1,0.0,28.24,5,2,91,0,4
2026-04-01 06:03:09.822246,528.19,12.25,37.31,0.0,30.48,6,2,91,0,4
2026-04-01 07:03:09.822246,586.71,19.6,56.46,0.0,29.07,7,2,91,0,4
2026-04-01 08:03:09.822246,511.71,12.73,58.65,0.0,23.94,8,2,91,0,4
2026-04-01 09:03:09.822246,516.78,14.96,35.17,0.0,24.54,9,2,91,0,4
2026-04-01 10:03:09.822246,581.55,20.15,46.7,0.0,32.46,10,2,91,0,4
2026-04-01 11:03:09.822246,667.59,14.79,35.4,0.0,13.9,11,2,91,0,4
2026-04-01 12:03:09.822246,590.7,21.8,38.06,0.0,12.48,12,2,91,0,4
2026-04-01 13:03:09.822246,702.06,18.76,34.87,0.0,6.66,13,2,91,0,4
2026-04-01 14:03:09.822246,518.4,19.86,23.68,0.0,10.93,14,2,91,0,4
2026-04-01 15:03:09.822246,577.73,23.89,41.88,0.0,5.61,15,2,91,0,4
2026-04-01 16:03:09.822246,686.58,19.28,43.81,0.0,1.04,16,2,91,0,4
2026-04-01 17:03:09.822246,559.79,25.38,34.22,0.0,5.38,17,2,91,0,4
2026-04-01 18:03:09.822246,576.47,22.24,51.8,0.0,0.0,18,2,91,0,4
2026-04-01 19:03:09.822246,602.62,15.07,36.57,0.0,11.63,19,2,91,0,4
2026-04-01 20:03:09.822246,541.25,24.15,34.55,0.0,11.54,20,2,91,0,4
2026-04-01 21:03:09.822246,473.35,19.0,46.19,0.0,16.76,21,2,91,0,4
2026-04-01 22:03:09.822246,526.76,15.71,25.5,0.0,23.28,22,2,91,0,4
2026-04-01 23:03:09.822246,442.88,19.08,49.99,0.0,4.27,23,2,91,0,4
2026-04-02 00:03:09.822246,514.87,23.5,36.8,0.0,14.19,0,3,92,0,4
2026-04-02 01:03:09.822246,552.21,20.22,50.72,0.0,24.05,1,3,92,0,4
2026-04-02 02:03:09.822246,574.31,27.05,53.71,0.0,26.35,2,3,92,0,4
2026-04-02 03:03:09.822246,556.22,23.37,47.23,0.0,26.37,3,3,92,0,4
2026-04-02 04:03:09.822246,465.63,20.56,32.71,0.0,18.43,4,3,92,0,4
2026-04-02 05:03:09.822246,468.54,12.81,28.32,0.0,26.06,5,3,92,0,4
2026-04-02 06:03:09.822246,615.43,17.04,26.48,0.0,30.3,6,3,92,0,4
2026-04-02 07:03:09.822246,507.9,18.3,51.85,0.0,22.94,7,3,92,0,4
2026-04-02 08:03:09.822246,585.89,21.42,39.48,0.0,19.85,8,3,92,0,4
2026-04-02 09:03:09.822246,573.91,21.13,34.83,0.0,20.69,9,3,92,0,4
2026-04-02 10:03:09.822246,674.08,18.79,39.5,0.0,17.17,10,3,92,0,4
